registro_id,maquina,idade_maquina_anos,vibracao_motor_mm_s,velocidade_esteira_m_min,umidade_pct,tamanho_lote,tempo_setup_min,paradas_nao_planejadas,taxa_defeitos_pct,energia_sensor_b_kwh,codigo_campanha,ruido_aleatorio,consumo_energia_kwh,falha_24h,data_registro_pad,temperatura_c,pressao_bar,linha_producao_pad,turno_pad
REG-00000,M05,10,2.826,42.87,60.76,1958.0,34.68,3,2.044,550.54,C99,-1.0691204379907002,540.04,1,2025-01-01 00:00:00,764.04,5.925,C,tarde
REG-00001,M05,13,3.252,36.85,25.79,3569.0,48.07,2,2.443,584.19,X00,0.2570964007050288,576.34,0,2025-01-01 06:00:00,784.92,6.12225761524566,B,tarde
REG-00002,M02,10,3.003,40.38,79.18,2014.0,26.37,0,2.15,484.3,X00,-1.518390053038153,477.44,0,2025-01-01 12:00:00,751.23,5.337,C,noite
REG-00003,M07,9,2.526,35.66,61.34,2943.0,49.33,0,1.956,541.6,X00,-0.0940830195714273,521.25,0,2025-01-01 18:00:00,792.82,6.539,B,noite
REG-00004,M06,8,2.431,44.73,63.36,2728.0,21.74,1,2.022,443.83,B07,1.095612037126704,443.24,0,2025-01-02 00:00:00,741.9055555555556,3.996263048304582,A,manha
REG-00005,M07,4,2.788,42.75,53.28,2411.0,41.74,0,1.938,497.17,C99,0.5475538789942053,483.53,0,2025-02-01 06:00:00,743.73,4.695,C,manha
REG-00006,M04,5,3.37,34.59,32.74,1329.0,24.78,1,1.989,480.89,A12,-1.2339500495908844,471.29,0,2025-01-02 12:00:00,750.38,5.194,C,tarde
REG-00007,M08,12,2.518,43.58,63.1,3220.0,44.82,1,3.672,468.02,C99,-1.898386382837097,467.86,0,2025-01-02 18:00:00,727.46,4.399,C,tarde
REG-00008,M04,2,1.193,41.75,48.22,4958.0,44.65,2,3.209,548.14,C99,0.496944580460768,548.53,0,2025-03-01 00:00:00,738.43,4.939,A,manha
REG-00009,M07,2,1.329,44.32,61.53,3502.0,65.05,0,2.57,545.62,X00,1.5811987953584126,550.96,0,2025-01-03 06:00:00,-50.0,7.522,B,tarde
REG-00010,M02,6,2.526,40.24,52.37,3932.0,29.26,0,0.836,479.53,A12,-0.9639460368701672,468.62,0,2025-01-03 12:00:00,769.93,5.685,A,noite
REG-00011,M02,12,3.463,38.39,57.86,4174.0,47.6,1,3.238,532.46,X00,2.097404078176361,512.27,0,2025-03-01 18:00:00,727.18,4.145,A,noite
REG-00012,M05,10,3.066,38.53,45.7,960.0,38.31,2,3.722,490.13,C99,-0.0064932881690004,489.39,0,2025-01-04 00:00:00,764.6800000000001,5.561921703277761,B,tarde
REG-00013,M05,9,2.747,39.58,65.37,4129.0,35.36,0,1.27,542.27,A12,-1.958693533674366,549.04,0,2025-01-04 06:00:00,753.98,5.205,C,tarde
REG-00014,M06,9,2.908,42.08,40.74,1818.0,37.22,0,2.822,508.43,X00,-1.560880356713502,497.51,0,2025-04-01 12:00:00,801.1,6.678,B,manha
REG-00015,M03,2,1.449,42.67,81.95,3592.0,47.29,0,1.575,539.37,B07,0.7699491493714125,532.77,0,2025-01-04 18:00:00,764.64,5.537031674457729,A,tarde
REG-00016,M07,5,2.04,41.14,81.86,4932.0,35.14,1,2.647,547.52,B07,0.1295680408350344,545.05,0,2025-01-05 00:00:00,796.53,7.38,B,manha
REG-00017,M03,2,1.751,40.1,74.59,4555.0,64.39,1,1.626,522.86,A12,1.4822209657932637,522.73,0,2025-05-01 06:00:00,774.33,5.146,A,tarde
REG-00018,M05,12,2.526,40.42,70.31,2540.0,54.39,0,2.502,529.14,A12,-1.198124766698186,523.2,1,2025-01-05 12:00:00,764.6800000000001,5.349,C,noite
REG-00019,M08,12,2.537,41.85249999999999,53.99,4319.0,37.28,1,2.515,520.44,A12,0.1184947981637795,509.04,0,2025-01-05 18:00:00,748.96,5.648018277715403,A,manha
REG-00020,M05,4,1.515,38.53,69.0,3398.0,35.4,0,2.963,496.18,B07,0.0067610613883565,491.44,0,2025-06-01 00:00:00,789.88,6.123,B,manha
REG-00021,M06,5,2.494,39.49,53.85,1359.0,31.38,1,2.594,446.46,B07,-0.1430145230572419,449.23,0,2025-01-06 06:00:00,748.97,5.484,A,manha
REG-00022,M08,5,2.26,56.82,36.36,1807.0,50.6,0,2.18,505.04,B07,-0.3826072286469925,498.03,0,2025-01-06 12:00:00,766.5333333333333,5.981,C,noite
REG-00023,M08,14,2.526,43.89,73.04,4818.0,32.13,0,3.897,554.29,C99,-0.3626993755384807,537.86,0,2025-06-01 18:00:00,741.34,4.924,C,tarde
REG-00024,M04,8,1.712,35.79,54.67554680664917,4643.0,28.51,0,3.09,523.38,X00,0.1746458242803744,515.32,0,2025-01-07 00:00:00,746.188888888889,4.991,C,manha
REG-00025,M04,12,2.392,45.79,54.62,4545.0,42.3,1,3.399,583.99,X00,0.3025810278382157,574.82,0,2025-01-07 06:00:00,769.34,5.741,A,noite
REG-00026,M02,7,2.708,37.9,40.3,2413.0,51.6,2,3.318,586.21,B07,0.2525728501032434,512.27,0,2025-07-01 12:00:00,783.23,6.16,B,tarde
REG-00027,M05,11,1.68,46.09,47.97,2147.0,63.0,0,1.391,471.05,X00,1.2059875089071193,471.1,0,2025-01-07 18:00:00,775.2833333333333,5.931,A,tarde
REG-00028,M08,8,3.091,41.85249999999999,33.15,4185.0,61.17,0,2.579,521.91,C99,-1.2012785122887206,521.47,0,2025-01-08 00:00:00,758.2,5.38,A,noite
REG-00029,M04,5,2.526,40.02,66.34,884.0,47.36,0,2.126,421.9,B07,-1.811683534504736,512.27,0,2025-08-01 06:00:00,761.32,5.627835463809484,B,manha
REG-00030,M03,14,3.7,49.24,35.76,4569.0,50.81,0,4.639,592.59,A12,1.016965054387864,574.52,0,2025-01-08 12:00:00,801.9000000000001,7.021,B,manha
REG-00031,M01,11,2.53,44.55,58.44,3336.0,57.74,1,1.301,540.44,B07,-0.9435250409089916,528.8,0,2025-01-08 18:00:00,774.88,5.516,C,tarde
REG-00032,M04,12,3.532,46.38,44.88,3457.0,35.67,1,3.273,507.85,A12,-0.3794758186151776,499.7,0,2025-09-01 00:00:00,741.3,4.571422661647293,A,manha
REG-00033,M02,15,2.526,43.96,37.88,2641.0,30.86,1,2.437,516.11,A12,-0.6120996398827769,506.15,0,2025-01-09 06:00:00,773.2333333333332,5.285,A,noite
REG-00034,M08,4,0.997,40.0,57.86,4913.0,45.04,0,2.047,543.18,X00,-0.6335123220917724,532.47,0,2025-01-09 12:00:00,759.63,5.792,B,manha
REG-00035,M05,2,2.073,44.75,50.99,3948.0,25.33,1,2.566,461.44,A12,-1.4582640382249243,460.41,0,2025-09-01 18:00:00,733.68,4.798,A,manha
REG-00036,M02,9,2.526,47.44,65.06,1026.0,45.02,2,2.377,480.8,C99,-0.5695275877347149,476.26,0,2025-01-10 00:00:00,773.6111111111111,6.085,A,manha
REG-00037,M01,5,2.342,42.61,39.79,3003.0,42.44,0,0.851,498.65,A12,0.6493311122795312,495.02,0,2025-01-10 06:00:00,755.33,4.859,B,tarde
REG-00038,M07,7,2.317,50.11,45.91,4410.0,46.38,0,2.289,588.62,C99,-0.0039314396099758,512.27,0,2025-10-01 12:00:00,771.68,6.475,A,manha
REG-00039,M08,4,2.078,45.83,26.35,1121.0,51.05,0,1.765,498.14,X00,0.5045071285069141,512.27,0,2025-01-10 18:00:00,768.45,5.54,B,manha
REG-00040,M07,6,1.87,41.85249999999999,28.79,3894.0,52.18,0,2.033,521.3,B07,-0.4960819974448485,512.27,0,2025-01-11 00:00:00,777.19,6.075,B,noite
REG-00041,M01,6,2.631,43.13,76.58,1827.0,44.54,2,3.672,483.86,A12,0.9028459907819298,465.95,0,2025-11-01 06:00:00,750.38,5.51,C,manha
REG-00042,M01,6,1.628,42.62,80.0,2927.0,36.9,2,2.573,563.62,A12,-0.5083618753435353,545.52,0,2025-01-11 12:00:00,796.46,6.248,B,tarde
REG-00043,M02,12,3.619,36.37,56.11,4506.0,50.69,1,3.2,529.2,X00,-2.108557300525894,532.26,0,2025-01-11 18:00:00,740.13,4.712558088225155,A,manha
REG-00044,M07,9,2.486,41.59,45.11,2867.0,38.65,1,1.827,490.99,A12,0.3166237929262971,485.49,1,2025-12-01 00:00:00,768.92,5.830265171885989,C,tarde
REG-00045,M07,8,1.909,43.0,51.42,958.0,42.24,1,2.457,448.84,B07,0.7673847690286804,442.34,0,2025-01-12 06:00:00,745.04,6.051,C,manha
REG-00046,M07,2,2.478,40.13,65.48,887.0,68.82,0,3.742,481.41,X00,-0.5592390124192269,469.47,0,2025-01-12 12:00:00,764.6800000000001,5.167,A,tarde
REG-00047,M01,9,2.64,43.52,48.83,3894.0,47.99,1,2.18,521.98,C99,1.199206267408414,516.03,0,2025-12-01 18:00:00,751.9444444444445,5.82,A,manha
REG-00048,M02,3,2.748,41.85249999999999,57.85,4709.0,44.0,0,2.637,550.97,X00,-0.85069218770483,543.61,0,2025-01-13 00:00:00,805.86,7.298,B,noite
REG-00049,M08,5,2.7,45.48,54.85,2026.0,32.53,1,4.0,476.85,X00,0.6707268128673335,473.44,0,2025-01-13 06:00:00,793.18,6.624,A,noite
REG-00050,M08,7,2.051,44.98,48.17,4728.0,55.64,0,1.387,563.34,C99,1.7447759421571496,546.75,0,2025-01-13 12:00:00,767.91,5.391,A,manha
REG-00051,M06,3,1.852,42.75,48.69,2701.0,47.72,0,1.476,482.11,X00,0.0367309843715498,486.36,0,2025-01-13 18:00:00,733.57,5.078117458872847,A,manha
REG-00052,M01,6,2.334,35.85,58.52,1046.0,51.41,0,1.442,530.12,A12,-0.2264830860230257,525.65,0,2025-01-14 00:00:00,751.83,4.731,C,manha
REG-00053,M01,5,2.837,50.06,54.67554680664917,3030.0,43.58,1,2.16,492.14,A12,-0.1056716754740649,499.4,0,2025-01-14 06:00:00,801.3166666666666,7.299742136543526,B,tarde
REG-00054,M01,13,3.387,41.36,60.42,4889.0,63.01,2,1.59,605.98,B07,1.628295386951797,605.14,0,2025-01-14 12:00:00,786.06,6.352,B,manha
REG-00055,M06,13,3.269,41.64,49.34,1850.0,65.86,0,1.574,532.17,X00,0.4027825737911772,521.8,0,2025-01-14 18:00:00,765.13,4.726,C,noite
REG-00056,M07,1,1.54,40.46,56.53,4834.0,39.6,0,2.24,514.06,C99,2.1442026772186717,503.81,0,2025-01-15 00:00:00,787.54,6.207,B,noite
REG-00057,M06,10,2.777,39.8,71.61,3538.0,45.62,2,3.197,559.28,B07,0.2792513879440206,553.48,0,2025-01-15 06:00:00,779.7,6.319792054496063,B,noite
REG-00058,M03,10,3.387,48.95,52.98,2463.0,57.73,1,2.711,566.82,A12,-0.653796659903744,549.59,0,2025-01-15 12:00:00,757.05,5.329,A,tarde
REG-00059,M07,6,2.282,48.24,66.04,3712.0,31.35,1,3.294,519.13,X00,-0.58350693521321,500.78,0,2025-01-15 18:00:00,728.84,4.815,A,noite
REG-00060,M01,8,2.362,44.0,33.5,2483.0,35.98,1,1.489,539.79,X00,0.0616072654929471,532.36,1,2025-01-16 00:00:00,779.11,5.776,B,manha
REG-00061,M07,12,2.526,41.52,49.36,1157.0,48.76,1,3.22,466.66,A12,-2.041322615969686,457.79,0,2025-01-16 06:00:00,764.6800000000001,5.923,B,tarde
REG-00062,M08,6,2.031,44.79,54.67554680664917,4457.0,21.3,0,3.105,482.64,B07,-0.4749898367206276,479.08,0,2025-01-16 12:00:00,764.6800000000001,6.166,B,manha
REG-00063,M06,1,0.999,42.33,78.08,2370.0,46.13,0,3.109,519.25,C99,-0.4527978340497681,506.63,0,2025-01-16 18:00:00,726.92,4.519,C,noite
REG-00064,M08,6,1.942,41.14,31.48,3176.0,30.65,1,3.057,527.9,A12,0.2397897554188664,529.51,0,2025-01-17 00:00:00,797.6111111111111,5.648018277715403,B,manha
REG-00065,M05,4,2.694,41.85249999999999,53.85,3926.0,34.14,0,2.551,561.61,C99,1.9418182204014496,539.16,0,2025-01-17 06:00:00,817.98,7.669,B,noite
REG-00066,M04,6,2.187,40.01,72.48,1148.0,39.64,0,2.568,513.81,X00,0.0548164884091793,497.23,0,2025-01-17 12:00:00,774.41,5.635,B,manha
REG-00067,M03,4,2.337,43.14,45.58,3830.0,40.27,0,2.855,465.46,X00,-1.9226590871263651,468.03,0,2025-01-17 18:00:00,761.89,5.666,A,noite
REG-00068,M08,3,0.775,42.92,52.45,2334.0,34.48,3,2.386,533.51,X00,-0.9139076498769614,531.84,0,2025-01-18 00:00:00,773.56,5.931,A,tarde
REG-00069,M06,15,3.706,44.71,58.98,3087.0,52.19,0,3.606,578.29,X00,0.2622878618709137,566.42,0,2025-01-18 06:00:00,822.58,6.833,B,tarde
REG-00070,M02,2,1.687,39.21,57.21,2719.0,36.68,0,2.102,464.22,B07,0.0929947596786971,460.03,0,2025-01-18 12:00:00,744.57,4.575559508542589,A,noite
REG-00071,M08,11,2.713,45.2,73.79,4066.0,42.84,2,1.768,622.13,B07,1.6244555223125838,608.65,0,2025-01-18 18:00:00,771.66,5.8539141466374325,A,tarde
REG-00072,M01,11,3.011,37.92,60.38,1587.0,38.92,1,2.401,498.44,B07,0.9600772983713738,493.91,0,2025-01-19 00:00:00,741.61,5.6416249534604725,C,tarde
REG-00073,M05,10,2.526,39.42,70.93,1252.0,59.98,0,2.225,470.74,X00,0.9301154737777166,451.77,0,2025-01-19 06:00:00,758.15,5.648018277715403,A,tarde
REG-00074,M02,14,2.364,39.62,50.68,2526.0,26.55,0,2.077,480.27,C99,-0.2171330921525105,473.1,0,2025-01-19 12:00:00,754.11,4.719,A,manha
REG-00075,M06,1,2.045,37.18,46.11,1296.0,33.73,1,2.822,484.58,B07,1.099121036550878,458.34,0,2025-01-19 18:00:00,779.25,5.648018277715403,A,manha
REG-00076,M04,5,2.259,46.57,52.29,1819.0,35.37,0,2.544,520.59,C99,-0.8959231261972913,508.15,0,2025-01-20 00:00:00,787.42,6.579103407382893,A,manha
REG-00077,M04,3,2.526,37.64,41.09,3561.0,43.63,2,1.697,550.24,A12,0.968294309293736,552.75,0,2025-01-20 06:00:00,781.07,6.098,B,manha
REG-00078,M06,9,2.235,38.85,60.8,4238.0,28.35,1,1.592,530.08,B07,-0.2824189031573673,505.8,0,2025-01-20 12:00:00,774.2222222222222,6.326,B,noite
REG-00080,M04,14,3.421,39.43,46.94,2134.0,50.57,1,2.342,558.56,X00,0.5932367006148741,547.31,1,2025-01-21 00:00:00,778.3,6.171692935644452,B,tarde
REG-00081,M08,6,3.006,41.15,60.98,4221.0,55.04,0,3.224,535.83,A12,1.397543618614386,522.81,0,2025-01-21 06:00:00,757.72,5.728,A,tarde
REG-00082,M04,4,10.958835408064012,37.45,41.28,2505.0,43.79,0,4.302,472.99,X00,-0.4066018713159627,475.38,0,2025-01-21 12:00:00,724.05,4.265,C,tarde
REG-00083,M02,14,2.698,45.75,64.25,1560.0,37.6,2,3.393,517.28,A12,1.5627617502434603,523.86,0,2025-01-21 18:00:00,793.13,6.345,A,tarde
REG-00084,M01,11,3.031,45.81,49.26,3976.0,42.35,0,2.346,525.56,A12,-1.6559409143215462,518.12,0,2025-01-22 00:00:00,780.43,6.122,A,noite
REG-00085,M02,12,3.036,45.33,68.91,2970.0,60.03,0,2.225,557.87,C99,-1.196793236776362,538.76,0,2025-01-22 06:00:00,806.52,7.085522414815427,A,noite
REG-00086,M06,7,2.799,44.42,50.29,2356.0,28.99,2,2.16,514.06,A12,-0.146726041752138,503.35,0,2025-01-22 12:00:00,760.99,5.525,B,tarde
REG-00087,M05,7,2.683,42.33,62.58,3575.0,42.46,1,2.343,538.4,A12,-0.370763885927694,516.97,0,2025-01-22 18:00:00,799.2444444444445,7.018,B,manha
REG-00088,M03,6,0.936,39.64,57.15,3843.0,42.09,1,2.911,486.65,B07,-0.6671333860592241,469.05,0,2025-01-23 00:00:00,769.2611111111112,5.616,A,tarde
REG-00089,M04,12,3.305,38.33,63.93,1739.0,44.77,1,2.077,529.49,C99,0.1336777188182231,521.51,1,2025-01-23 06:00:00,800.5111111111112,6.25,B,tarde
REG-00090,M07,4,1.568,47.8,56.32,1292.0,72.15,0,2.702,479.07,A12,-0.5285904578303546,462.66,0,2025-01-23 12:00:00,764.6800000000001,5.542,A,tarde
REG-00091,M05,15,2.81,45.44,35.04,2971.0,48.05,0,2.678,525.45,A12,-0.3589746638027341,505.69,0,2025-01-23 18:00:00,812.43,6.861167418193853,B,tarde
REG-00092,M01,3,2.526,38.88,67.11,1016.0,44.0,0,2.724,448.25,B07,0.278425070350371,442.26,0,2025-01-24 00:00:00,800.16,6.506,B,tarde
REG-00093,M01,7,2.595,42.18,53.95,3481.0,34.2,0,2.381,463.72,C99,-0.6675368824713616,458.55,1,2025-01-24 06:00:00,754.3,5.306,A,manha
REG-00094,M04,5,1.412,40.65,64.47,2647.0,47.33,1,2.847,534.01,A12,-0.1060181613189733,525.01,0,2025-01-24 12:00:00,779.61,6.1118465505591635,A,tarde
REG-00095,M04,10,3.117,36.92,63.28,1700.0,57.45,0,1.969,493.38,B07,-0.6455390463595895,505.1,0,2025-01-24 18:00:00,772.2222222222222,5.731,B,manha
REG-00096,M07,11,3.274,41.85249999999999,45.72,3314.0,41.14,1,3.193,521.66,A12,-1.2056204167600295,511.74,0,2025-01-25 00:00:00,744.5722222222222,5.031026351714723,A,manha
REG-00097,M05,14,3.341,40.13,44.02,2377.0,51.14,1,2.152,502.7,B07,0.7637021746737039,489.59,0,2025-01-25 06:00:00,746.66,5.086,A,manha
REG-00098,M07,12,2.67,37.71,62.86,2431.0,38.66,4,3.46,528.1,B07,1.7077944408420136,519.15,0,2025-01-25 12:00:00,729.65,4.650712227140474,A,noite
REG-00099,M05,4,1.579,35.34,51.36,1708.0,26.07,1,2.549,483.3,C99,1.0645719950739163,473.44,0,2025-01-25 18:00:00,771.5111111111112,5.02,A,tarde
REG-00100,M03,4,2.482,34.96,66.24,3639.0,52.24,0,1.752,535.61,A12,0.3317160818613164,528.04,0,2025-01-26 00:00:00,764.6800000000001,6.292,C,manha
REG-00101,M06,14,2.64,40.33,52.86,4592.0,45.15,1,1.601,558.32,X00,-0.6415284427359669,565.81,0,2025-01-26 06:00:00,773.38,5.85,B,tarde
REG-00102,M05,8,3.019,41.62,67.28,3398.0,15.64,0,1.672,519.16,A12,-0.2869187241827406,498.39,0,2025-01-26 12:00:00,769.27,5.981,A,noite
REG-00103,M06,2,1.686,41.85249999999999,60.08,1794.0,58.58,1,3.268,501.89,X00,1.0570212604673288,497.37,0,2025-01-26 18:00:00,738.2222222222222,4.364,C,manha
REG-00105,M06,10,2.031,41.71,54.67554680664917,1307.0,44.04,0,1.004,477.37,B07,-0.3632602243938508,459.61,0,2025-01-27 06:00:00,764.6800000000001,5.555785380383072,B,noite
REG-00106,M03,1,1.564,44.6,57.79,2017.0,55.89,1,2.22,532.14,B07,0.7341159197442665,516.56,0,2025-01-27 12:00:00,770.1,6.317,B,tarde
REG-00107,M07,12,3.336,41.18,69.31,947.0,47.7,0,2.312,483.6,X00,-1.1382803821845036,474.3,1,2025-01-27 18:00:00,786.94,6.103090224630787,A,tarde
REG-00108,M07,10,2.199,38.46,54.35,4363.0,45.04,1,0.993,526.6,X00,0.4233882842455366,512.75,0,2025-01-28 00:00:00,753.85,5.581,A,manha
REG-00109,M05,10,3.024,42.51,61.37,988.0,32.26,3,3.81,510.21,C99,0.3769892707656895,511.77,0,2025-01-28 06:00:00,787.4,6.0942649512541545,C,noite
REG-00110,M08,13,3.23,36.32,55.56,3094.0,30.98,0,1.801,560.79,A12,-1.454332430262492,553.14,0,2025-01-28 12:00:00,786.83,6.147,B,tarde
REG-00111,M05,8,2.25,44.43,56.5,1604.0,42.6,1,2.134,493.58,X00,0.0869781101429337,476.08,0,2025-01-28 18:00:00,746.33,5.004,A,noite
REG-00112,M01,7,2.795,37.78,75.68,1691.0,47.75,0,2.068,505.81,B07,-0.6174452680015198,503.68,0,2025-01-29 00:00:00,790.08,6.852,A,tarde
REG-00113,M05,10,1.809,46.13,69.42,3354.0,50.67,0,1.969,487.87,A12,0.4160986758835331,488.53,0,2025-01-29 06:00:00,784.35,5.569,B,manha
REG-00114,M07,3,2.046,40.48,55.95,4175.0,32.82,0,0.989,537.71,X00,0.6697886858912635,529.15,0,2025-01-29 12:00:00,768.08,5.281995063362705,A,manha
REG-00115,M01,3,2.619,46.78,57.57,874.0,38.84,1,2.43,506.5,A12,0.3989389337731508,498.21,0,2025-01-29 18:00:00,772.43,5.191,C,noite
REG-00116,M01,13,3.838,36.95,46.58,1466.0,28.55,2,2.703,529.02,B07,0.0725923242430963,516.09,0,2025-01-30 00:00:00,774.25,5.546891159558184,B,tarde
REG-00117,M03,4,2.195,38.95,52.92,2004.0,45.32,0,2.388,516.41,A12,0.2888712724225724,519.64,0,2025-01-30 06:00:00,770.7111111111111,5.537,B,manha
REG-00118,M07,8,2.404,43.71,58.71,4762.0,46.54,0,1.526,513.27,B07,-1.1760650889160045,525.77,0,2025-01-30 12:00:00,777.91,5.472,B,noite
REG-00119,M05,5,1.864,47.27,65.21,1044.0,64.68,0,3.246,503.74,X00,-0.0307517838632234,512.27,0,2025-01-30 18:00:00,757.77,5.176,B,noite
REG-00120,M08,4,2.526,49.5,63.99,1549.0,39.89,0,0.736,511.03,A12,-0.7964832467220053,512.02,0,2025-01-31 00:00:00,781.26,5.433,B,tarde
REG-00121,M07,9,2.915,42.19,41.69,2495.0,34.49,1,2.262,531.43,A12,1.0315387534870497,528.38,0,2025-01-31 06:00:00,810.05,6.645,A,tarde
REG-00122,M05,13,2.827,50.27,66.72,2167.0,49.99,0,3.065,443.69,X00,0.6832381559814402,454.34,0,2025-01-31 12:00:00,759.27,5.898316303313615,A,manha
REG-00123,M06,7,2.751,40.7,53.93,1004.0,39.47,0,2.855,486.84,A12,0.6804013501198701,471.58,0,2025-01-31 18:00:00,738.7722222222222,5.004412636688316,A,noite
REG-00124,M03,3,2.85,46.94,43.16,3068.0,43.82,0,3.216,491.94,A12,1.7134915557639816,481.91,0,2025-02-01 00:00:00,726.99,4.575,A,manha
REG-00125,M01,4,1.992,37.76,71.04,3351.0,40.12,0,3.411,545.35,C99,-0.329977464800349,534.85,0,2025-01-02 06:00:00,810.97,5.648018277715403,B,noite
REG-00126,M04,3,1.285,43.89,72.56,1543.0,23.48,1,2.068,475.25,B07,-0.54900735221085,465.83,0,2025-02-01 12:00:00,766.37,5.154,A,tarde
REG-00127,M05,14,2.715,31.46,58.16,3691.0,32.17,1,2.223,460.78,X00,-0.353602716257443,470.21,1,2025-02-01 18:00:00,756.35,4.992,A,tarde
REG-00128,M02,5,2.499,41.85249999999999,63.51,1038.0,44.15,1,1.466,489.36,A12,-1.602236407838204,489.89,0,2025-02-02 00:00:00,750.07,5.186916532219143,A,manha
REG-00130,M01,2,2.155,36.09,71.75,1888.0,38.35,0,2.789,497.2,X00,0.6211030089681117,495.75,0,2025-02-02 12:00:00,788.62,6.674,A,noite
REG-00131,M06,7,2.17,43.92,63.74,1742.0,53.16,0,3.063,509.86,C99,-1.3951401309238278,504.46,0,2025-02-02 18:00:00,748.93,5.388,C,tarde
REG-00132,M08,14,3.694,46.08,39.07,1624.0,63.95,1,4.953,592.48,A12,-1.074912565010059,512.27,1,2025-02-03 00:00:00,810.61,6.76,B,tarde
REG-00133,M07,7,2.339,39.74,79.12,4447.0,46.6,1,1.889,567.89,A12,-0.1017198771049601,551.56,0,2025-02-03 06:00:00,763.93,5.626,A,noite
REG-00134,M04,10,2.47,37.64,67.79,2908.0,37.23,1,2.221,518.11,A12,-0.4122276027376668,512.27,0,2025-03-02 12:00:00,806.7333333333332,5.648018277715403,B,noite
REG-00135,M05,3,1.71,39.87,48.89,3699.0,40.94,1,2.952,553.12,X00,0.885652357796067,545.02,1,2025-02-03 18:00:00,767.62,5.658,A,noite
REG-00136,M08,3,1.351,37.65,42.64,1656.0,53.08,0,1.02,554.01,A12,0.0604613050014949,540.21,0,2025-02-04 00:00:00,758.36,6.164,A,manha
REG-00137,M05,11,3.825,41.54,61.06,1037.0,54.56,0,3.481,528.28,A12,-0.7984686791721995,527.75,1,2025-04-02 06:00:00,764.6800000000001,6.052,A,tarde
REG-00138,M03,1,1.587,42.46,51.66,960.0,45.18,0,1.418,477.84,B07,0.9716330097430792,472.3,0,2025-02-04 12:00:00,762.22,5.484,C,noite
REG-00139,M03,7,2.7,40.62,58.96,2651.0,37.85,0,1.607,518.72,B07,0.7287913848387821,507.38,0,2025-02-04 18:00:00,774.26,6.352,A,tarde
REG-00140,M06,5,1.908,49.53,63.92,2171.0,38.57,1,2.288,505.97,A12,-1.4109834375738992,498.4,0,2025-05-02 00:00:00,768.81,5.251,B,manha
REG-00141,M04,1,1.157,38.76,48.2,4024.0,34.78,1,3.558,541.9,B07,0.2522666446600327,528.58,0,2025-02-05 06:00:00,815.4777777777776,6.939,B,noite
REG-00142,M07,8,2.435,48.26,41.61,4111.0,43.98,1,2.866,581.69,X00,-0.7150767895851483,572.35,0,2025-02-05 12:00:00,739.6777777777778,4.705,C,tarde
REG-00143,M07,15,3.946,37.31,59.63,2105.0,67.02,2,2.514,557.8,A12,-0.7414377928001679,552.01,1,2025-05-02 18:00:00,786.08,6.204,B,tarde
REG-00144,M01,2,1.526,42.33,48.6,2620.0,9.23,2,2.188,497.41,X00,1.8695146613125095,499.3,0,2025-02-06 00:00:00,781.27,5.579,B,noite
REG-00145,M06,13,2.798,47.32,56.75,2402.0,50.97,3,1.805,561.76,C99,0.124271388451788,551.51,0,2025-02-06 06:00:00,775.24,6.166,A,tarde
REG-00146,M03,9,2.74,47.09,38.88,3635.0,44.85,1,1.747,506.34,B07,-0.2175384885139468,498.07,0,2025-06-02 12:00:00,760.27,5.741,A,tarde
REG-00147,M05,11,3.155,40.11,51.97,3444.0,31.74,0,2.625,504.61,C99,0.0849512252956204,504.98,0,2025-02-06 18:00:00,791.67,6.628,B,tarde
REG-00148,M03,2,2.499,44.5,63.58,3534.0,45.46,0,3.42,519.45,B07,0.8742402628292937,507.18,0,2025-02-07 00:00:00,782.96,5.884,B,tarde
REG-00149,M03,14,3.479,41.85249999999999,54.67554680664917,1033.0,43.11,1,3.196,511.48,A12,-0.701604475953444,493.93,0,2025-07-02 06:00:00,726.5222222222222,4.526,A,manha
REG-00150,M03,1,1.92,39.57,45.54,2219.0,31.92,1,0.616,483.1,A12,-0.5308499694410018,481.16,0,2025-02-07 12:00:00,751.17,4.92,A,noite
REG-00151,M01,14,3.644,44.77,40.98,4861.0,73.99,1,4.26,563.94,A12,0.6566714581463277,561.34,0,2025-02-07 18:00:00,731.19,4.519,C,noite
REG-00152,M07,10,2.281,50.38,55.19,2235.0,59.12,1,3.377,550.99,C99,-1.516389290490369,548.87,0,2025-08-02 00:00:00,723.78,5.648018277715403,A,manha
REG-00153,M02,6,1.847,44.12,61.73,1532.0,49.09,0,1.775,507.25,A12,0.9907718409092912,512.99,0,2025-02-08 06:00:00,775.46,5.997,B,manha
REG-00154,M04,1,2.526,44.55,59.86,1638.0,40.77,0,1.431,528.61,A12,-1.60517973482356,505.0,0,2025-02-08 12:00:00,771.78,5.438,A,noite
REG-00155,M02,10,2.201,45.02,48.85,912.0,45.02,0,1.449,488.03,A12,-0.2457668085754092,484.35,0,2025-08-02 18:00:00,782.48,6.23753774872792,B,manha
REG-00156,M02,2,2.118,35.43,58.57,4079.0,61.39,0,3.319,544.86,A12,-1.5988328731673391,543.58,0,2025-02-09 00:00:00,778.21,5.573160137343317,A,tarde
REG-00157,M03,10,2.931,44.07,73.03,822.0,56.63,1,2.32,513.46,X00,-1.056251661934343,514.75,0,2025-02-09 06:00:00,751.21,4.817,B,tarde
REG-00158,M08,12,3.096,37.42,57.46,3303.0,40.41,0,0.831,494.68,A12,1.2976668586049531,490.43,0,2025-09-02 12:00:00,756.5,5.031,B,noite
REG-00159,M08,5,2.526,39.35,35.4,2478.0,24.2,1,2.323,480.77,C99,1.0444578738347208,479.15,0,2025-02-09 18:00:00,778.52,5.9,C,manha
REG-00160,M04,4,2.945,51.73,57.44,1197.0,46.6,2,3.326,523.78,B07,1.1513222997781043,504.71,0,2025-02-10 00:00:00,749.15,5.502,A,tarde
REG-00161,M05,4,2.526,40.86,79.53,4513.0,39.13,2,1.919,509.7,A12,-1.4489882835384054,512.27,0,2025-10-02 06:00:00,767.0,5.912312635309368,C,tarde
REG-00162,M08,4,2.943,38.67,39.55,3916.0,22.65,0,1.383,487.15,B07,-1.051056158201663,492.08,0,2025-02-10 12:00:00,755.6333333333334,5.552,A,tarde
REG-00163,M02,2,1.108,47.19,55.36,4243.0,42.54,0,1.106,508.33,A12,0.3398725688311318,512.27,0,2025-02-10 18:00:00,756.43,5.008,A,manha
REG-00164,M08,4,1.654,37.74,52.28,4733.0,36.57,0,1.194,518.02,B07,0.7153174901793481,511.21,0,2025-11-02 00:00:00,774.6,5.749,A,tarde
REG-00165,M01,10,12.372503638617864,39.99,54.67554680664917,4630.0,53.37,1,3.144,571.18,X00,-0.7995136850986247,564.49,1,2025-02-11 06:00:00,778.11,6.138,A,tarde
REG-00166,M02,5,2.526,47.62,57.33,3742.0,46.3,0,2.134,549.95,C99,-0.5789213825439219,537.42,0,2025-02-11 12:00:00,745.46,4.844,C,manha
REG-00167,M03,12,2.564,42.19,68.68,3041.0,42.1,0,1.404,481.28,X00,-1.1313476460586354,473.09,0,2025-11-02 18:00:00,734.93,4.65,C,manha
REG-00168,M01,13,2.707,34.97,56.02,3727.0,58.19,0,2.868,527.48,C99,1.658245290581541,520.06,0,2025-02-12 00:00:00,736.1,4.937395716984515,A,manha
REG-00169,M07,12,2.442,44.45,70.33,2684.0,43.43,0,1.745,475.55,X00,-0.4749557990535166,479.6,0,2025-02-12 06:00:00,760.82,5.403,C,tarde
REG-00170,M07,9,3.02,40.22,53.59,1561.0,40.61,0,2.518,446.25,A12,0.0312923036127648,452.8,0,2025-12-02 12:00:00,733.17,4.774,A,manha
REG-00171,M04,5,2.47,48.93,50.8,2420.0,34.61,1,1.735,496.88,A12,0.0836446022226273,495.06,1,2025-02-12 18:00:00,788.69,6.918,B,manha
REG-00172,M07,14,4.135,39.27,54.67554680664917,2761.0,65.37,0,3.202,555.14,B07,1.1056204534738094,512.27,1,2025-02-13 00:00:00,815.28,7.098,A,tarde
REG-00173,M07,4,1.711,46.73,33.19,994.0,36.43,0,2.621,486.61,C99,-0.9524665646324092,477.3,0,2025-02-13 06:00:00,775.3,6.372,C,noite
REG-00174,M07,7,2.508,49.99,58.31,4359.0,229.78289955402167,1,2.179,567.5,X00,1.1682608342261538,573.29,0,2025-02-13 12:00:00,775.93,6.174,A,manha
REG-00175,M07,7,1.83,38.17,79.65,4619.0,64.8,3,2.599,569.87,A12,-1.278720715621691,564.97,0,2025-02-13 18:00:00,753.46,4.790261862408473,A,manha
REG-00176,M05,12,2.909,41.13,60.5,2563.0,40.54,1,2.45,537.93,A12,1.1657202577777237,531.34,0,2025-02-14 00:00:00,751.0999999999999,4.847,B,tarde
REG-00177,M01,9,2.437,43.75,63.24,2883.0,10.75,1,3.172,482.34,X00,-1.7152995851047468,475.52,0,2025-02-14 06:00:00,727.2,4.224,C,noite
REG-00178,M08,12,3.269,38.14,50.04,4332.0,61.93,1,2.108,563.95,C99,-0.1045556518681046,552.47,1,2025-02-14 12:00:00,779.0888888888888,5.774,C,tarde
REG-00179,M05,14,3.778,43.22,52.07,2711.0,47.7,0,2.13,549.04,B07,1.6254372217028938,543.5,0,2025-02-14 18:00:00,771.78,5.82192253064714,B,tarde
REG-00180,M08,6,2.726,40.99,66.82,3690.0,31.81,0,3.166,502.39,A12,0.6972561082456549,500.23,0,2025-02-15 00:00:00,764.6800000000001,5.218,A,manha
REG-00181,M08,14,2.941,40.9,79.1,2963.0,44.74,2,3.79,544.24,C99,0.4212422886412489,512.27,1,2025-02-15 06:00:00,740.02,5.339841972448599,C,manha
REG-00182,M02,3,2.339,42.22,72.86,1938.0,33.62,0,0.71,486.83,X00,-1.0484151416241725,482.16,0,2025-02-15 12:00:00,764.6800000000001,5.814,B,tarde
REG-00183,M04,14,3.3,42.32,64.66,4135.0,67.37,1,2.653,583.72,A12,-0.7348012441683575,563.91,0,2025-02-15 18:00:00,740.9166666666666,4.771577103931384,A,noite
REG-00184,M02,3,1.744,42.74,55.42,1609.0,40.52,0,2.609,480.57,A12,1.3443958210311588,476.03,0,2025-02-16 00:00:00,750.09,4.474,C,noite
REG-00185,M01,13,2.871,39.31,57.52,1742.0,66.0,0,3.255,528.2,X00,0.4723394912569809,520.52,0,2025-02-16 06:00:00,756.95,5.433,B,manha
REG-00186,M08,6,2.526,39.5,45.96,3703.0,48.13,1,3.404,525.47,X00,0.8902492470005642,518.79,0,2025-02-16 12:00:00,749.66,5.648018277715403,A,noite
REG-00187,M08,15,4.234,41.47,37.62,3781.0,49.29,3,2.873,534.84,A12,0.0737938124807409,525.11,0,2025-02-16 18:00:00,740.938888888889,4.992,A,manha
REG-00188,M08,2,1.898,41.8,41.48,4808.0,32.72,0,3.282,541.24,C99,-0.2817314840134854,536.55,0,2025-02-17 00:00:00,790.4,7.149,B,noite
REG-00189,M08,7,2.489,40.03,55.6,3785.0,50.14,1,2.157,536.83,X00,0.7666616304754316,528.14,0,2025-02-17 06:00:00,750.82,5.659,A,manha
REG-00190,M06,14,3.202,43.46,51.5,903.0,61.65,1,3.248,549.53,A12,0.2593530344559697,529.35,0,2025-02-17 12:00:00,747.7833333333333,5.408375736014009,C,noite
REG-00191,M05,1,2.731,33.83,37.37,4368.0,48.16,0,2.455,560.83,A12,-0.1699600010880435,544.27,0,2025-02-17 18:00:00,773.75,5.576,A,noite
REG-00192,M08,4,2.607,38.71,54.55,2538.0,36.66,0,1.1,490.55,A12,-1.4140070565414014,474.98,0,2025-02-18 00:00:00,752.44,5.094,A,manha
REG-00193,M05,2,1.436,40.74,51.18,836.0,39.5,0,2.83,467.45,X00,0.9539082973195758,471.11,0,2025-02-18 06:00:00,737.99,4.807,C,manha
REG-00194,M06,5,2.027,38.15,40.93,3231.0,48.01,1,2.55,528.06,X00,0.4400263116393839,529.56,0,2025-02-18 12:00:00,771.47,5.573,A,noite
REG-00195,M02,6,2.184,49.33,50.56,1515.0,37.59,0,1.557,485.33,A12,-0.6062620491478531,476.44,0,2025-02-18 18:00:00,767.03,5.886,A,manha
REG-00196,M06,10,2.866,42.08,51.15,2547.0,33.38,0,2.123,503.16,A12,1.179252734128051,489.65,0,2025-02-19 00:00:00,783.35,6.325,B,tarde
REG-00197,M07,4,1.704,42.8,47.6,2778.0,30.12,0,0.839,510.08,C99,0.2438124990666245,512.27,0,2025-02-19 06:00:00,752.45,4.893,C,noite
REG-00198,M06,3,2.087,39.83,66.12,1111.0,35.71,0,2.366,445.64,X00,0.2633988390950769,512.27,0,2025-02-19 12:00:00,753.93,5.737,A,tarde
REG-00199,M04,3,2.543,41.93,32.17,4372.0,46.55,1,2.222,550.83,X00,0.8838955762448353,531.71,0,2025-02-19 18:00:00,752.51,5.311021939078035,A,manha
REG-00200,M02,15,2.859,36.53,31.17,2943.0,68.11,1,1.295,538.32,A12,0.6687066203052989,524.96,0,2025-02-20 00:00:00,769.84,5.19,C,tarde
REG-00201,M01,15,2.526,41.24,55.04,4853.0,36.73,0,1.947,552.72,B07,0.293674479130845,536.21,0,2025-02-20 06:00:00,764.6800000000001,5.212,C,manha
REG-00202,M06,4,1.803,37.78,56.15,2752.0,32.63,0,2.455,480.0,A12,-0.1885850535449969,476.38,0,2025-02-20 12:00:00,789.2,6.474,B,noite
REG-00203,M06,3,1.693,40.75,59.85,3298.0,34.31,1,1.402,496.95,A12,1.9836641542345288,493.71,0,2025-02-20 18:00:00,760.06,5.842,A,manha
REG-00204,M07,1,2.529,30.48,48.53,4211.0,45.74,1,1.955,539.52,C99,-0.7338008208640142,524.07,0,2025-02-21 00:00:00,755.83,5.256829244749651,A,manha
REG-00205,M08,15,3.901,36.92,43.98,1690.0,46.66,4,1.432,564.69,B07,0.74597183899408,558.41,1,2025-02-21 06:00:00,767.5333333333333,6.016,A,manha
REG-00206,M04,11,3.355,48.59,54.91,4617.0,43.04,5,3.923,585.42,C99,-0.0838591663723268,581.58,0,2025-02-21 12:00:00,779.83,6.16,A,noite
REG-00207,M07,12,2.941,45.74,49.7,1575.0,32.46,3,2.91,468.46,B07,0.454713627463171,468.74,0,2025-02-21 18:00:00,789.4,5.922,B,manha
REG-00208,M06,5,2.021,47.94,54.67554680664917,4982.0,46.8,0,0.864,544.74,C99,1.233423318370273,540.72,0,2025-02-22 00:00:00,761.19,5.040265309780884,A,noite
REG-00209,M03,10,2.147,48.24,51.11,3485.0,45.06,0,1.212,495.36,C99,-0.3115784269687918,481.14,1,2025-02-22 06:00:00,805.97,7.272,B,noite
REG-00210,M07,1,1.982,45.03,54.36,2978.0,28.35,0,2.924,502.57,A12,0.6018363421336642,507.04,0,2025-02-22 12:00:00,785.11,6.672,B,noite
REG-00211,M01,11,3.151,39.96,84.71,1682.0,45.09,3,3.482,591.21,A12,0.2655572805097727,577.51,0,2025-02-22 18:00:00,792.38,6.584481308346778,B,noite
REG-00212,M05,9,3.249,37.33,52.66,3190.0,59.32,1,2.19,551.19,B07,-0.6413014942783173,548.63,0,2025-02-23 00:00:00,768.08,6.266,A,noite
REG-00213,M08,5,2.055,47.16,61.67,3122.0,28.94,2,2.679,543.94,A12,1.258098998719208,537.56,0,2025-02-23 06:00:00,755.4444444444445,5.733,C,noite
REG-00214,M06,11,2.866,42.29,62.76,4931.0,38.1,2,2.68,561.99,A12,0.7111877956738906,554.84,1,2025-02-23 12:00:00,759.76,5.732,B,manha
REG-00215,M08,10,2.877,53.22,63.78,4306.0,62.03,1,2.916,616.88,B07,-0.4345499315116685,609.5,0,2025-02-23 18:00:00,793.62,6.189757167087246,B,noite
REG-00216,M01,7,2.811,40.36,58.47,2828.0,44.31,0,3.35,522.73,B07,1.1035937772380795,517.27,1,2025-02-24 00:00:00,819.22,7.882,A,tarde
REG-00217,M05,3,1.228,50.88,57.33,2437.0,46.64,0,1.339,441.68,B07,-0.8314196500730329,438.65,0,2025-02-24 06:00:00,764.6800000000001,5.72532715564197,A,tarde
REG-00218,M07,1,1.961,41.29,56.2,2425.0,41.02,0,2.24,483.6,A12,-0.0289342628851325,480.96,0,2025-02-24 12:00:00,752.2777777777778,5.133,C,noite
REG-00219,M06,15,3.441,48.01,48.09,2389.0,52.58,0,3.224,565.42,A12,-0.4292238345561155,546.66,0,2025-02-24 18:00:00,754.97,5.115142238585749,A,noite
REG-00220,M08,5,1.674,49.64,54.67554680664917,857.0,36.82,1,1.925,486.45,X00,0.7513119890199909,479.06,0,2025-02-25 00:00:00,754.2166666666667,5.416,A,noite
REG-00221,M04,5,1.212,37.4,79.34,951.0,50.98,0,4.242,483.28,C99,-0.4796833555331328,477.13,0,2025-02-25 06:00:00,813.8,6.5291165073980615,B,tarde
REG-00222,M06,11,2.526,39.82,54.67554680664917,3955.0,62.15,1,2.347,576.12,B07,0.758483116961044,572.68,0,2025-02-25 12:00:00,773.89,6.161,B,tarde
REG-00223,M04,4,2.671,37.35,58.65,1867.0,52.81,1,2.572,532.99,A12,0.5944601425890348,528.33,0,2025-02-25 18:00:00,747.47,4.79,C,tarde
REG-00224,M07,6,3.034,36.47,65.27,2527.0,27.97,0,4.303,470.49,B07,-0.3752491474131725,468.59,0,2025-02-26 00:00:00,739.43,5.012,A,tarde
REG-00225,M01,11,3.09,45.0,44.57,3732.0,63.86,4,4.177,668.1,X00,1.8297175914563024,652.19,0,2025-02-26 06:00:00,742.3611111111111,4.788331333857334,C,tarde
REG-00226,M03,9,3.553,41.12,51.87,3351.0,41.5,1,4.664,502.86,X00,-0.7452346497234653,501.37,0,2025-02-26 12:00:00,724.25,4.335,A,manha
REG-00228,M06,1,2.059,44.5,72.85,3960.0,34.17,1,5.478,564.86,A12,0.8560991366686891,512.27,0,2025-02-27 00:00:00,831.39,7.585,B,manha
REG-00229,M02,7,2.207,33.64,45.75,1464.0,53.37,0,1.568,484.73,B07,-2.14940794078746,479.77,0,2025-02-27 06:00:00,761.4,6.203,A,tarde
REG-00230,M03,8,2.308,47.79,49.2,2785.0,51.09,0,2.461,494.76,A12,1.4918168263306393,492.07,0,2025-02-27 12:00:00,733.0,5.175,A,noite
REG-00231,M07,10,2.526,40.43,81.18,1244.0,43.94,1,0.781,537.14,X00,0.1017538765263665,522.02,0,2025-02-27 18:00:00,784.2,6.35,A,tarde
REG-00232,M03,3,2.526,44.4,54.67554680664917,3032.0,48.65,0,2.956,477.02,A12,-1.426985074805238,512.27,0,2025-02-28 00:00:00,729.9166666666666,4.589,C,manha
REG-00233,M02,3,2.469,41.85249999999999,76.88,1199.0,40.28,0,1.84,512.39,C99,-0.9484645024773716,492.39,0,2025-02-28 06:00:00,796.39,6.88709165873771,B,manha
REG-00234,M01,12,2.771,48.17,57.48,4754.0,42.52,1,2.967,517.39,B07,-1.6340886755150137,501.43,0,2025-02-28 12:00:00,764.6800000000001,5.233180269998207,C,manha
REG-00235,M02,11,2.569,41.53,57.95,3568.0,39.7,1,1.724,528.18,C99,0.3828829527035425,525.33,0,2025-02-28 18:00:00,739.63,4.598,C,noite
REG-00236,M08,13,2.659,32.44,51.33,1830.0,55.52,0,2.993,516.2,X00,-1.326914170992258,512.13,0,2025-01-03 00:00:00,769.7944444444445,5.767,B,manha
REG-00237,M05,5,2.058,41.85249999999999,66.31,3373.0,40.01,0,2.049,509.53,B07,0.5020890306959483,498.02,0,2025-03-01 06:00:00,769.64,5.152,C,tarde
REG-00239,M02,5,3.092,37.35,42.58,2977.0,51.17,0,1.416,512.29,C99,-0.4753641402120941,509.72,0,2025-01-03 18:00:00,754.06,6.045,A,noite
REG-00240,M03,10,2.053,42.66,50.77,1502.0,41.24,0,3.48,447.05,C99,0.5093459668615934,453.19,0,2025-03-02 00:00:00,739.4222222222222,4.911,C,manha
REG-00241,M02,3,1.73,40.38,65.98,2901.0,57.71,1,1.929,529.85,A12,0.6235113296280919,505.36,0,2025-03-02 06:00:00,720.11,3.559,C,manha
REG-00242,M04,14,2.855,35.96,53.45,1248.0,34.96,0,1.894,472.66,A12,1.1458028720454552,512.27,0,2025-02-03 12:00:00,762.1444444444444,5.778,A,manha
REG-00243,M05,5,2.595,45.02,49.08,1443.0,38.83,0,1.943,521.16,C99,-0.6337783362306186,512.23,0,2025-03-02 18:00:00,740.84,4.608723231153214,B,manha
REG-00244,M07,13,3.319,39.46,67.11,3252.0,42.2,0,1.531,539.64,C99,-0.0298094626609303,530.28,0,2025-03-03 00:00:00,765.01,5.418,B,manha
REG-00245,M03,5,1.864,40.17,54.67554680664917,2902.0,29.29,0,1.302,471.54,A12,-0.6353271325314106,459.68,0,2025-03-03 06:00:00,764.6800000000001,6.009390642452323,C,tarde
REG-00246,M07,12,2.526,39.92,49.6,2033.0,43.56,0,1.86,560.63,C99,0.1629874755467944,546.51,0,2025-03-03 12:00:00,786.45,6.383,B,noite
REG-00247,M06,7,2.195,47.56,57.55,1051.0,64.65,0,1.095,487.17,B07,-0.7782896852701315,496.42,0,2025-03-03 18:00:00,778.63,5.888,A,tarde
REG-00248,M03,1,2.356,41.82,40.5,2578.0,37.92,0,1.254,493.22,A12,-0.4240967305005177,488.7,0,2025-04-03 00:00:00,766.83,5.477530026613715,A,tarde
REG-00249,M08,3,2.136,42.36,44.25,4688.0,29.1,2,2.838,569.6,C99,-0.4190005097710624,564.77,1,2025-03-04 06:00:00,794.0555555555555,6.566,B,manha
REG-00250,M04,11,3.231,40.02,56.49,3773.0,26.26,0,3.764,469.5,C99,0.293360944027211,463.83,0,2025-03-04 12:00:00,797.64,6.486,B,noite
REG-00251,M02,3,0.69,44.08,55.38,1043.0,17.94,1,1.861,444.91,A12,0.0029549672345782,432.26,0,2025-04-03 18:00:00,764.03,5.233,C,tarde
REG-00252,M08,5,2.12,48.07,43.4,4739.0,34.56,0,3.461,506.44,C99,0.5063016057687203,513.07,0,2025-03-05 00:00:00,797.7,6.514,B,noite
REG-00253,M08,9,3.607,44.92,46.41,2578.0,38.2,1,1.453,518.16,A12,-0.1069965821459184,521.14,0,2025-03-05 06:00:00,776.51,6.114,A,noite
REG-00254,M01,4,2.526,45.09,42.22,3218.0,37.11,0,1.418,507.18,C99,-0.5797526668094674,505.05,0,2025-05-03 12:00:00,760.088888888889,5.44,A,tarde
REG-00255,M08,2,0.929,44.73,60.46,802.0,10.13,1,2.684,424.38,X00,0.191282897257473,416.89,0,2025-03-05 18:00:00,748.811111111111,4.67,B,manha
REG-00256,M08,10,2.659,35.79,31.39,2102.0,45.9,1,2.432,517.25,X00,-0.9171839433908378,503.05,0,2025-03-06 00:00:00,750.57,5.563,C,manha
REG-00257,M07,11,2.389,38.06,42.86,4101.0,60.53,0,1.346,587.41,B07,0.5691578157793534,565.87,0,2025-06-03 06:00:00,777.83,5.076324825218219,A,tarde
REG-00258,M03,11,3.7,41.08,32.64,2188.0,67.67,1,3.395,566.01,B07,-0.2854651879648414,559.9,0,2025-03-06 12:00:00,782.63,5.648018277715403,A,noite
REG-00259,M06,15,3.56,38.73,60.03,1497.0,30.27,0,1.718,485.05,A12,0.204519409699535,471.34,0,2025-03-06 18:00:00,769.15,5.557302224244681,B,tarde
REG-00260,M05,2,1.414,37.21,33.37,1180.0,27.78,0,1.597,456.38,X00,0.2200240049452617,444.04,0,2025-07-03 00:00:00,746.68,5.648018277715403,A,noite
REG-00261,M05,7,2.425,41.85249999999999,55.38,4684.0,33.15,2,2.106,596.47,B07,1.6015454843855397,583.39,0,2025-03-07 06:00:00,764.28,5.825,C,tarde
REG-00262,M05,4,0.847,35.94,74.67,4214.0,41.55,1,2.019,531.53,X00,0.3815837015627794,523.87,0,2025-03-07 12:00:00,753.7166666666667,5.705952922682331,A,manha
REG-00263,M06,14,2.526,40.85,75.08,984.0,37.16,1,2.931,456.36,X00,0.073218953069772,452.76,0,2025-07-03 18:00:00,721.06,4.082,A,manha
REG-00265,M06,2,2.141,38.43,58.58,4247.0,37.92,0,1.988,466.57,C99,0.8023851549305044,468.59,0,2025-03-08 06:00:00,729.66,4.658,A,noite
REG-00266,M05,11,2.056,42.36,43.13,2311.0,46.72,3,2.073,528.78,B07,-0.2702055204125217,518.23,0,2025-08-03 12:00:00,750.99,4.631,A,tarde
REG-00267,M01,1,1.458,40.05,40.68,3557.0,55.31,0,2.772,535.5,C99,-1.52548014592645,528.02,0,2025-03-08 18:00:00,779.33,6.745,A,manha
REG-00268,M01,5,2.604,46.91,53.64,1883.0,40.81,0,2.795,483.73,A12,-0.1950882222613307,479.85,0,2025-03-09 00:00:00,795.85,6.071857030571298,A,noite
REG-00269,M08,11,2.277,41.27,69.74,1848.0,53.0,0,3.287,508.38,X00,0.1914897943682138,495.62,0,2025-09-03 06:00:00,733.12,4.84,A,manha
REG-00270,M08,8,2.643,45.13,62.2,3800.0,35.59,0,2.199,497.04,A12,-0.8185056976526855,512.27,0,2025-03-09 12:00:00,757.07,5.549,A,noite
REG-00271,M05,12,3.09,42.91,46.42,1650.0,32.95,3,2.002,492.23,C99,-0.1181803051097344,492.16,0,2025-03-09 18:00:00,755.77,5.648018277715403,A,manha
REG-00272,M02,9,3.441,35.69,63.46,2291.0,38.48,0,1.513,518.64,X00,-0.0714828366491023,512.27,0,2025-10-03 00:00:00,764.6800000000001,6.139,A,manha
REG-00273,M07,13,2.526,41.59,28.08,2302.0,76.84,1,1.642,609.77,X00,-0.0559078942758192,594.29,1,2025-03-10 06:00:00,777.13,6.303,B,tarde
REG-00274,M02,9,2.593,36.44,45.96,1431.0,53.4,2,1.744,499.02,X00,1.2346418697154549,499.71,0,2025-03-10 12:00:00,777.42,5.476,B,tarde
REG-00275,M04,1,2.015,41.51,54.67554680664917,4279.0,39.49,0,2.057,539.84,C99,-1.3115578611847116,530.21,0,2025-10-03 18:00:00,795.88,6.55324811428729,A,manha
REG-00276,M03,2,1.163,38.65,55.94,3630.0,25.68,1,2.438,454.92,X00,2.033802459185564,448.64,0,2025-03-11 00:00:00,761.25,5.648018277715403,A,tarde
REG-00277,M01,12,2.961,43.72,52.57,4420.0,60.34,2,3.628,558.67,X00,-0.0328353201912081,512.27,0,2025-03-11 06:00:00,794.0,6.283,A,noite
REG-00278,M07,1,1.425,41.85249999999999,53.3,3000.0,19.91,0,4.294,442.87,B07,0.5802112339524622,512.27,0,2025-11-03 12:00:00,729.41,4.732,C,tarde
REG-00279,M05,6,2.217,42.07,52.9,1536.0,23.4,2,1.628,497.63,C99,0.1278362665378552,502.66,0,2025-03-11 18:00:00,752.9166666666666,5.665,C,tarde
REG-00280,M03,1,2.012,44.58,55.27,1973.0,29.49,0,3.559,445.55,B07,-1.7260235717651908,438.1,0,2025-03-12 00:00:00,738.13,5.648018277715403,A,tarde
REG-00281,M05,5,2.526,46.08,61.48,2284.0,64.45,1,3.749,505.85,B07,-1.0565776549858756,509.13,1,2025-12-03 06:00:00,736.0,5.053296377501069,A,manha
REG-00282,M01,9,2.333,38.56,56.79,4756.0,68.57,0,1.971,588.6,X00,-0.5242758796377893,571.45,0,2025-03-12 12:00:00,783.11,6.211,A,tarde
REG-00283,M04,3,1.952,42.08,51.59,1797.0,33.19,0,2.213,468.89,A12,0.9937198181169647,462.69,0,2025-03-12 18:00:00,754.1,5.011,A,manha
REG-00284,M05,7,3.081,42.83,59.82,3710.0,35.31,1,3.266,511.78,A12,-1.3843211357497145,508.72,0,2025-03-13 00:00:00,780.2555555555556,6.017,B,tarde
REG-00285,M03,15,2.526,48.96,64.91,1315.0,33.32,0,2.522,519.98,A12,-0.8557374270410827,503.15,0,2025-03-13 06:00:00,741.52,4.841,A,manha
REG-00286,M07,2,1.825,35.33,48.33,4815.0,38.34,0,1.614,509.17,A12,0.1648508402782561,509.78,0,2025-03-13 12:00:00,759.0277777777778,5.227,A,noite
REG-00287,M02,1,2.526,37.9,54.29,3515.0,38.14,0,1.356,505.32,C99,0.4728564477829363,503.75,0,2025-03-13 18:00:00,773.42,6.053,A,tarde
REG-00288,M02,5,2.122,54.62,68.94,2608.0,50.47,1,1.147,515.88,X00,0.442720876831501,522.67,0,2025-03-14 00:00:00,798.6944444444445,6.743,B,noite
REG-00289,M05,13,2.456,40.77,54.67554680664917,2252.0,61.53,1,3.218,540.68,X00,-0.9840051137237156,522.37,0,2025-03-14 06:00:00,720.75,3.766,A,tarde
REG-00290,M08,7,3.045,33.49,76.66,2289.0,41.03,0,2.526,526.84,X00,-1.5979913601913418,504.29,0,2025-03-14 12:00:00,728.03,3.963,C,manha
REG-00291,M04,10,2.452,39.38,38.93,1746.0,53.67,1,0.897,545.6,X00,0.5390596432130327,550.73,0,2025-03-14 18:00:00,765.86,5.825,A,noite
REG-00292,M01,1,2.092,29.54,50.86,3319.0,27.79,1,2.293,476.17,B07,1.4331239415397288,475.57,0,2025-03-15 00:00:00,764.6800000000001,5.0412305740564545,C,tarde
REG-00293,M08,12,2.78,43.08,43.6,4437.0,55.84,1,0.906,594.7,X00,-0.3453016153756857,585.36,0,2025-03-15 06:00:00,770.26,5.914,A,noite
REG-00294,M04,2,1.479,45.64,81.26,1813.0,31.31,0,2.211,477.04,B07,-1.1446864844840328,474.05,0,2025-03-15 12:00:00,764.6800000000001,5.797790923757912,C,tarde
REG-00295,M02,11,3.476,37.9,48.96,3942.0,53.71,0,2.755,560.9,C99,-0.4298803224648433,552.86,0,2025-03-15 18:00:00,750.51,4.771,C,manha
REG-00296,M05,3,2.337,39.88,48.99,3177.0,43.14,1,2.162,512.33,A12,0.3940625733847306,505.68,0,2025-03-16 00:00:00,741.52,4.451,C,noite
REG-00297,M03,13,3.284,46.16,50.55,4049.0,51.43,2,2.495,570.36,X00,-0.2331431567766334,558.72,0,2025-03-16 06:00:00,751.58,5.833,C,tarde
REG-00298,M08,5,2.493,34.12,54.67554680664917,4033.0,50.53,0,1.076,555.23,X00,1.4071936415148123,554.59,0,2025-03-16 12:00:00,776.68,6.123,C,tarde
REG-00299,M03,3,1.76,41.85249999999999,51.06,964.0,19.76,0,2.299,466.24,C99,0.9249707194042875,457.83,0,2025-03-16 18:00:00,772.82,5.738,B,manha
REG-00300,M05,6,2.276,40.97,53.41,889.0,29.42,2,2.401,504.78,A12,0.1843380662042515,506.12,0,2025-03-17 00:00:00,749.87,4.869206690660379,C,noite
REG-00301,M05,1,1.332,38.61,18.0,4643.0,32.96,1,1.849,527.93,B07,-1.954322899629362,523.38,0,2025-03-17 06:00:00,766.3,5.51,A,noite
REG-00302,M02,3,2.297,40.68,55.69,1452.0,21.28,0,3.569,453.75,C99,-0.6922636288411202,460.73,0,2025-03-17 12:00:00,814.0888888888888,6.706,B,tarde
REG-00303,M04,9,2.358,36.31,55.21,3213.0,40.92,2,1.836,487.67,B07,-0.5480223263456659,483.65,0,2025-03-17 18:00:00,780.5944444444444,6.427005336532495,B,tarde
REG-00304,M01,5,2.818,42.96,67.46,3962.0,36.5,2,0.924,505.82,C99,-0.7466159816479937,502.86,0,2025-03-18 00:00:00,768.26,5.476,C,noite
REG-00305,M06,6,2.138,41.33,70.71,2915.0,57.92,1,3.801,558.77,B07,0.1908212718649249,543.07,0,2025-03-18 06:00:00,808.18,7.328,B,tarde
REG-00306,M07,13,3.199,44.47,52.75,825.0,52.31,0,2.386,468.78,X00,0.2114420810352299,462.32,0,2025-03-18 12:00:00,761.85,5.415,A,noite
REG-00307,M08,2,2.101,42.9,64.79,844.0,49.75,0,1.727,507.85,A12,-1.6740748681552189,499.38,0,2025-03-18 18:00:00,782.21,5.801,A,tarde
REG-00308,M03,6,2.526,42.93,41.78,3612.0,45.82,0,2.344,486.52,B07,0.8045980620611511,512.27,0,2025-03-19 00:00:00,749.0777777777778,5.023,A,manha
REG-00309,M03,3,1.756,35.49,64.21,4570.0,32.17,0,2.612,477.94,A12,0.016123706326332,512.27,0,2025-03-19 06:00:00,758.4,4.533,A,noite
REG-00310,M05,8,2.526,44.22,48.13,2242.0,46.2,0,3.126,485.78,C99,0.3576414135086109,494.34,0,2025-03-19 12:00:00,788.38,6.309036252568292,B,manha
REG-00311,M06,5,2.552,40.51,40.78,3084.0,49.75,0,1.331,543.87,B07,0.7448263348685243,538.34,0,2025-03-19 18:00:00,759.16,5.415,A,manha
REG-00312,M08,1,1.332,41.25,52.77,4721.0,50.52,0,0.711,532.25,B07,-0.7669697193401658,522.19,0,2025-03-20 00:00:00,772.24,6.156,A,tarde
REG-00313,M01,2,1.703,46.72,71.81,4265.0,35.81,0,1.357,510.44,A12,1.2589056893158197,504.75,0,2025-03-20 06:00:00,742.75,4.322,A,noite
REG-00314,M02,13,3.195,38.76,57.17,3070.0,30.83,1,2.373,506.51,X00,-0.1417935570871732,505.84,0,2025-03-20 12:00:00,745.5833333333334,5.474,A,noite
REG-00315,M03,1,2.019,48.08,72.96,3553.0,15.59,1,3.644,521.18,A12,1.5125472265669353,515.38,0,2025-03-20 18:00:00,793.58,6.7947020780760905,A,manha
REG-00316,M03,12,3.015,48.5,46.02,4837.0,45.48,0,1.668,560.08,X00,-0.8939324352811749,554.38,0,2025-03-21 00:00:00,751.8,5.692,A,manha
REG-00317,M04,14,4.134,45.39,67.57,4146.0,23.75,1,1.961,532.74,X00,1.4382466069308903,518.72,0,2025-03-21 06:00:00,767.05,5.693,B,manha
REG-00318,M07,7,2.34,37.59,47.17,2546.0,64.94,1,1.74,523.71,X00,-0.903984024367558,510.27,0,2025-03-21 12:00:00,780.7611111111111,6.478,A,manha
REG-00319,M01,5,2.043,32.16,57.7,3710.0,48.16,1,1.84,521.11,B07,2.5487812866055903,517.77,0,2025-03-21 18:00:00,748.07,4.627,C,manha
REG-00320,M07,12,2.983,46.85,57.6,2181.0,41.77,0,2.101,496.39,C99,-0.9518337633840984,489.45,0,2025-03-22 00:00:00,753.41,5.552,C,manha
REG-00321,M05,15,2.858,42.5,62.94,4668.0,39.68,1,1.522,561.81,X00,1.0565867204553927,551.33,1,2025-03-22 06:00:00,783.52,5.936,B,tarde
REG-00322,M05,2,1.293,41.85249999999999,58.01,1192.0,49.74,0,2.53,464.94,A12,-0.3623942236925023,512.27,0,2025-03-22 12:00:00,757.26,4.84,A,noite
REG-00323,M06,15,3.211,47.28,46.13,1747.0,39.64,2,2.39,561.37,A12,0.7150223836665484,540.05,0,2025-03-22 18:00:00,777.95,5.648018277715403,B,noite
REG-00324,M01,15,3.961,38.12,65.56,2253.0,40.78,1,5.33,506.9,A12,-0.0405250671256676,499.63,0,2025-03-23 00:00:00,726.11,4.485238351328617,C,noite
REG-00325,M06,3,1.875,40.09,75.78,1648.0,29.41,0,0.903,455.78,X00,-1.0912303753627135,439.84,0,2025-03-23 06:00:00,771.42,5.554,B,manha
REG-00326,M02,1,1.412,44.36,47.99,3299.0,37.57,1,2.861,493.97,A12,-2.796830157312421,495.82,0,2025-03-23 12:00:00,764.6800000000001,5.671,C,tarde
REG-00327,M05,11,3.482,36.99,32.98,3792.0,55.65,0,4.787,601.48,X00,2.507583296192893,597.62,0,2025-03-23 18:00:00,819.31,6.646,B,tarde
REG-00328,M06,2,2.458,41.51,60.99,4539.0,51.71,0,1.546,543.03,X00,0.0730242256150129,551.84,0,2025-03-24 00:00:00,774.55,5.191949695941753,B,manha
REG-00329,M05,10,3.365,46.9,51.03,2905.0,59.54,1,3.527,561.89,X00,-2.943530077933057,552.39,0,2025-03-24 06:00:00,712.98,4.57,A,manha
REG-00330,M03,1,1.246,42.95,53.43,3409.0,225.32227874575472,3,1.436,527.07,C99,0.3026086064649067,514.17,0,2025-03-24 12:00:00,771.31,6.156,B,manha
REG-00331,M04,11,2.707,47.61,61.67,3316.0,60.45,1,2.446,532.14,C99,0.6895866565298266,544.42,0,2025-03-24 18:00:00,804.31,6.462099587694259,A,manha
REG-00332,M04,4,2.836,47.1,49.52,814.0,31.75,1,3.042,477.48,C99,-0.7150807835139983,468.94,0,2025-03-25 00:00:00,801.59,6.747,B,tarde
REG-00333,M01,2,1.869,42.03,51.77,3775.0,15.55,0,2.515,479.8,C99,-0.7083545379036053,467.95,0,2025-03-25 06:00:00,736.4,5.149,C,noite
REG-00334,M06,1,1.51,31.48,53.8,897.0,28.15,0,0.401,452.14,X00,-0.0198418470399832,441.15,0,2025-03-25 12:00:00,765.64,5.816,A,manha
REG-00335,M01,3,2.213,37.02,72.64,3099.0,28.92,2,3.613,501.16,B07,1.2025942307621749,503.18,0,2025-03-25 18:00:00,772.64,5.931,B,tarde
REG-00336,M04,9,3.123,45.44,55.36,4999.0,38.22,1,2.623,543.83,X00,0.0999601198230266,529.7,0,2025-03-26 00:00:00,738.63,5.242,A,noite
REG-00337,M06,2,1.503,35.02,40.17,4108.0,25.89,1,2.006,494.73,B07,1.4632253043424857,487.34,0,2025-03-26 06:00:00,774.7277777777778,5.686,B,noite
REG-00338,M01,13,3.289,40.53,40.65,2927.0,45.07,1,1.525,533.01,A12,1.1312191725302414,520.47,0,2025-03-26 12:00:00,764.65,5.648018277715403,A,manha
REG-00339,M08,10,3.217,43.52,56.67,2139.0,54.44,1,3.229,541.64,X00,-0.2287847742635097,534.63,0,2025-03-26 18:00:00,722.3000000000001,4.362787683227844,C,tarde
REG-00340,M04,5,1.628,48.61,41.45,4316.0,61.58,0,2.043,511.51,C99,-1.5705237591931709,500.95,0,2025-03-27 00:00:00,742.32,4.874,A,noite
REG-00341,M01,15,3.456,39.41,36.25,4407.0,32.3,0,2.663,531.69,A12,-0.2266708387963533,515.09,0,2025-03-27 06:00:00,743.19,4.859,C,manha
REG-00342,M06,10,2.299,39.1,62.63,2345.0,31.55,1,2.182,520.71,A12,0.5264824003950203,514.62,0,2025-03-27 12:00:00,764.6800000000001,5.185123898564513,C,tarde
REG-00343,M05,11,2.487,41.76,63.21,1252.0,38.7,0,2.592,481.59,A12,0.0598934763794693,472.23,0,2025-03-27 18:00:00,780.11,6.115,B,manha
REG-00344,M06,3,1.637,43.58,54.67554680664917,3245.0,47.79,0,2.739,500.06,C99,0.6344248316912947,482.82,0,2025-03-28 00:00:00,734.1333333333334,5.648018277715403,C,tarde
REG-00345,M07,11,3.145,41.31,58.52,3462.0,45.74,0,2.399,548.84,X00,0.8634199761497202,541.77,0,2025-03-28 06:00:00,768.85,6.046,C,tarde
REG-00346,M04,9,2.525,41.85249999999999,57.26,4723.0,37.11,2,3.259,508.63,B07,0.5308585534158851,509.98,0,2025-03-28 12:00:00,721.69,4.009,C,manha
REG-00347,M07,15,3.158,38.4,54.67554680664917,4538.0,61.6,1,3.023,593.81,A12,-0.2753285540523256,579.71,0,2025-03-28 18:00:00,792.57,6.401,A,noite
REG-00348,M03,8,2.526,42.54,62.26,1762.0,56.08,2,2.399,518.75,X00,0.5198834749920122,499.77,0,2025-03-29 00:00:00,742.12,4.8601745749389815,B,manha
REG-00349,M05,11,2.414,44.0,23.73,1861.0,47.97,1,3.36,472.67,C99,2.235484231528939,455.53,0,2025-03-29 06:00:00,735.33,4.885340393552034,A,manha
REG-00350,M02,6,2.473,40.2,52.11,4987.0,32.41,1,2.389,543.47,C99,-1.4898795606710118,529.8,0,2025-03-29 12:00:00,780.5111111111112,5.374,B,manha
REG-00351,M05,1,2.139,45.78,61.21,2172.0,39.44,1,2.663,471.42,A12,0.4872874668914599,482.92,0,2025-03-29 18:00:00,797.96,6.951,A,tarde
REG-00352,M03,2,1.724,42.67,50.07,2725.0,34.6,0,1.847,487.25,C99,1.8320032850557328,485.07,0,2025-03-30 00:00:00,778.67,5.823,B,manha
REG-00353,M06,14,3.229,45.55,55.43,2082.0,48.91,2,3.059,572.66,B07,-1.17458999608444,568.8,0,2025-03-30 06:00:00,796.13,7.011,B,tarde
REG-00354,M07,12,3.228,42.87,64.01,2452.0,43.25,1,2.238,565.88,A12,1.0011000918459154,557.16,0,2025-03-30 12:00:00,773.32,5.732084005570954,B,manha
REG-00355,M07,6,1.367,43.69,55.97,3169.0,53.3,1,1.667,548.69,B07,1.134717244566627,527.28,0,2025-03-30 18:00:00,762.52,5.559,B,noite
REG-00356,M08,11,3.172,39.15,73.1,2028.0,51.2,2,2.43,550.62,A12,-1.4768461549088636,551.0,0,2025-03-31 00:00:00,742.18,5.648018277715403,C,noite
REG-00357,M01,1,3.026,39.16,68.52,2534.0,48.63,0,3.335,530.56,B07,0.7123617144181911,505.05,0,2025-03-31 06:00:00,734.19,4.629,C,tarde
REG-00358,M02,1,1.575,41.85249999999999,53.58,2281.0,52.24,1,2.27,510.75,X00,-0.2713159011611296,512.27,0,2025-03-31 12:00:00,762.98,6.023,B,tarde
REG-00359,M08,8,2.486,44.86,52.62,1253.0,50.11,0,3.562,453.44,X00,-0.060445796509853,452.78,0,2025-03-31 18:00:00,788.23,6.361,B,noite
REG-00360,M04,10,3.135,37.4,20.8,4104.0,40.92,0,2.542,560.73,C99,-0.3249547252196993,545.78,0,2025-04-01 00:00:00,730.78,4.769,C,noite
REG-00361,M01,15,4.19,42.81,54.67554680664917,4543.0,65.48,3,3.343,608.06,X00,1.3126890914346314,591.79,0,2025-04-01 06:00:00,773.75,5.937,A,tarde
REG-00362,M03,12,3.499,31.32,38.76,2866.0,54.99,1,1.593,575.7,X00,-0.1121210203994272,562.07,0,2025-01-04 12:00:00,739.5666666666667,5.183744949599415,A,noite
REG-00363,M07,4,1.05,39.42,57.65,1659.0,71.04,0,2.197,525.46,A12,-0.463313534650632,523.76,0,2025-04-01 18:00:00,768.33,5.510142169638302,A,noite
REG-00364,M03,13,3.444,46.32,54.67554680664917,3500.0,54.32,0,1.129,523.9,B07,-0.4463755133422097,512.2,0,2025-04-02 00:00:00,772.2,5.521725340945132,B,noite
REG-00365,M01,8,3.697,41.44,63.35,3043.0,52.97,0,2.305,541.61,B07,-0.3409899558890892,541.75,0,2025-02-04 06:00:00,793.32,6.276,A,tarde
REG-00366,M06,13,3.47,42.53,71.76,3115.0,54.09,1,2.826,584.97,C99,-1.0795355199305363,582.61,0,2025-04-02 12:00:00,748.8277777777779,5.2,C,manha
REG-00367,M02,3,1.37,28.43,54.68,3298.0,37.41,0,2.123,543.23,X00,-0.4721340575694767,535.95,0,2025-04-02 18:00:00,795.2444444444445,6.48,B,manha
REG-00368,M03,1,1.757,40.23,82.36,3815.0,33.09,0,1.34,483.42,X00,0.1176696247034193,482.73,0,2025-03-04 00:00:00,754.4,5.581,A,tarde
REG-00369,M01,1,1.054,43.52,57.79,971.0,39.73,0,1.44,457.25,A12,0.404381419982511,442.19,0,2025-04-03 06:00:00,757.0111111111111,5.867,C,tarde
REG-00370,M05,15,4.005,44.09,39.28,1217.0,59.25,0,3.576,503.38,C99,1.2040390578428064,500.5,0,2025-04-03 12:00:00,738.338888888889,4.508680483735297,C,tarde
REG-00371,M04,2,1.33,46.33,48.26,1201.0,51.25,0,1.003,478.17,A12,0.2409788995417568,472.84,0,2025-03-04 18:00:00,760.56,5.26,A,manha
REG-00372,M07,15,3.483,41.05,50.53,1449.0,56.71,0,1.935,529.74,B07,-0.4744697295968686,528.85,0,2025-04-04 00:00:00,763.2833333333333,5.096,A,tarde
REG-00373,M03,11,2.544,41.25,62.11,4881.0,42.65,2,2.021,591.17,B07,-1.011039993814958,574.26,0,2025-04-04 06:00:00,749.93,5.909,A,noite
REG-00374,M02,3,1.644,36.01,43.63,3866.0,34.68,1,3.31,466.26,C99,0.2944868808066018,464.62,0,2025-04-04 12:00:00,733.12,4.8,A,manha
REG-00375,M02,13,3.859,41.08,51.42,3590.0,34.72,2,4.145,553.65,X00,-0.1173707807578381,536.46,0,2025-04-04 18:00:00,729.5555555555555,4.754616031660667,A,manha
REG-00376,M02,3,2.526,36.32,53.07,3735.0,58.53,0,2.179,521.6,X00,-0.0843172440141746,505.47,0,2025-04-05 00:00:00,708.88,3.497,C,noite
REG-00377,M04,3,1.638,33.68,54.67554680664917,940.0,32.11,0,2.337,453.93,B07,0.2625295171480977,450.73,0,2025-05-04 06:00:00,761.9833333333332,5.559,B,noite
REG-00378,M01,9,2.155,37.12,64.74,1695.0,57.41,0,1.398,519.06,C99,0.5193890812447299,511.15,0,2025-04-05 12:00:00,774.2944444444444,6.107,A,noite
REG-00379,M04,5,1.308,48.79,62.7,4135.0,44.32,0,2.112,539.27,A12,0.2697352241364703,535.03,0,2025-04-05 18:00:00,752.23,5.648018277715403,B,noite
REG-00380,M07,5,1.587,41.85249999999999,69.0,2743.0,44.64,1,1.265,542.18,A12,-0.1705181032447013,529.87,0,2025-06-04 00:00:00,756.37,5.648018277715403,B,noite
REG-00381,M07,3,2.526,42.99,51.03,2935.0,37.19,1,2.238,501.85,X00,-0.801381804043432,495.97,0,2025-04-06 06:00:00,775.24,5.648018277715403,C,manha
REG-00382,M06,10,3.241,39.69,69.43,3951.0,37.55,1,4.433,522.97,X00,-0.6127847688760355,512.27,0,2025-04-06 12:00:00,744.54,4.705,C,tarde
REG-00383,M08,1,1.378,33.94,38.63,1115.0,24.58,0,2.071,441.07,X00,0.8482598251254296,434.18,0,2025-06-04 18:00:00,778.78,5.706,B,manha
REG-00384,M07,4,2.727,46.21,38.34,4154.0,60.54,0,1.783,508.04,B07,-0.4235862383967205,513.0,0,2025-04-07 00:00:00,779.56,5.78,A,tarde
REG-00385,M06,9,2.347,32.23,40.43,3659.0,47.17,3,1.77,567.73,C99,-1.3460427924374614,559.94,1,2025-04-07 06:00:00,762.93,6.15,C,noite
REG-00386,M07,8,2.433,39.5,55.11,2495.0,58.1,2,0.936,598.67,A12,1.1595746815122323,584.7,0,2025-07-04 12:00:00,758.6,5.823,B,tarde
REG-00387,M01,11,2.444,41.75,69.43,2897.0,64.82,0,2.975,497.62,C99,-0.9423784922308192,489.18,0,2025-04-07 18:00:00,751.84,5.208,C,tarde
REG-00388,M07,4,2.466,43.04,47.77,1111.0,34.87,0,3.089,463.25,B07,0.0352471038070223,448.91,0,2025-04-08 00:00:00,725.8722222222221,4.488961513534384,A,manha
REG-00389,M03,10,3.744,38.73,49.28,1660.0,52.08,2,2.299,542.44,X00,0.4911630852094514,537.4,0,2025-08-04 06:00:00,787.03,6.025,C,manha
REG-00390,M06,12,2.267,33.73,52.41,1834.0,49.94,2,1.753,526.74,B07,0.0032183755377778,512.27,0,2025-04-08 12:00:00,744.29,5.34,B,manha
REG-00391,M08,6,2.526,38.4,61.87,4486.0,28.31,0,2.521,468.21,C99,-2.4781378957115345,470.1,0,2025-04-08 18:00:00,736.1388888888889,4.651,A,manha
REG-00392,M04,4,2.589,38.63,49.27,1273.0,37.57,2,2.525,469.18,C99,0.3904879966067264,465.45,0,2025-09-04 00:00:00,762.27,5.477,B,noite
REG-00393,M01,9,2.019,38.52,48.6,2023.0,52.85,0,0.902,490.48,X00,1.3264632501254123,467.74,0,2025-04-09 06:00:00,759.06,5.685,B,tarde
REG-00394,M03,9,2.925,46.37,38.86,1353.0,39.81,3,3.6,566.33,A12,0.7865322279998569,555.79,0,2025-04-09 12:00:00,787.3444444444444,6.254636715895145,A,noite
REG-00395,M04,2,2.31,36.54,48.14,1995.0,33.5,0,3.522,474.87,B07,-2.123993981995468,472.47,0,2025-09-04 18:00:00,824.6,7.355865359423048,B,noite
REG-00396,M08,9,2.705,43.35,69.13,844.0,43.72,2,2.245,478.63,B07,2.127244323002701,479.49,0,2025-04-10 00:00:00,734.44,4.736827590010893,C,manha
REG-00398,M05,9,2.526,46.32,46.12,3839.0,23.79,1,4.097,488.88,X00,-1.078419459644545,488.2,0,2025-10-04 12:00:00,740.74,5.648018277715403,B,noite
REG-00399,M08,14,4.197,41.4,69.83,4023.0,57.82,1,1.487,589.84,X00,0.7818775935372912,575.14,1,2025-04-10 18:00:00,764.6800000000001,5.963126904673258,B,manha
REG-00400,M04,9,2.526,41.85249999999999,47.98,2393.0,42.76,0,1.317,521.37,A12,0.4528414508923168,517.03,0,2025-04-11 00:00:00,757.31,5.7,A,noite
REG-00401,M04,12,2.82,41.23,72.04,3765.0,41.71,1,3.602,539.51,C99,0.0803351052398086,539.09,0,2025-11-04 06:00:00,731.28,4.56832002647582,C,manha
REG-00402,M07,5,2.526,43.95,54.67554680664917,3398.0,37.67,0,2.002,462.19,X00,-0.5694062421964425,462.05,0,2025-04-11 12:00:00,754.98,5.102,C,noite
REG-00403,M06,14,3.76,35.24,55.67,4593.0,59.81,2,1.894,588.68,B07,1.3308567282298165,574.86,0,2025-04-11 18:00:00,770.11,6.032,A,noite
REG-00404,M05,13,2.573,30.13,37.02,4179.0,59.29,0,2.772,552.98,C99,-0.0393258501816399,545.45,0,2025-12-04 00:00:00,748.82,5.224,C,manha
REG-00405,M04,14,3.206,43.7,82.47,1763.0,54.03,1,3.594,551.97,C99,-1.5658170096245527,548.75,0,2025-04-12 06:00:00,737.31,4.321,C,manha
REG-00406,M06,12,2.526,43.94,59.65,3272.0,62.51,1,2.871,533.11,A12,1.2322999499784633,527.66,0,2025-04-12 12:00:00,743.17,4.88,A,noite
REG-00407,M07,10,2.574,44.14,51.11,4102.0,62.23,0,1.453,558.19,X00,0.2192849929671747,512.27,0,2025-12-04 18:00:00,754.9833333333333,5.321,C,manha
REG-00408,M04,8,2.666,39.64,66.47,2083.0,54.4,1,1.482,547.57,X00,1.1150067072879697,529.87,0,2025-04-13 00:00:00,768.23,5.568,A,tarde
REG-00409,M01,14,4.474,48.7,63.43,3206.0,45.25,1,2.893,576.43,B07,0.5725486234558245,556.34,0,2025-04-13 06:00:00,771.9888888888888,6.378,C,manha
REG-00410,M01,13,3.135,39.93,70.73,2481.0,56.53,0,1.626,536.71,B07,2.391622746205688,542.58,0,2025-04-13 12:00:00,787.22,6.48457645582537,B,manha
REG-00411,M02,7,2.214,43.89,47.05,2096.0,49.39,0,2.765,483.28,X00,-0.3099702717922276,477.33,0,2025-04-13 18:00:00,755.4055555555556,5.843,B,noite
REG-00412,M04,2,2.217,44.68,58.82,1637.0,27.61,1,3.784,453.81,X00,0.016093241321219,452.18,0,2025-04-14 00:00:00,737.18,4.908,A,noite
REG-00413,M05,1,1.738,49.73,40.77,948.0,17.37,0,2.126,438.85,A12,0.7198306439597918,428.07,0,2025-04-14 06:00:00,742.4,5.0,C,tarde
REG-00414,M07,4,2.668,40.57,63.0,3949.0,15.53,0,2.555,514.5,B07,-0.3037922858067076,498.55,0,2025-04-14 12:00:00,764.6800000000001,4.692,A,noite
REG-00415,M02,1,2.526,39.06,54.72,4239.0,37.04,1,2.576,528.27,C99,0.8026377088302911,517.89,0,2025-04-14 18:00:00,768.59,5.762,A,manha
REG-00416,M07,4,2.526,35.26,58.37,3537.0,43.38,2,3.238,534.87,A12,-2.947413065987675,533.84,0,2025-04-15 00:00:00,761.3222222222223,5.544,A,manha
REG-00417,M06,2,0.957,48.99,53.24,1812.0,246.77688747342552,0,2.967,426.42,X00,-0.0727832558256763,425.33,0,2025-04-15 06:00:00,775.79,5.495,C,tarde
REG-00418,M01,15,2.721,43.9,51.99,879.0,65.55,0,0.558,559.35,A12,-0.1029924686664572,546.19,0,2025-04-15 12:00:00,770.14,5.615287028227085,A,noite
REG-00419,M03,2,0.934,44.04,44.58,3453.0,39.23,2,2.158,531.53,X00,-0.1392152134881381,518.0,0,2025-04-15 18:00:00,746.7555555555556,4.99,C,manha
REG-00420,M03,10,2.971,56.03,64.49,1639.0,63.19,1,3.204,572.93,A12,-0.8769269485084461,563.35,0,2025-04-16 00:00:00,794.6,6.682593527213558,B,manha
REG-00421,M08,6,1.667,43.46,72.88,3105.0,46.65,1,1.675,532.56,X00,0.9061228385462992,523.67,0,2025-04-16 06:00:00,776.46,6.155,A,tarde
REG-00422,M08,3,2.455,36.14,48.32,4874.0,25.8,1,2.895,529.53,A12,-0.5044448237719364,521.31,0,2025-04-16 12:00:00,764.2277777777776,5.423,A,noite
REG-00423,M07,11,2.944,41.12,61.64,818.0,53.7,2,3.65,499.87,C99,0.2002744000719859,490.36,0,2025-04-16 18:00:00,781.65,6.314,A,manha
REG-00424,M05,15,2.526,37.61,60.19,3224.0,61.04,4,2.569,568.19,B07,-0.0371636397143548,554.15,0,2025-04-17 00:00:00,788.07,6.278,B,tarde
REG-00425,M04,12,2.68,40.22,55.1,4976.0,42.83,0,2.144,561.92,B07,0.5003642078537972,548.65,0,2025-04-17 06:00:00,745.52,4.061,A,noite
REG-00426,M03,15,2.526,40.19,36.68,2204.0,35.69,0,1.915,493.55,A12,1.430960798903887,486.07,0,2025-04-17 12:00:00,752.92,5.118,A,tarde
REG-00427,M07,9,2.308,39.36,39.38,4220.0,47.0,0,1.691,536.7,C99,0.1951038552133674,529.15,0,2025-04-17 18:00:00,755.65,5.747,C,manha
REG-00428,M01,11,2.487,35.73,45.63,4278.0,36.19,2,2.012,521.18,C99,0.8413970263814929,514.16,0,2025-04-18 00:00:00,777.27,5.429,A,manha
REG-00429,M03,3,2.425,49.17,29.33,2843.0,52.05,1,2.635,505.13,B07,0.1448701718395875,503.81,0,2025-04-18 06:00:00,755.09,5.392104138225845,C,tarde
REG-00430,M02,13,3.35,43.34,71.9,2088.0,45.71,0,1.744,532.59,B07,-0.5060081939264898,530.97,0,2025-04-18 12:00:00,779.54,6.641087163364084,C,tarde
REG-00431,M04,12,2.954,40.99,59.41,3657.0,70.1,2,1.83,614.74,C99,-0.1415575365599412,601.37,0,2025-04-18 18:00:00,715.54,3.9,C,noite
REG-00432,M03,4,2.309,41.85249999999999,54.64,3401.0,14.31,1,1.197,476.52,C99,-0.2835423814228122,475.1,0,2025-04-19 00:00:00,785.0,6.251,B,tarde
REG-00433,M02,6,2.284,44.12,28.72,2801.0,43.82,0,1.295,520.84,C99,0.5681621319195349,506.73,0,2025-04-19 06:00:00,750.28,4.752,C,noite
REG-00434,M04,10,2.972,43.24,33.11,1609.0,64.15,1,1.887,538.93,A12,0.106652042269184,531.37,0,2025-04-19 12:00:00,749.91,5.767,A,noite
REG-00435,M07,1,1.262,45.08,54.97,3927.0,25.52,0,3.238,511.38,C99,-0.7942645825620018,497.37,0,2025-04-19 18:00:00,810.91,6.998,A,tarde
REG-00436,M05,13,4.122,42.6,78.65,1687.0,48.69,2,1.729,585.95,B07,-0.2219622641132027,572.27,0,2025-04-20 00:00:00,766.81,5.721,A,tarde
REG-00437,M07,5,1.889,45.02,46.62,1364.0,36.16,1,1.075,488.49,B07,-1.5259166990760864,474.63,0,2025-04-20 06:00:00,773.661111111111,6.383844233924902,B,noite
REG-00438,M08,2,2.46,45.39,65.37,1082.0,29.19,0,1.146,489.92,B07,-0.1846031886504178,486.43,0,2025-04-20 12:00:00,773.47,6.135564472758864,B,manha
REG-00439,M08,5,2.065,42.73,49.24,2674.0,43.94,0,1.421,506.77,B07,0.0013058679042488,496.06,0,2025-04-20 18:00:00,744.95,4.742,B,noite
REG-00440,M03,13,3.553,41.01,55.66,1304.0,35.05,1,2.643,489.55,A12,1.8084482003859388,512.27,0,2025-04-21 00:00:00,737.32,4.593,C,noite
REG-00441,M08,5,2.48,48.89,69.58,2209.0,39.67,0,1.351,515.81,B07,1.3484520608444754,520.42,1,2025-04-21 06:00:00,772.7,6.054,A,manha
REG-00442,M08,9,3.186,39.85,50.85,1815.0,51.99,1,2.729,546.82,C99,-1.034074597646384,525.33,0,2025-04-21 12:00:00,774.6777777777778,5.721948730677477,B,tarde
REG-00443,M08,13,2.812,43.76,46.72,2730.0,48.02,0,1.81,518.61,A12,0.2017694193317795,493.09,0,2025-04-21 18:00:00,740.08,4.161,A,manha
REG-00444,M03,1,2.114,43.86,72.02,4066.0,24.2,0,1.725,540.63,X00,0.219310314122081,512.27,0,2025-04-22 00:00:00,778.57,5.648018277715403,A,manha
REG-00445,M02,12,3.891,39.26,55.55,2691.0,61.76,0,3.282,590.06,B07,-0.2304373527647899,512.27,1,2025-04-22 06:00:00,810.12,6.485679614997449,B,tarde
REG-00446,M05,5,2.034,38.36,68.09,3139.0,49.76,1,2.631,563.66,C99,-0.1666885248812165,550.69,0,2025-04-22 12:00:00,752.31,5.835,C,manha
REG-00447,M08,11,2.946,40.41,46.78,1400.0,35.71,0,1.852,392.93,A12,-0.3539497432921963,389.67,0,2025-04-22 18:00:00,772.81,5.946,B,noite
REG-00448,M08,3,1.654,39.79,71.88,1274.0,23.07,0,2.456,454.93,A12,1.8727084868833055,449.07,0,2025-04-23 00:00:00,758.69,5.144,A,noite
REG-00449,M05,3,1.734,35.44,58.28,4901.0,27.18,0,0.747,523.29,X00,-0.4161842534339443,507.96,0,2025-04-23 06:00:00,766.53,5.451261048828583,B,noite
REG-00450,M02,12,3.83,39.07,60.22,3403.0,55.94,0,3.001,522.21,X00,0.3409371435992682,522.17,0,2025-04-23 12:00:00,764.6800000000001,4.152,A,manha
REG-00451,M04,13,2.526,43.2,56.58,865.0,53.91,2,2.865,512.03,A12,-2.5290301337291674,512.82,0,2025-04-23 18:00:00,724.2,4.041,C,manha
REG-00452,M06,15,3.026,47.7,48.93,3173.0,62.48,2,1.212,576.8,X00,0.8235683833998559,571.41,0,2025-04-24 00:00:00,761.88,5.912,A,manha
REG-00453,M05,11,3.655,44.49,54.98,842.0,44.29,2,3.18,531.01,X00,1.184254807252436,517.99,0,2025-04-24 06:00:00,736.38,5.572,A,manha
REG-00454,M03,7,2.691,30.3,49.69,1124.0,32.3,0,3.848,446.07,A12,-1.0520300291006222,446.3,0,2025-04-24 12:00:00,734.8555555555555,5.0,A,noite
REG-00455,M03,3,2.844,44.89,66.51,2368.0,49.63,0,1.291,546.91,A12,-0.5118867500884194,540.61,0,2025-04-24 18:00:00,771.95,5.826,A,tarde
REG-00456,M01,5,1.947,39.49,52.56,3557.0,34.36,1,2.153,526.46,A12,0.4515035201263798,519.52,0,2025-04-25 00:00:00,747.22,4.965,C,manha
REG-00457,M03,10,2.857,44.04,37.04,3405.0,49.24,2,2.603,575.5,X00,0.0194606944124469,574.97,0,2025-04-25 06:00:00,811.61,6.7136888263765355,B,noite
REG-00458,M06,6,1.983,41.94,34.85,4122.0,23.6,1,1.335,498.96,X00,0.4663695905192231,510.82,0,2025-04-25 12:00:00,743.9722222222222,5.74,C,tarde
REG-00459,M02,8,2.604,41.13,34.28,1554.0,37.76,0,1.459,504.03,C99,-0.2872410645747687,504.67,0,2025-04-25 18:00:00,778.33,5.984,B,manha
REG-00460,M08,3,1.092,41.54,62.42,1605.0,50.71,1,1.782,538.8,B07,1.8632653870515217,528.78,0,2025-04-26 00:00:00,778.63,6.799,B,manha
REG-00461,M01,7,2.718,41.9,41.18,3039.0,34.8,2,1.603,533.31,X00,-0.6697401321390095,521.6,0,2025-04-26 06:00:00,763.4333333333334,6.091,A,tarde
REG-00462,M05,4,2.166,48.05,58.6,4448.0,49.57,0,1.363,561.99,X00,2.691574713048216,549.79,0,2025-04-26 12:00:00,-45.55555555555556,5.022683710475875,C,noite
REG-00463,M04,2,1.734,41.91,56.64,3835.0,9.43,0,0.485,479.09,X00,1.241923917349136,467.21,0,2025-04-26 18:00:00,768.95,5.536,A,manha
REG-00464,M07,2,1.584,46.88,54.22,3611.0,30.69,0,1.828,540.3,B07,0.8321152873843225,537.25,0,2025-04-27 00:00:00,786.89,6.073,B,noite
REG-00465,M08,8,2.137,46.23,60.26,1195.0,42.54,3,2.61,544.36,C99,-1.0404776343573,542.94,1,2025-04-27 06:00:00,776.4,5.964,B,noite
REG-00466,M05,6,2.526,45.0,56.9,4487.0,63.11,1,1.049,569.25,C99,0.9096823836949726,557.88,0,2025-04-27 12:00:00,774.56,5.916,B,noite
REG-00467,M06,2,1.233,33.96,22.48,4934.0,23.37,1,3.003,557.25,A12,0.603938430680615,550.69,0,2025-04-27 18:00:00,718.38,5.300128242253754,C,manha
REG-00468,M06,8,2.77,47.02,51.12,3245.0,52.65,0,2.676,479.38,C99,-2.1196104026729263,465.14,0,2025-04-28 00:00:00,740.49,4.5377763068988815,A,manha
REG-00469,M05,3,2.824,39.94,60.1,2214.0,51.28,0,1.256,532.3,C99,-1.404600307221224,521.43,0,2025-04-28 06:00:00,769.8,5.874,B,noite
REG-00470,M02,1,2.298,45.22,74.68,3582.0,27.54,0,2.797,481.31,C99,0.3576279264154971,464.08,0,2025-04-28 12:00:00,734.7666666666667,4.959,A,manha
REG-00471,M04,2,2.526,37.62,75.24,3498.0,32.92,0,1.447,542.6,B07,-0.1332997216658097,538.25,0,2025-04-28 18:00:00,793.92,6.517,B,tarde
REG-00472,M02,7,2.168,36.67,38.64,4702.0,45.1,0,2.806,558.69,C99,-0.5164782095508309,542.02,0,2025-04-29 00:00:00,784.5388888888889,6.275,A,noite
REG-00473,M04,15,2.526,50.89,54.67554680664917,1265.0,35.22,2,3.397,496.7,X00,1.078949194455462,512.27,0,2025-04-29 06:00:00,738.6555555555556,4.494,A,manha
REG-00474,M05,4,1.988,37.69,36.21,2964.0,34.34,1,1.768,504.25,C99,-0.8837792884193246,496.37,0,2025-04-29 12:00:00,768.0999999999999,5.78,A,noite
REG-00475,M02,5,1.52,47.16,73.24,3779.0,237.896006160936,1,3.129,530.44,X00,-0.4552409430160591,518.67,0,2025-04-29 18:00:00,744.39,5.211,A,noite
REG-00476,M02,4,2.193,42.53,67.15,2265.0,46.07,0,1.637,491.89,X00,-0.6470297880169557,491.96,0,2025-04-30 00:00:00,775.51,6.08,B,noite
REG-00477,M07,6,2.275,40.11,59.21,4329.0,40.32,0,1.368,529.62,B07,0.5101692578797279,514.74,0,2025-04-30 06:00:00,773.5722222222223,6.107,B,tarde
REG-00478,M04,11,3.791,41.8,56.99,1071.0,49.56,0,3.942,504.65,C99,-1.719458199821009,488.3,0,2025-04-30 12:00:00,791.83,6.949,B,noite
REG-00479,M02,5,2.036,36.15,71.57,1242.0,47.97,1,3.231,502.62,C99,-0.4976718518504046,499.09,0,2025-04-30 18:00:00,755.7833333333333,5.701,A,tarde
REG-00480,M06,10,3.326,41.85249999999999,69.54,4121.0,56.27,1,2.049,586.11,X00,-1.7227652206626862,572.83,0,2025-05-01 00:00:00,781.21,6.161,A,noite
REG-00481,M06,14,2.526,37.13,68.9,1328.0,45.12,2,1.99,493.75,B07,-0.3128754752418948,484.24,0,2025-05-01 06:00:00,758.58,5.0472290020546335,A,manha
REG-00482,M07,15,2.987,40.22,60.48,2557.0,71.42,0,2.587,514.22,A12,0.7230490097575197,503.54,0,2025-01-05 12:00:00,769.31,5.569,B,noite
REG-00483,M07,9,2.995,46.16,50.81,1980.0,61.6,0,2.793,526.42,C99,0.7408964952471109,512.24,0,2025-05-01 18:00:00,732.438888888889,5.648018277715403,A,manha
REG-00484,M08,11,3.418,43.14,64.21,3690.0,56.33,0,2.492,561.27,C99,-0.7275983327674701,548.89,0,2025-05-02 00:00:00,759.5555555555555,5.575,A,manha
REG-00485,M05,14,2.889,35.33,64.79,850.0,41.68,1,2.544,509.49,C99,0.5333219529159293,503.06,1,2025-02-05 06:00:00,771.11,5.666032350142721,A,manha
REG-00486,M03,12,3.071,45.83,52.71,2298.0,37.16,2,2.493,550.56,C99,-0.1851634222449387,535.86,0,2025-05-02 12:00:00,790.92,6.1,B,tarde
REG-00487,M07,5,1.528,41.97,50.79,4941.0,37.08,1,3.429,596.29,C99,1.3610849730784085,578.71,0,2025-05-02 18:00:00,808.3000000000001,6.533115459396847,A,tarde
REG-00488,M03,2,1.678,39.56,54.67554680664917,2349.0,38.13,2,3.371,547.69,A12,-0.1299628614739487,543.96,1,2025-03-05 00:00:00,811.74,6.474,B,tarde
REG-00489,M03,2,2.137,45.36,74.97,3313.0,16.18,0,1.189,539.69,X00,-2.9730473622832214,531.72,0,2025-05-03 06:00:00,780.46,6.032,B,tarde
REG-00490,M07,14,2.526,41.25,46.01,4949.0,57.74,2,1.669,649.94,B07,0.8946810087109731,512.27,0,2025-05-03 12:00:00,775.2777777777778,5.444,B,noite
REG-00491,M08,9,2.558,36.75,51.84,3351.0,61.25,3,2.284,557.17,A12,-0.4590991992390889,544.34,1,2025-03-05 18:00:00,789.45,6.033,B,noite
REG-00492,M03,5,1.642,50.32,54.67554680664917,3970.0,47.92,2,2.638,512.16,X00,-0.2741999521494339,494.95,0,2025-05-04 00:00:00,757.92,5.3,B,manha
REG-00493,M06,6,2.526,41.92,60.84,4827.0,34.09,1,2.958,538.29,X00,0.3359234722405013,532.36,0,2025-05-04 06:00:00,783.99,5.752,A,noite
REG-00494,M08,5,2.941,41.63,48.73,3392.0,31.47,0,2.472,513.85,C99,-1.4247079130747369,505.2,0,2025-04-05 12:00:00,757.51,5.558,C,noite
REG-00495,M07,13,3.223,40.18,77.6,4294.0,54.2,0,3.008,558.74,C99,0.074653574878649,552.22,0,2025-05-04 18:00:00,790.62,6.678,B,tarde
REG-00496,M01,10,2.349,47.31,60.07,2934.0,45.16,1,2.622,544.74,A12,0.5344969948855168,539.72,0,2025-05-05 00:00:00,785.37,6.069,B,manha
REG-00497,M06,14,3.178,39.64,61.38,4219.0,57.12,0,3.625,565.97,B07,0.3640641894630692,512.27,0,2025-05-05 06:00:00,812.01,6.907,B,noite
REG-00498,M02,5,12.57380520489562,41.85249999999999,76.11,3496.0,48.22,0,1.823,497.82,A12,-0.598931251033421,496.64,0,2025-05-05 12:00:00,766.08,5.870392586770364,A,noite
REG-00499,M07,8,2.084,38.95,49.61,2225.0,57.7,3,2.682,549.02,B07,0.9919319635212448,542.76,0,2025-05-05 18:00:00,778.97,5.819,B,noite
REG-00500,M01,2,2.372,47.97,53.94,3144.0,23.81,0,2.027,486.93,B07,-0.997495949245944,486.86,0,2025-06-05 00:00:00,808.16,6.671,B,manha
REG-00501,M08,15,3.386,45.74,39.96,2206.0,55.66,1,1.558,564.36,A12,-0.625521632378334,512.27,0,2025-05-06 06:00:00,768.4166666666666,6.171,C,noite
REG-00502,M02,8,3.391,40.85,52.93,2467.0,40.24,2,1.911,520.98,C99,-0.1360014355271444,511.4,0,2025-05-06 12:00:00,750.22,5.516140597636481,C,tarde
REG-00503,M04,9,2.627,48.18,37.13,2025.0,44.62,0,3.067,497.99,C99,0.2954683592718488,494.03,0,2025-06-05 18:00:00,786.09,6.493,B,tarde
REG-00504,M02,7,2.394,45.37,63.97,2862.0,53.77,0,3.516,546.92,B07,-0.3245433183559915,538.54,0,2025-05-07 00:00:00,789.52,6.709,B,tarde
REG-00505,M07,5,2.438,40.8,60.04,2256.0,52.68,0,0.244,499.73,X00,1.2285868990015936,494.09,0,2025-05-07 06:00:00,757.51,4.733,C,noite
REG-00506,M04,15,2.247,41.25,51.68,3429.0,69.78,2,4.04,606.44,B07,0.295286213601152,588.46,0,2025-07-05 12:00:00,730.58,5.091,A,manha
REG-00507,M06,8,2.632,43.48,53.79,2351.0,49.71,0,2.903,474.84,A12,0.0756579636998682,471.3,0,2025-05-07 18:00:00,728.24,4.684,C,tarde
REG-00508,M01,11,2.908,38.26,64.14,2862.0,46.88,0,2.381,498.83,X00,0.2601361591231718,486.45,0,2025-05-08 00:00:00,765.03,6.005,B,noite
REG-00509,M04,1,2.299,42.02,41.37,1388.0,33.17,0,2.812,462.9,A12,0.7329059309617004,461.61,0,2025-08-05 06:00:00,737.6333333333333,4.965,A,manha
REG-00510,M08,5,2.584,43.39,57.45,2423.0,20.18,0,3.019,480.87,A12,0.240774893141017,467.34,0,2025-05-08 12:00:00,751.41,5.259,A,noite
REG-00511,M08,13,2.68,34.41,63.39,2294.0,66.68,2,2.047,552.6,B07,-1.8095168331490816,536.26,0,2025-05-08 18:00:00,767.4222222222221,5.626,C,tarde
REG-00512,M02,2,2.526,41.15,33.61,4836.0,33.54,0,0.722,561.56,C99,1.0895088640288708,544.71,0,2025-09-05 00:00:00,759.96,5.627,A,noite
REG-00513,M04,2,1.642,40.64,54.67554680664917,2676.0,43.47,0,1.48,555.02,B07,0.119675208076098,512.27,0,2025-05-09 06:00:00,766.54,5.586949626994305,A,noite
REG-00514,M04,13,2.783,46.63,34.91,890.0,58.75,3,3.461,524.21,X00,0.6848528072217465,514.16,0,2025-05-09 12:00:00,732.96,4.993,A,manha
REG-00515,M05,5,2.239,33.7,53.59,2099.0,26.06,1,1.83,521.42,B07,-0.4059435260331593,503.96,0,2025-09-05 18:00:00,754.69,4.785,A,noite
REG-00516,M05,5,2.059,40.28,41.04,3863.0,29.92,0,1.98,461.02,X00,-1.8267165460869084,441.41,0,2025-05-10 00:00:00,765.57,5.478,A,manha
REG-00517,M01,9,3.362,39.83,72.17,1494.0,64.36,1,3.046,569.14,C99,-2.2789096198743364,569.58,0,2025-05-10 06:00:00,796.71,7.317,B,tarde
REG-00518,M07,3,2.526,41.85249999999999,41.11,1484.0,42.09,1,1.555,468.42,A12,-0.94436778935777,466.26,0,2025-10-05 12:00:00,754.96,5.13,A,tarde
REG-00520,M03,1,2.035,50.08,56.6,2298.0,34.68,0,1.841,476.43,A12,1.2978909549642772,461.03,0,2025-05-11 00:00:00,782.58,5.868,C,manha
REG-00521,M07,2,2.252,44.98,50.04,2819.0,50.43,1,2.124,514.36,X00,0.3019712252759173,518.65,0,2025-11-05 06:00:00,754.68,5.458017898757568,A,manha
REG-00522,M06,3,2.243,40.15,36.94,943.0,49.81,0,0.635,448.2,C99,-1.052227409374164,455.61,0,2025-05-11 12:00:00,750.52,4.958,A,noite
REG-00523,M04,11,3.569,43.08,61.31,3827.0,30.61,0,2.028,505.78,B07,-0.7841241436436474,506.95,0,2025-05-11 18:00:00,782.87,6.121,B,tarde
REG-00524,M08,5,2.526,40.41,31.1,1698.0,60.61,0,0.265,545.76,C99,1.3607830986511766,551.39,0,2025-12-05 00:00:00,769.66,6.087,A,tarde
REG-00525,M04,2,1.835,45.87,42.57,3787.0,48.99,0,1.513,520.25,C99,-1.3107808705415498,510.42,0,2025-05-12 06:00:00,752.28,5.024,A,manha
REG-00526,M05,1,2.188,36.01,48.1,3171.0,34.37,1,2.793,549.68,C99,2.1017728815143637,550.11,0,2025-05-12 12:00:00,755.44,5.639,C,tarde
REG-00527,M02,8,2.499,38.29,64.63,1651.0,30.3,0,2.069,437.32,B07,1.876037525824629,444.18,0,2025-12-05 18:00:00,725.0166666666667,4.738,C,noite
REG-00528,M02,13,3.205,44.05,70.55,2772.0,63.25,0,3.665,562.05,B07,2.134722069869885,554.07,0,2025-05-13 00:00:00,725.67,4.839,C,manha
REG-00529,M04,6,3.055,47.52,68.23,953.0,47.92,1,3.858,468.93,B07,0.3807014874844444,461.86,0,2025-05-13 06:00:00,765.311111111111,5.709,A,tarde
REG-00530,M05,1,2.36,32.09,53.16,3747.0,18.71,0,2.973,476.58,X00,-0.3415248175984945,484.27,0,2025-05-13 12:00:00,778.03,7.175,B,noite
REG-00531,M07,4,2.016,41.85249999999999,25.87,2075.0,37.02,0,1.67,468.4,B07,0.3563462661515362,512.27,0,2025-05-13 18:00:00,762.81,5.953336367021056,B,manha
REG-00532,M04,8,2.336,41.37,59.69,2410.0,82.11,1,2.402,602.91,B07,0.9085849510519428,594.58,0,2025-05-14 00:00:00,759.81,5.608,A,noite
REG-00533,M08,3,2.526,33.52,72.65,1459.0,38.8,1,1.0,498.59,C99,-0.6507759057903191,494.03,0,2025-05-14 06:00:00,774.1,5.616,A,manha
REG-00534,M05,15,3.81,28.49,69.81,2332.0,44.1,0,1.439,466.99,C99,-1.1012032378261611,462.68,0,2025-05-14 12:00:00,779.01,6.036,A,noite
REG-00535,M01,12,3.202,35.12,60.56,2462.0,37.3,2,2.187,509.59,X00,-0.2839364940306632,492.76,0,2025-05-14 18:00:00,761.21,6.036,A,noite
REG-00536,M06,6,2.135,41.91,40.73,1744.0,63.47,0,2.59,524.5,A12,-0.7723077775323667,499.83,0,2025-05-15 00:00:00,788.18,6.944,B,noite
REG-00537,M05,15,3.599,41.7,48.7,4913.0,63.17,2,3.659,619.04,A12,1.2408864786503602,612.36,1,2025-05-15 06:00:00,745.25,5.575,A,manha
REG-00538,M04,5,2.14,44.85,78.21,1975.0,57.89,0,1.567,527.51,B07,-0.616429513729315,530.13,0,2025-05-15 12:00:00,778.3000000000001,6.324,A,tarde
REG-00539,M04,3,1.591,39.53,54.67554680664917,1560.0,41.58,0,1.889,466.54,C99,0.0956414665973425,461.5,0,2025-05-15 18:00:00,757.76,4.993,C,noite
REG-00540,M03,15,3.508,37.01,41.23,3102.0,68.05,2,2.499,571.45,X00,0.9830405206078427,561.47,0,2025-05-16 00:00:00,758.58,5.628,C,manha
REG-00541,M05,15,3.569,40.14,66.31,2139.0,42.82,2,2.827,553.87,C99,1.2798423103458394,546.11,0,2025-05-16 06:00:00,785.84,5.841,B,manha
REG-00542,M05,5,1.981,42.15,49.83,2706.0,42.95,0,1.848,474.99,X00,0.2085592818547212,463.15,0,2025-05-16 12:00:00,753.6,4.787297122133509,C,manha
REG-00543,M04,9,3.077,43.04,40.82,3845.0,49.24,0,1.696,559.29,A12,0.3842962366132518,533.6,0,2025-05-16 18:00:00,749.23,5.260552406955418,C,noite
REG-00544,M03,3,2.47,38.45,73.34,1128.0,55.19,1,1.9,510.09,C99,-1.0169906275034757,516.06,0,2025-05-17 00:00:00,767.41,5.905,A,noite
REG-00545,M04,10,3.236,46.06,60.53,2938.0,50.83,0,3.351,532.22,X00,1.023056646923904,528.36,0,2025-05-17 06:00:00,805.14,7.17,B,tarde
REG-00546,M04,11,2.806,39.2,50.42,891.0,40.69,2,2.041,523.22,C99,1.263523242297267,503.34,0,2025-05-17 12:00:00,751.26,5.411892055875012,A,noite
REG-00547,M04,11,3.27,38.09,41.25,984.0,48.97,1,2.7,504.4,B07,-1.8703530724191204,501.06,0,2025-05-17 18:00:00,756.69,5.58674278464954,A,tarde
REG-00548,M03,9,2.705,39.56,79.57,1188.0,25.68,2,3.395,512.51,X00,1.762945820535622,498.72,0,2025-05-18 00:00:00,789.27,6.033,B,tarde
REG-00549,M05,11,2.374,46.84,54.71,1479.0,20.35,0,2.971,439.75,X00,-0.7006594668703151,428.28,0,2025-05-18 06:00:00,793.48,6.467477488658145,B,tarde
REG-00550,M02,9,2.973,41.4,71.77,2267.0,55.78,0,1.185,543.8,B07,0.5946308881352735,526.01,1,2025-05-18 12:00:00,771.17,5.307,B,tarde
REG-00551,M05,13,3.256,38.87,65.72,4728.0,46.1,2,2.524,605.25,C99,0.0775617248158877,581.23,0,2025-05-18 18:00:00,753.65,4.608,A,manha
REG-00552,M01,3,3.057,46.17,48.75,4606.0,35.46,0,1.225,538.45,X00,-0.0603758461105761,527.87,0,2025-05-19 00:00:00,761.3055555555555,5.798,A,noite
REG-00553,M04,8,3.196,51.64,48.84,1233.0,54.57,0,3.745,483.75,A12,-0.2065179782768639,490.36,0,2025-05-19 06:00:00,711.12,3.77,C,noite
REG-00554,M07,7,2.73,42.94,72.36,4962.0,60.16,0,0.995,560.01,A12,-0.9925633320235556,512.27,0,2025-05-19 12:00:00,764.05,5.926791599442905,A,tarde
REG-00555,M07,9,2.782,47.55,72.55,3467.0,52.21,0,2.518,572.66,C99,0.5238280106479776,546.97,0,2025-05-19 18:00:00,765.1666666666666,6.042968049752479,A,tarde
REG-00556,M06,3,1.964,46.66,32.48,3125.0,61.74,0,2.499,519.67,X00,-0.2860446687556838,523.14,0,2025-05-20 00:00:00,752.11,5.046677422468594,A,manha
REG-00557,M06,5,1.698,39.27,61.6,4127.0,47.03,1,3.879,536.58,A12,-1.3094223213243914,524.74,0,2025-05-20 06:00:00,806.49,7.101,B,noite
REG-00558,M01,15,2.667,42.12,53.55,2834.0,56.63,0,2.512,523.47,C99,-1.0350046884490358,535.55,0,2025-05-20 12:00:00,759.12,5.242,B,noite
REG-00559,M03,2,1.367,36.23,42.6,1914.0,40.28,1,1.471,445.8,C99,-1.2924462636913838,449.86,0,2025-05-20 18:00:00,766.16,5.038679518471021,B,noite
REG-00560,M06,10,2.779,41.08,58.14,3024.0,31.57,1,3.435,504.21,X00,-0.5245905503020182,512.27,0,2025-05-21 00:00:00,707.98,3.983,A,manha
REG-00561,M07,10,1.853,39.18,38.8,3845.0,58.47,1,3.492,539.21,X00,0.4850993084323594,530.96,0,2025-05-21 06:00:00,746.34,4.925,A,manha
REG-00562,M05,8,2.295,40.19,49.4,3667.0,15.25,0,2.404,455.6,A12,-0.71111805059888,451.84,0,2025-05-21 12:00:00,735.88,4.622305878459438,C,manha
REG-00563,M07,1,1.519,38.63,45.42,1513.0,29.16,0,0.593,462.42,C99,0.9754415567366224,462.0,0,2025-05-21 18:00:00,763.82,6.306,B,manha
REG-00564,M03,1,1.533,40.71,49.0,4740.0,36.48,0,3.183,496.15,C99,-0.1192144794173631,504.55,0,2025-05-22 00:00:00,792.94,5.954,B,manha
REG-00565,M02,5,1.852,44.4,54.14,1995.0,31.52,0,2.423,500.72,B07,-0.2894049218413703,487.85,0,2025-05-22 06:00:00,788.49,6.489,B,manha
REG-00566,M01,2,2.526,41.46,42.81,4243.0,31.98,0,2.995,500.06,A12,0.016765430296069,512.27,0,2025-05-22 12:00:00,752.4,4.924,C,noite
REG-00567,M05,2,2.536,33.61,73.88,2109.0,59.47,1,2.389,504.95,B07,1.395154931756322,509.48,0,2025-05-22 18:00:00,748.33,5.467739488961513,A,manha
REG-00568,M06,3,2.188,38.64,60.92,1066.0,51.85,0,1.782,525.41,C99,-1.3713386919423076,517.41,0,2025-05-23 00:00:00,773.47,6.009,A,manha
REG-00569,M03,3,2.526,35.16,76.53,4985.0,30.37,1,3.236,546.7,C99,1.6563669714191442,534.04,0,2025-05-23 06:00:00,780.64,6.252085660309712,B,noite
REG-00570,M07,13,3.159,43.1,53.08,3272.0,44.97,0,1.11,528.65,C99,0.960160108924635,522.42,0,2025-05-23 12:00:00,753.27,4.967,A,tarde
REG-00571,M06,10,2.787,44.26,48.41,1701.0,31.68,1,2.902,505.95,C99,-0.0216564950373986,497.56,0,2025-05-23 18:00:00,720.11,4.035,C,noite
REG-00572,M03,1,1.284,43.15,76.1,801.0,44.66,0,1.336,509.13,X00,1.1830256847701135,501.31,0,2025-05-24 00:00:00,778.06,6.366,B,tarde
REG-00573,M02,10,2.526,38.46,48.06,1342.0,44.0,1,0.098,511.57,C99,-0.3224728520743125,509.58,0,2025-05-24 06:00:00,764.58,6.257256718928833,C,noite
REG-00574,M06,3,2.345,43.11,52.86,1513.0,15.0,1,3.35,467.56,A12,0.2856783753269752,512.27,0,2025-05-24 12:00:00,796.98,6.777465216012356,C,tarde
REG-00575,M06,7,2.221,39.88,63.64,4687.0,44.61,0,1.884,516.76,B07,-0.5414145075417328,503.33,0,2025-05-24 18:00:00,787.1111111111111,5.999,B,tarde
REG-00576,M02,1,1.137,36.88,40.15,1543.0,41.47,0,3.106,480.29,A12,0.9664751638852932,465.03,0,2025-05-25 00:00:00,737.2222222222222,4.935327293536867,C,noite
REG-00577,M03,2,1.741,45.34,63.54,1480.0,48.96,0,1.784,526.3,X00,-0.7072556052356674,512.29,0,2025-05-25 06:00:00,764.67,6.49,B,tarde
REG-00578,M04,2,2.526,45.68,62.0,4318.0,36.52,0,1.958,519.75,X00,-0.0513677890017404,517.39,0,2025-05-25 12:00:00,765.94,5.71388187923165,C,tarde
REG-00579,M05,7,1.522,46.27,70.23,4492.0,38.93,1,2.308,455.76,X00,0.679138818325196,444.01,0,2025-05-25 18:00:00,736.2388888888888,5.2987492932886555,A,tarde
REG-00580,M02,7,2.392,39.26,65.68,1677.0,67.24,1,1.712,566.51,A12,1.0481896414881822,554.47,0,2025-05-26 00:00:00,782.91,5.928,B,manha
REG-00581,M08,6,2.671,47.31,70.6,3531.0,42.28,0,2.71,545.06,C99,-0.8211550417688822,542.6,0,2025-05-26 06:00:00,795.72,6.556833381596547,B,noite
REG-00582,M04,10,3.003,39.78,53.67,3044.0,55.63,0,2.43,522.98,A12,0.7531382351203657,518.91,0,2025-05-26 12:00:00,762.85,5.802,A,manha
REG-00583,M04,11,3.933,44.94,44.65,3222.0,41.73,1,2.675,559.99,B07,-0.9819850811261792,546.36,0,2025-05-26 18:00:00,751.05,5.37,A,manha
REG-00584,M01,11,3.493,39.7,80.32,2107.0,56.48,0,1.84,542.54,B07,-2.150330825608929,523.67,0,2025-05-27 00:00:00,753.17,5.026820557371172,C,manha
REG-00585,M08,9,2.526,40.99,36.68,3955.0,28.33,0,1.674,485.64,B07,-0.748063647230787,492.74,0,2025-05-27 06:00:00,784.08,5.939,B,noite
REG-00586,M02,9,3.93,31.1,37.88,4500.0,40.26,2,3.324,603.15,B07,0.8346599760763175,581.31,0,2025-05-27 12:00:00,740.99,5.276,A,manha
REG-00587,M08,8,2.881,40.64,54.67554680664917,3849.0,30.1,0,2.368,502.74,B07,-0.0122168789778472,486.13,1,2025-05-27 18:00:00,796.31,7.006,A,noite
REG-00588,M04,4,2.526,42.41,54.67554680664917,4593.0,32.54,0,1.741,517.66,A12,-0.5349979717561932,508.44,0,2025-05-28 00:00:00,756.67,5.929,A,noite
REG-00589,M07,8,2.526,41.85249999999999,57.27,1264.0,59.61,0,1.672,510.99,X00,0.0554783234910083,505.34,0,2025-05-28 06:00:00,768.96,6.4,A,manha
REG-00590,M02,1,1.378,49.9,66.99,3559.0,28.85,1,3.323,469.66,B07,0.0223996730167552,1241.028,0,2025-05-28 12:00:00,707.46,3.971,C,noite
REG-00591,M02,15,3.498,36.77,31.05,4997.0,61.62,3,3.569,629.45,X00,0.6218985488643262,625.2,0,2025-05-28 18:00:00,795.98,6.47,B,manha
REG-00592,M07,6,1.989,39.46,49.01,3049.0,60.41,1,2.583,583.3,A12,-1.611709924425648,576.08,0,2025-05-29 00:00:00,781.44,6.616,A,manha
REG-00593,M07,12,3.239,37.93,54.67554680664917,4755.0,49.07,2,4.005,603.21,X00,-0.1023529568345182,605.92,0,2025-05-29 06:00:00,781.5388888888889,6.396,B,noite
REG-00594,M05,15,3.157,39.46,64.36,2263.0,64.93,1,2.708,552.63,C99,0.1242772715415242,558.19,0,2025-05-29 12:00:00,773.06,5.547856423833754,A,noite
REG-00595,M01,8,2.526,46.64,36.43,4565.0,50.97,0,2.617,522.64,A12,-1.3653701638542566,496.53,0,2025-05-29 18:00:00,765.05,5.289855072463768,A,manha
REG-00596,M08,13,2.526,48.65,39.67,4742.0,52.0,2,1.865,559.74,X00,-1.3790824212346355,550.97,0,2025-05-30 00:00:00,774.43,6.105,B,tarde
REG-00597,M04,8,2.478,38.85,61.17,3413.0,53.6,0,1.004,543.31,C99,-0.3647084189823896,533.67,0,2025-05-30 06:00:00,782.85,6.123,B,manha
REG-00598,M08,2,0.893,38.75,67.74,3759.0,59.48,0,2.314,524.74,C99,0.0085242832701251,517.23,0,2025-05-30 12:00:00,741.44,4.934,C,tarde
REG-00599,M07,1,0.975,36.79,54.67554680664917,2995.0,28.55,0,2.452,467.35,X00,0.0120460250555296,466.97,0,2025-05-30 18:00:00,775.0444444444444,6.327,B,manha
REG-00600,M07,3,2.526,47.88,61.84,2131.0,27.09,0,3.436,523.36,X00,-0.5563484813432451,518.05,0,2025-05-31 00:00:00,806.28,7.154194073277348,B,tarde
REG-00601,M06,15,3.053,47.04,61.45,3052.0,40.79,4,3.359,578.03,A12,-0.597334592967124,568.77,0,2025-05-31 06:00:00,773.5444444444445,6.372,C,tarde
REG-00602,M06,8,2.726,41.52,52.41,4842.0,56.53,2,1.275,582.11,B07,-0.3951763214792695,575.05,0,2025-05-31 12:00:00,730.29,3.933,C,manha
REG-00603,M05,5,2.249,35.72,41.86,862.0,54.55,0,2.475,510.36,A12,0.2985217613487433,508.75,0,2025-05-31 18:00:00,767.8,5.823,B,noite
REG-00604,M01,7,2.889,36.12,61.78,1661.0,36.96,1,2.915,496.01,A12,1.244621006793318,484.9,0,2025-06-01 00:00:00,739.38,5.125,C,noite
REG-00605,M04,4,2.359,42.77,62.36,2897.0,14.17,3,0.808,565.73,A12,-2.22039688644412,555.89,0,2025-01-06 06:00:00,764.1888888888889,5.091,C,noite
REG-00606,M06,14,3.802,44.47,65.73,2225.0,43.7,0,3.953,475.59,C99,0.6230021213018256,465.47,0,2025-06-01 12:00:00,725.0,4.221,C,manha
REG-00607,M07,15,3.724,32.7,58.74,3419.0,59.57,3,2.822,585.73,C99,-0.1111516611934797,571.52,0,2025-06-01 18:00:00,774.42,5.638453370840745,A,tarde
REG-00608,M05,2,1.854,40.55,40.98,2314.0,36.6,1,3.092,490.8,A12,0.5257222810988356,512.27,0,2025-02-06 00:00:00,799.44,6.691,B,tarde
REG-00609,M06,11,3.425,49.28,63.28,3566.0,50.36,0,2.812,575.57,B07,1.1855433372609887,568.4,0,2025-06-02 06:00:00,771.41,6.412,B,manha
REG-00610,M01,6,2.694,41.02,54.98,1246.0,35.92,0,2.799,518.67,A12,-0.7551260758165749,499.32,0,2025-06-02 12:00:00,791.18,7.143369323901322,B,manha
REG-00611,M04,1,2.526,48.7,49.21,2194.0,48.37,1,1.132,499.5,A12,0.9443046778972468,499.56,0,2025-02-06 18:00:00,780.5222222222224,5.830678856575518,B,tarde
REG-00612,M05,14,3.892,44.92,51.46,3709.0,55.92,2,2.849,538.57,A12,-1.2540428643279284,545.38,0,2025-06-03 00:00:00,747.15,5.299,A,noite
REG-00613,M08,1,0.574,37.12,46.72,2779.0,43.24,0,1.753,516.3,C99,0.1275992327672556,504.3,0,2025-06-03 06:00:00,725.41,4.658,C,manha
REG-00614,M03,4,1.889,40.68,65.67,3797.0,41.71,2,2.765,554.8,A12,-0.2425167693359833,551.56,0,2025-03-06 12:00:00,781.31,6.275,A,noite
REG-00615,M02,1,1.492,41.42,37.98,3472.0,42.49,1,2.851,550.52,X00,0.0462794680073883,550.88,0,2025-06-03 18:00:00,772.2,6.006,B,tarde
REG-00616,M03,8,2.526,37.71,43.08,2179.0,50.1,2,1.886,555.08,X00,-0.9890342848495,539.9,0,2025-06-04 00:00:00,787.2944444444445,6.425,B,noite
REG-00617,M02,9,3.377,37.64,51.05,2598.0,34.66,0,1.458,513.34,X00,0.4368834560502014,506.9,0,2025-04-06 06:00:00,766.72,6.292,A,tarde
REG-00618,M05,5,1.497,48.78,74.37,4851.0,45.48,0,1.441,528.43,X00,1.5862872655147806,530.58,0,2025-06-04 12:00:00,749.05,5.557,A,tarde
REG-00619,M06,2,2.395,37.6,67.65,4840.0,46.9,1,1.581,554.23,X00,-0.9718568708163784,530.79,0,2025-06-04 18:00:00,757.04,5.04,A,tarde
REG-00620,M07,2,1.233,46.85,35.31,949.0,51.26,2,2.41,500.1,X00,0.189645521663223,505.4,0,2025-05-06 00:00:00,775.89,6.255257242929439,C,noite
REG-00621,M08,15,2.936,40.04,71.22,3762.0,57.99,0,2.235,530.27,X00,0.8558731210790134,523.12,0,2025-06-05 06:00:00,789.63,6.701,B,tarde
REG-00622,M01,13,3.085,41.88,71.19,2862.0,39.02,1,3.273,508.13,A12,-0.2967407281654502,515.51,0,2025-06-05 12:00:00,764.6800000000001,4.945,C,tarde
REG-00623,M02,15,3.307,44.53,54.67554680664917,805.0,43.26,2,3.752,542.84,C99,1.3603929215566573,532.69,0,2025-05-06 18:00:00,791.5,6.841,B,tarde
REG-00624,M03,8,1.839,39.31,24.74,3463.0,39.38,1,2.973,533.53,B07,-0.4296883414187151,530.69,0,2025-06-06 00:00:00,748.3722222222221,5.217,C,manha
REG-00625,M02,9,2.962,44.56,54.13,897.0,48.07,0,2.738,529.79,X00,-0.1162947031987949,512.27,0,2025-06-06 06:00:00,817.1722222222222,7.285,A,manha
REG-00626,M07,12,3.366,32.79,68.47,2139.0,47.93,0,2.969,506.63,A12,-0.9931541964265714,499.28,0,2025-06-06 12:00:00,761.13,5.576,C,tarde
REG-00627,M02,10,3.274,43.98,74.1,3699.0,33.52,1,3.106,567.51,B07,0.126590357069789,548.48,0,2025-06-06 18:00:00,761.15,4.82804506405218,A,tarde
REG-00628,M01,7,2.215,30.89,44.55,4213.0,29.84,0,4.041,539.72,B07,0.0030229454989701,535.13,0,2025-06-07 00:00:00,806.56,6.869,B,noite
REG-00629,M07,5,2.132,40.98,76.02,2533.0,15.82,0,2.864,464.02,X00,0.6359012448448663,469.81,0,2025-07-06 06:00:00,722.86,4.152,C,tarde
REG-00630,M08,8,2.526,45.84,28.26,4196.0,7.17,0,1.24,507.43,B07,-0.6362060404222939,498.06,0,2025-06-07 12:00:00,757.7,5.016,C,tarde
REG-00631,M02,1,2.39,44.8,50.58,4325.0,34.62,0,1.578,524.19,X00,-0.6819956245505742,512.27,0,2025-06-07 18:00:00,786.9,6.808905252416608,C,noite
REG-00632,M03,3,0.615,41.85249999999999,49.99,2679.0,66.44,0,0.761,521.22,B07,0.4624921178999815,527.86,0,2025-08-06 00:00:00,765.91,5.854,A,tarde
REG-00634,M05,14,3.322,38.9,70.58,3568.0,40.06,1,3.158,496.37,C99,0.6290102476309841,494.84,0,2025-06-08 12:00:00,747.87,4.939,A,manha
REG-00635,M08,2,1.271,42.84,66.45,858.0,39.2,0,2.981,457.68,B07,1.8474122486111448,438.65,0,2025-08-06 18:00:00,781.18,6.239123540037784,A,manha
REG-00636,M04,2,2.526,32.86,38.79,4551.0,19.83,0,1.677,479.31,B07,0.5553074712219529,466.65,0,2025-06-09 00:00:00,779.77,6.44,B,manha
REG-00637,M01,2,1.703,41.94,65.35,2429.0,21.65,2,1.919,489.67,B07,0.5192928558543685,485.18,0,2025-06-09 06:00:00,770.9,5.538,B,tarde
REG-00638,M04,12,2.764,43.4,61.11,3992.0,35.03,1,2.58,517.43,C99,0.6792928806699192,506.08,0,2025-09-06 12:00:00,738.67,4.858312993836098,C,noite
REG-00639,M05,5,2.179,40.73,34.95,3891.0,38.29,1,2.018,474.29,B07,1.4881707557791632,483.35,0,2025-06-09 18:00:00,740.9277777777778,5.232,C,noite
REG-00640,M05,5,2.433,44.36,30.2,2786.0,38.81,0,2.523,501.07,X00,1.2375700661171865,498.11,0,2025-06-10 00:00:00,779.5,5.407479419186696,B,manha
REG-00641,M05,1,1.524,43.01,67.46,4881.0,39.23,0,2.282,533.44,A12,-1.0848782331087696,522.4,0,2025-10-06 06:00:00,780.09,6.082,C,tarde
REG-00642,M08,15,3.246,39.56,52.84,4144.0,60.96,0,2.226,589.01,A12,0.8005818876100711,579.0,0,2025-06-10 12:00:00,773.94,5.768,A,manha
REG-00643,M07,7,2.335,41.85249999999999,39.58,4511.0,39.36,1,2.088,584.18,A12,0.2653565057985081,579.79,0,2025-06-10 18:00:00,771.21,5.789,A,manha
REG-00644,M03,12,3.057,42.6,52.5,1194.0,49.83,1,2.844,514.21,X00,-0.1940350158889276,506.92,0,2025-11-06 00:00:00,749.03,5.648018277715403,B,manha
REG-00645,M03,11,2.147,37.71,59.37,2833.0,35.07,1,3.195,484.22,B07,-1.7729291554574207,474.4,0,2025-06-11 06:00:00,732.1,4.711,C,tarde
REG-00647,M04,13,2.987,44.16,36.38,4213.0,32.61,0,2.445,523.16,A12,-0.364467220113099,508.64,0,2025-11-06 18:00:00,761.78,5.44,B,tarde
REG-00648,M04,9,3.238,48.38,77.63,2707.0,53.59,0,2.581,530.42,X00,-1.4645915084347445,520.07,1,2025-06-12 00:00:00,781.94,6.26,B,tarde
REG-00649,M02,10,3.066,41.83,67.05,1095.0,42.95,0,1.555,475.87,X00,-0.3437568187539144,512.27,0,2025-06-12 06:00:00,768.47,6.452,A,noite
REG-00650,M03,4,2.547,44.49,50.98,1985.0,17.35,1,2.87,464.61,B07,0.714341252761957,444.24,0,2025-12-06 12:00:00,734.5222222222224,4.543223155311022,A,manha
REG-00651,M06,13,2.735,35.5,51.46,3203.0,49.84,2,3.215,548.36,C99,-0.5809563234561563,533.73,0,2025-06-12 18:00:00,732.56,5.312,C,noite
REG-00652,M07,14,3.153,43.1,59.31,3495.0,36.81,0,3.207,552.93,B07,0.0834626027512366,531.04,0,2025-06-13 00:00:00,784.31,6.231,B,tarde
REG-00653,M07,7,1.851,41.73,41.44,4682.0,63.32,0,1.015,572.84,X00,-1.0699519582790673,569.67,0,2025-06-13 06:00:00,772.0666666666667,6.486,A,noite
REG-00654,M03,2,1.443,47.53,54.67554680664917,1190.0,30.45,0,2.606,489.23,C99,0.2987672849708315,494.55,0,2025-06-13 12:00:00,770.11,6.065789655124864,C,noite
REG-00655,M02,13,3.753,39.57,39.03,2464.0,58.78,2,2.595,580.08,B07,0.508135391469566,512.27,0,2025-06-13 18:00:00,773.93,6.025317502999214,A,noite
REG-00656,M02,14,3.989,40.91,54.15,1942.0,64.87,0,2.495,536.37,X00,-1.422934257014142,530.22,0,2025-06-14 00:00:00,764.6800000000001,5.006825797377239,C,manha
REG-00657,M04,8,2.023,46.76,40.98,4832.0,33.14,1,2.064,530.56,A12,-0.7518862965979884,511.21,0,2025-06-14 06:00:00,741.57,4.728622843668556,A,manha
REG-00658,M05,9,2.464,41.59,41.58,1497.0,46.71,2,1.434,485.17,X00,-1.2671702674073555,486.91,0,2025-06-14 12:00:00,753.72,5.338,B,manha
REG-00659,M08,4,1.986,37.01,74.75,1726.0,46.44,0,0.953,474.15,B07,0.5092147968178518,467.77,0,2025-06-14 18:00:00,745.8055555555555,5.388,A,manha
REG-00660,M08,2,2.024,53.48,55.71,2050.0,38.79,1,2.457,492.41,X00,0.1640065605481807,481.94,0,2025-06-15 00:00:00,775.38,5.957,A,tarde
REG-00661,M01,15,2.658,37.15,57.49,1243.0,57.33,3,3.591,488.2,X00,-0.0497117942355799,480.19,0,2025-06-15 06:00:00,757.06,5.300955611632814,C,noite
REG-00662,M06,8,1.819,41.71,30.86,3502.0,28.64,2,2.001,482.83,C99,-0.1282815381413193,512.27,0,2025-06-15 12:00:00,725.2,4.368,A,noite
REG-00663,M03,5,2.37,43.56,47.84,3004.0,47.65,0,1.225,553.15,A12,0.3228354354325909,542.15,0,2025-06-15 18:00:00,753.86,5.663,A,tarde
REG-00664,M02,11,2.053,41.85249999999999,60.53,3142.0,42.37,1,3.01,551.27,X00,0.3428514920114054,512.27,0,2025-06-16 00:00:00,789.6833333333334,6.819247369654849,A,tarde
REG-00665,M05,1,1.429,41.85249999999999,57.33,4610.0,40.39,0,2.078,532.68,C99,-0.4955774938135426,512.7,0,2025-06-16 06:00:00,782.43,5.648018277715403,B,noite
REG-00666,M01,2,2.526,41.17,29.15,2619.0,48.44,0,3.467,501.5,X00,-0.6355968038704153,512.27,1,2025-06-16 12:00:00,725.49,4.231,C,noite
REG-00667,M03,4,2.207,40.94,57.49,2107.0,47.83,0,2.143,459.86,A12,-0.0589951950368686,459.5,0,2025-06-16 18:00:00,785.4,6.394944773093948,C,manha
REG-00668,M05,7,2.346,36.98,59.4,2376.0,47.58,1,1.3,543.46,A12,-0.1897348979997314,523.34,0,2025-06-17 00:00:00,767.48,6.258980405135206,A,tarde
REG-00669,M03,6,2.115,51.68,70.41,4160.0,49.91,1,1.634,573.7,B07,2.060682225049318,573.72,0,2025-06-17 06:00:00,769.92,6.199,A,noite
REG-00670,M05,3,2.27,41.01,47.14,3019.0,46.86,0,0.0,522.89,B07,-0.3838946723710809,501.05,0,2025-06-17 12:00:00,762.19,5.128,A,manha
REG-00671,M04,6,2.408,44.69,28.1,1510.0,60.15,0,1.203,487.55,A12,0.2896653121143788,469.75,1,2025-06-17 18:00:00,779.38,5.989,B,tarde
REG-00672,M07,6,1.989,40.49,43.04,3697.0,41.79,1,3.232,521.21,A12,0.4659264882831491,501.77,0,2025-06-18 00:00:00,737.9,4.51136943421724,C,noite
REG-00673,M02,8,2.557,40.4,41.84,3931.0,46.57,0,4.255,583.34,B07,1.4005242906141917,569.31,1,2025-06-18 06:00:00,819.19,7.182,B,noite
REG-00674,M01,9,2.842,39.95,63.84,1849.0,56.98,0,3.82,519.92,X00,-0.8111845917461348,528.88,0,2025-06-18 12:00:00,799.06,7.233,B,noite
REG-00675,M05,14,4.093,35.03,22.4,3139.0,45.92,0,2.926,489.98,A12,1.339647829141671,490.93,0,2025-06-18 18:00:00,777.79,5.536,A,noite
REG-00676,M03,13,3.544,41.28,49.62,3167.0,34.58,0,0.766,556.52,A12,-0.1473955743208408,545.88,0,2025-06-19 00:00:00,753.37,4.735,C,manha
REG-00677,M06,5,2.697,40.17,72.11,1535.0,46.92,0,1.49,456.65,X00,2.5013452296464025,455.23,0,2025-06-19 06:00:00,754.94,5.058,B,manha
REG-00678,M01,14,3.045,41.85249999999999,55.09,838.0,49.33,1,3.686,506.86,A12,0.3626022192261495,501.86,0,2025-06-19 12:00:00,790.9944444444444,6.53,A,tarde
REG-00679,M05,8,2.304,36.61,65.76,3815.0,30.11,0,3.062,482.06,A12,-1.2289291293508675,470.1,0,2025-06-19 18:00:00,752.82,5.502,A,tarde
REG-00680,M08,3,1.784,39.4,35.3,3384.0,44.61,1,2.857,507.29,X00,-0.197158672642885,501.13,0,2025-06-20 00:00:00,773.1,6.046,A,tarde
REG-00681,M01,6,2.215,37.96,35.78,3797.0,59.37,0,2.262,517.15,B07,1.3362693573282536,519.11,0,2025-06-20 06:00:00,738.49,5.266,A,tarde
REG-00682,M03,12,2.606,48.49,72.25,2384.0,29.84,2,2.051,517.36,B07,0.0815411544112269,502.73,0,2025-06-20 12:00:00,731.26,4.021,A,tarde
REG-00683,M07,13,3.76,38.09,56.21,2964.0,62.87,0,2.761,590.54,A12,-0.0596254075971045,577.76,0,2025-06-20 18:00:00,786.73,6.717825673271832,B,noite
REG-00684,M05,6,2.678,44.53,56.24,4922.0,11.76,3,2.175,525.86,B07,0.7189971638676841,520.05,0,2025-06-21 00:00:00,758.44,5.344,B,manha
REG-00685,M02,3,1.752,46.37,41.58,1746.0,33.8,1,4.319,455.63,X00,-0.3449976906675541,443.29,0,2025-06-21 06:00:00,719.19,4.532,A,manha
REG-00686,M02,3,2.179,41.34,56.21,3541.0,60.69,2,2.52,585.32,X00,-0.2107331757829368,575.92,0,2025-06-21 12:00:00,782.73,5.719,B,manha
REG-00687,M07,2,1.86,35.8,41.25,1355.0,33.46,0,2.077,495.38,C99,-0.9446745099315496,477.57,0,2025-06-21 18:00:00,781.16,6.137,C,manha
REG-00688,M07,11,2.526,41.85249999999999,69.24,1075.0,49.28,2,3.544,545.91,C99,1.72882078096639,536.65,0,2025-06-22 00:00:00,806.01,6.963071746714654,B,noite
REG-00689,M03,8,2.526,45.87,87.73,4820.0,53.75,1,2.473,588.92,C99,-1.2226112792475317,569.78,0,2025-06-22 06:00:00,781.37,6.546,B,tarde
REG-00690,M04,7,2.344,36.33,60.81,1345.0,22.8,0,2.283,431.41,C99,0.1694666597634883,439.8,0,2025-06-22 12:00:00,755.16,4.8,A,manha
REG-00691,M07,11,2.904,43.76,47.38,3554.0,49.07,0,1.232,537.28,C99,0.479884548081933,512.27,0,2025-06-22 18:00:00,766.98,5.72,A,noite
REG-00692,M02,13,3.471,41.85249999999999,24.6,2959.0,51.37,1,2.099,541.95,A12,-0.0136511199184618,537.08,0,2025-06-23 00:00:00,788.2,5.966,A,tarde
REG-00693,M02,12,2.777,43.7,34.79,4198.0,71.75,1,3.262,598.24,X00,-1.2538627954898234,512.27,0,2025-06-23 06:00:00,748.82,5.341427763758464,A,manha
REG-00694,M07,3,2.526,44.12,73.66,3095.0,23.77,2,1.34,553.88,X00,-0.9987640277111334,536.56,0,2025-06-23 12:00:00,743.62,5.28,C,manha
REG-00695,M02,9,2.183,37.8,42.65,3727.0,41.22,0,3.116,535.6,A12,0.5225169183566184,520.68,0,2025-06-23 18:00:00,778.41,6.503,B,manha
REG-00696,M07,14,3.293,37.61,50.55,4555.0,40.66,1,1.699,544.73,A12,-0.7798793085961542,552.5,0,2025-06-24 00:00:00,795.97,6.392,B,tarde
REG-00697,M04,12,3.089,45.22,62.86,4283.0,36.99,2,1.774,569.67,X00,-2.0720172224884648,555.61,0,2025-06-24 06:00:00,770.6055555555555,6.142666059929122,A,manha
REG-00698,M08,5,2.908,39.17,72.79,3831.0,54.53,1,2.676,551.82,A12,0.3869783227890991,538.98,0,2025-06-24 12:00:00,770.84,6.301,B,manha
REG-00699,M01,6,2.542,29.62,52.6,1482.0,42.52,0,2.037,500.47,X00,-0.8724953799557809,498.77,0,2025-06-24 18:00:00,779.84,5.520001654738759,A,manha
REG-00700,M08,14,3.357,44.92,50.14,1511.0,45.13,0,1.805,510.5,X00,0.6312192735702514,509.54,0,2025-06-25 00:00:00,789.77,6.607,A,tarde
REG-00701,M02,1,1.615,37.34,55.86,2887.0,29.99,0,1.848,463.57,A12,-0.2016212982242847,469.26,0,2025-06-25 06:00:00,763.59,5.943,A,manha
REG-00702,M01,8,3.037,44.1,47.47,3567.0,37.84,1,2.905,557.35,X00,-0.2498123285138034,551.78,0,2025-06-25 12:00:00,793.94,6.428,A,noite
REG-00703,M06,2,1.494,48.27,48.11,3601.0,31.71,0,2.362,482.79,A12,0.0522381830170745,477.06,0,2025-06-25 18:00:00,736.04,4.357547677160468,C,manha
REG-00704,M05,14,3.257,42.08,59.94,4104.0,36.63,0,2.509,522.08,B07,-1.1384933300603812,508.08,0,2025-06-26 00:00:00,797.21,6.946,A,tarde
REG-00705,M07,1,1.14,46.48,57.22,1234.0,33.1,0,2.553,478.68,C99,-0.8254530875976114,469.48,0,2025-06-26 06:00:00,795.77,5.648018277715403,B,tarde
REG-00706,M01,1,2.269,42.69,80.58,1528.0,31.89,0,2.838,485.24,C99,-0.2599240487546632,486.42,0,2025-06-26 12:00:00,814.88,7.084,C,tarde
REG-00707,M01,5,2.327,49.14,60.27,1429.0,31.91,0,4.725,477.46,A12,-1.14434292477057,468.52,0,2025-06-26 18:00:00,721.5333333333333,4.332,C,manha
REG-00708,M05,4,1.702,37.22,68.81,3072.0,41.66,0,1.458,523.54,A12,0.713817659461643,517.8,0,2025-06-27 00:00:00,768.59,6.008,B,noite
REG-00709,M08,8,2.488,41.96,54.67554680664917,3462.0,47.48,0,2.062,521.28,B07,-0.3073789804880902,520.95,0,2025-06-27 06:00:00,788.54,6.137,B,noite
REG-00710,M04,5,2.379,45.03,61.3,1285.0,34.32,0,1.641,441.41,C99,-1.4494366016509068,447.42,0,2025-06-27 12:00:00,750.15,4.965,C,manha
REG-00711,M07,6,2.167,41.14,46.32,4448.0,40.47,0,4.252,547.53,B07,-0.5590289787890287,534.52,0,2025-06-27 18:00:00,808.1,6.977688605744701,B,manha
REG-00712,M08,9,2.429,47.18,59.75,2074.0,71.7,1,1.384,555.52,B07,0.1012025649219075,543.79,0,2025-06-28 00:00:00,738.97,5.221321308898357,C,noite
REG-00713,M07,9,2.376,40.06,63.26,3573.0,71.25,1,2.127,595.49,A12,-0.4460904535118868,582.3,0,2025-06-28 06:00:00,772.29,5.648018277715403,A,tarde
REG-00714,M05,15,3.603,51.31,55.6,3956.0,40.35,2,2.073,555.17,X00,0.3998158863956893,512.27,0,2025-06-28 12:00:00,763.92,5.09,C,manha
REG-00715,M06,8,2.379,51.55,83.89,952.0,33.63,2,0.838,494.73,C99,0.5740363495126378,486.07,0,2025-06-28 18:00:00,767.68,5.648018277715403,A,manha
REG-00716,M05,9,2.466,41.85249999999999,72.14,4432.0,33.09,0,1.056,528.54,X00,2.401700275953115,531.57,0,2025-06-29 00:00:00,768.7,5.381,B,tarde
REG-00717,M06,11,2.329,44.49,69.13,4875.0,60.88,1,2.659,565.21,B07,1.1506442013607254,564.63,0,2025-06-29 06:00:00,788.34,6.707,A,noite
REG-00718,M05,3,1.925,47.36,64.17,4826.0,33.82,0,2.404,590.58,X00,-1.636370344363338,581.59,0,2025-06-29 12:00:00,808.13,6.615,B,tarde
REG-00719,M05,11,2.848,36.66,76.16,1385.0,51.08,0,1.94,516.68,C99,-0.3602324849986745,506.97,0,2025-06-29 18:00:00,761.79,5.318,C,noite
REG-00720,M04,13,3.045,36.1,37.76,2449.0,74.56,0,3.803,520.5,C99,-0.2666412924479661,525.65,0,2025-06-30 00:00:00,789.68,6.184,B,tarde
REG-00721,M06,5,2.239,47.65,71.44,1776.0,40.87,2,2.282,515.49,B07,0.5750709224246391,516.2,0,2025-06-30 06:00:00,777.07,5.985,B,manha
REG-00722,M07,3,2.227,43.23,43.11,2693.0,47.07,0,0.538,525.46,C99,-0.9335860707017114,520.57,1,2025-06-30 12:00:00,766.5833333333334,5.811,A,tarde
REG-00723,M08,6,2.596,40.98,48.23,4894.0,48.45,2,1.276,578.17,B07,-0.5312521641983385,512.27,0,2025-06-30 18:00:00,767.53,5.895,C,tarde
REG-00724,M05,5,2.399,42.05,61.74,4005.0,33.94,0,1.631,469.13,C99,-1.244411875909322,468.61,0,2025-07-01 00:00:00,755.56,5.365,A,manha
REG-00725,M01,9,2.562,31.26,69.8,4038.0,58.51,0,2.164,515.1,B07,-0.6022657234915083,506.38,0,2025-01-07 06:00:00,739.73,4.426,A,manha
REG-00726,M05,13,2.935,41.14,41.16,2572.0,40.4,1,2.465,527.68,X00,-0.5649655472520776,517.94,0,2025-07-01 12:00:00,749.13,5.428,A,tarde
REG-00727,M03,9,2.2,38.61,48.85,4733.0,61.88,3,2.622,557.56,X00,-0.3130058128563915,551.29,0,2025-07-01 18:00:00,749.4611111111111,5.165,A,noite
REG-00728,M01,2,1.493,46.13,56.17,4664.0,30.35,1,3.251,501.62,B07,-1.186512736919757,492.09,0,2025-02-07 00:00:00,777.0,6.417,B,manha
REG-00729,M01,5,2.159,46.48,52.76,4187.0,35.26,0,2.215,522.51,B07,0.9820257394008928,525.39,0,2025-07-02 06:00:00,785.51,6.018,B,manha
REG-00730,M05,11,2.576,44.6,65.25,4220.0,35.14,0,0.966,507.62,X00,0.4722138628333851,505.28,0,2025-07-02 12:00:00,771.8777777777779,5.295508763220674,A,tarde
REG-00731,M08,5,2.193,43.78,96.0,3537.0,29.91,0,2.728,498.3,C99,-1.4488297727144503,479.63,0,2025-02-07 18:00:00,777.01,5.999,A,tarde
REG-00732,M05,9,2.236,35.26,60.03,1200.0,40.68,0,2.849,477.02,A12,0.0259729391674281,458.11,0,2025-07-03 00:00:00,751.71,5.705,A,manha
REG-00733,M04,11,2.183,44.66,46.18,1995.0,19.02,2,2.756,470.5,X00,-1.565254879742549,456.91,0,2025-07-03 06:00:00,789.38,6.438,A,noite
REG-00734,M01,5,2.519,44.83,39.44,4028.0,246.81073077017305,0,1.574,536.44,C99,1.3422557260266326,512.27,0,2025-03-07 12:00:00,758.18,5.376,A,noite
REG-00735,M06,10,2.587,47.6,51.1,2172.0,40.9,0,1.979,461.41,C99,1.6141083731566273,468.98,0,2025-07-03 18:00:00,765.2,5.351,B,manha
REG-00736,M01,6,1.903,51.53,43.72,1524.0,51.68,0,1.761,484.61,X00,-0.0557372938885453,484.92,0,2025-07-04 00:00:00,776.6833333333333,6.616,A,tarde
REG-00737,M07,3,1.398,34.38,60.61,4778.0,43.68,0,1.113,523.25,A12,-0.8526451673546678,517.97,0,2025-04-07 06:00:00,734.94,4.388,A,tarde
REG-00738,M07,6,2.47,40.25,60.42,2851.0,33.71,1,2.862,512.64,X00,-0.6642693275955764,486.02,0,2025-07-04 12:00:00,740.77,4.669,A,manha
REG-00739,M08,7,3.029,38.66,49.44,4414.0,37.9,2,2.855,542.86,A12,-0.4537420822758048,537.3,0,2025-07-04 18:00:00,772.66,6.079,A,manha
REG-00740,M03,1,1.449,42.78,78.82,1993.0,33.38,1,4.073,431.34,X00,-0.1068272359245996,419.1,0,2025-05-07 00:00:00,723.73,3.762186461479061,A,manha
REG-00741,M02,14,3.223,42.06,46.17,2309.0,69.63,1,2.221,579.55,C99,1.3704696474063276,568.0,0,2025-07-05 06:00:00,788.12,6.79,A,tarde
REG-00742,M03,8,3.022,40.95,53.57,2241.0,34.73,0,2.515,503.56,C99,0.9556018103090642,493.31,0,2025-07-05 12:00:00,783.2,6.414,C,tarde
REG-00743,M07,1,2.526,46.62,62.67,2367.0,27.56,0,2.256,451.3,C99,0.9710045037340956,444.82,0,2025-05-07 18:00:00,748.35,5.465,A,manha
REG-00744,M02,14,4.205,37.04,65.7,2637.0,38.26,0,3.02,486.59,B07,0.1705782706728482,488.85,0,2025-07-06 00:00:00,786.25,6.483,B,noite
REG-00745,M08,13,4.29,37.31,70.33,2050.0,32.82,0,3.597,485.83,X00,-1.1536117239417163,499.94,0,2025-07-06 06:00:00,801.14,6.6779051007322225,B,noite
REG-00746,M02,1,0.412,37.39,60.14,4219.0,39.88,1,2.29,536.41,A12,-0.7700567096316285,512.27,0,2025-06-07 12:00:00,746.6,4.726,A,manha
REG-00748,M02,6,1.956,36.47,47.02,2654.0,57.59,2,3.451,558.13,X00,-1.201100096844092,564.6,0,2025-07-07 00:00:00,730.92,4.28625601566486,C,manha
REG-00749,M07,8,2.421,41.78,66.02,4414.0,57.1,1,3.265,578.05,A12,0.3039829505521066,512.27,0,2025-07-07 06:00:00,742.4,5.142,C,noite
REG-00750,M05,11,2.742,41.26,65.86,2636.0,76.97,0,1.646,551.89,C99,0.8051235214103482,540.43,0,2025-07-07 12:00:00,748.6111111111111,5.441,A,noite
REG-00751,M03,7,2.775,38.46,73.15,844.0,42.51,1,1.749,517.66,X00,0.5453453919583249,503.96,0,2025-07-07 18:00:00,761.17,6.052,A,manha
REG-00752,M06,10,2.749,45.93,34.98,802.0,234.2754672369597,1,2.088,512.03,C99,0.5051894729183323,495.66,0,2025-08-07 00:00:00,783.84,6.345,A,noite
REG-00753,M06,1,1.22,41.73,44.11,2631.0,20.6,0,1.548,464.29,C99,-1.8662826499564005,464.67,0,2025-07-08 06:00:00,777.69,6.354196831175278,A,noite
REG-00754,M05,10,2.723,46.78,64.88,3523.0,55.36,2,0.943,585.11,A12,1.333355796671096,583.36,0,2025-07-08 12:00:00,758.12,5.34,B,noite
REG-00755,M05,14,3.552,41.12,54.67554680664917,4759.0,53.22,0,2.711,528.19,X00,-1.5673853300320142,522.89,0,2025-08-07 18:00:00,743.51,4.837973496600891,A,noite
REG-00756,M01,8,2.007,41.89,60.9,1349.0,52.42,2,2.429,535.58,X00,-0.1527492138458231,521.19,0,2025-07-09 00:00:00,775.1055555555556,6.119,A,manha
REG-00757,M03,7,1.669,41.85249999999999,67.72,3079.0,29.73,0,1.783,500.13,X00,0.618543543786074,509.31,0,2025-07-09 06:00:00,776.19,5.851,C,manha
REG-00758,M05,5,3.047,41.85249999999999,48.08,2013.0,45.22,1,2.021,527.25,A12,0.3585975259848231,518.44,0,2025-09-07 12:00:00,770.09,5.897,A,noite
REG-00759,M02,15,11.44673076609876,45.21,49.84,2691.0,55.46,2,2.802,558.91,B07,-1.2778363270459614,543.3,0,2025-07-09 18:00:00,779.04,5.7,B,tarde
REG-00760,M04,1,1.568,40.15,42.11,2659.0,37.87,0,3.705,471.33,X00,-1.098325622903696,457.34,0,2025-07-10 00:00:00,799.79,6.385,B,tarde
REG-00761,M01,5,1.971,44.33,48.74,2111.0,32.8,1,1.372,448.95,C99,0.2870716224067816,436.73,0,2025-10-07 06:00:00,763.69,5.833,A,tarde
REG-00762,M07,3,2.137,41.85249999999999,49.09,876.0,52.87,0,0.813,545.15,X00,0.5108450137694908,528.71,0,2025-07-10 12:00:00,761.19,5.846,A,tarde
REG-00763,M01,13,3.988,45.42,54.67554680664917,1110.0,75.2,1,3.135,525.57,C99,-1.1072038446128278,539.46,0,2025-07-10 18:00:00,737.75,4.487,A,manha
REG-00764,M01,8,2.801,39.39,46.15,2994.0,31.28,0,3.342,501.43,C99,0.3925926389649765,481.3,0,2025-11-07 00:00:00,776.35,6.225,C,noite
REG-00765,M06,14,2.637,45.83,51.75,1742.0,60.45,1,2.814,520.87,B07,-1.515273479694064,510.57,0,2025-07-11 06:00:00,709.2944444444444,3.7923854438147244,A,manha
REG-00766,M02,10,2.177,42.27,51.6,2173.0,12.47,0,2.388,446.43,X00,0.62438925730379,429.32,0,2025-07-11 12:00:00,777.36,6.027,A,noite
REG-00767,M03,9,2.49,48.84,77.49,1179.0,53.82,1,2.793,494.92,C99,-0.8838418217670303,496.87,0,2025-11-07 18:00:00,754.65,5.836,A,noite
REG-00768,M03,8,2.419,36.81,50.27,1008.0,22.16,0,0.0,415.25,X00,0.0805134579182048,422.93,0,2025-07-12 00:00:00,760.61,5.801,A,tarde
REG-00769,M02,4,1.245,35.36,54.67554680664917,1332.0,33.5,1,3.708,479.98,A12,-0.0873976922955055,458.81,0,2025-07-12 06:00:00,816.46,7.472,B,tarde
REG-00770,M07,9,2.526,39.23,48.08,2384.0,30.04,1,3.069,442.27,B07,1.1606573279112682,443.04,0,2025-12-07 12:00:00,742.1444444444444,5.632454942842565,A,manha
REG-00771,M06,11,2.441,35.77,47.92,1486.0,45.61,0,1.444,452.7,A12,0.2421300287003375,448.46,0,2025-07-12 18:00:00,768.7611111111112,5.648018277715403,B,noite
REG-00772,M02,15,2.526,35.78,34.55,1772.0,63.07,1,2.327,576.17,C99,-0.5991018546405157,512.27,0,2025-07-13 00:00:00,778.6555555555556,5.715,B,noite
REG-00773,M06,9,3.489,44.8,36.14,2068.0,23.51,3,1.916,500.6,C99,0.359592705544174,487.11,0,2025-07-13 06:00:00,763.45,5.351,C,tarde
REG-00774,M06,15,3.338,41.98,40.52,2023.0,48.69,0,2.25,523.48,B07,2.142413239220978,507.24,1,2025-07-13 12:00:00,747.05,5.022,A,manha
REG-00775,M05,15,3.648,39.84,57.2,846.0,46.84,2,3.772,520.17,B07,0.7401229212868351,510.72,0,2025-07-13 18:00:00,714.67,3.316,C,manha
REG-00776,M05,8,1.986,40.26,67.91,1292.0,63.57,1,1.466,517.96,C99,-0.0591670137336954,518.61,0,2025-07-14 00:00:00,770.4166666666666,5.74,B,tarde
REG-00777,M08,7,2.691,39.31,33.56,4790.0,48.58,0,2.076,552.69,X00,-0.8336129713379762,538.95,0,2025-07-14 06:00:00,786.0666666666667,6.091,A,noite
REG-00778,M04,3,1.666,49.43,48.41,3605.0,24.47,1,2.896,507.7,B07,-0.6164915006077158,494.51,0,2025-07-14 12:00:00,752.35,5.545,C,noite
REG-00779,M04,5,2.526,38.69,38.6,1320.0,35.34,0,1.136,440.21,B07,0.6799929216352303,448.01,0,2025-07-14 18:00:00,751.12,5.357,C,manha
REG-00780,M05,14,3.19,36.05,51.83,1991.0,70.47,2,1.04,602.3,A12,-0.8858025723216734,582.22,0,2025-07-15 00:00:00,758.29,5.239,A,noite
REG-00781,M07,3,1.68,45.58,67.91,2409.0,47.17,0,3.075,517.55,X00,0.0026887610791353,529.5,0,2025-07-15 06:00:00,764.6800000000001,5.23,C,tarde
REG-00782,M06,6,2.134,41.03,49.64,4603.0,31.18,3,3.342,617.09,X00,1.4376189123394112,599.82,0,2025-07-15 12:00:00,811.2,7.289,B,noite
REG-00783,M01,11,3.357,51.17,54.43,4494.0,45.0,3,2.11,531.98,C99,0.1503923930236543,529.11,0,2025-07-15 18:00:00,769.61,5.519381127704464,B,manha
REG-00784,M04,4,1.667,39.63,72.46,4035.0,36.98,0,2.016,500.77,X00,-1.0791317912974314,487.8,0,2025-07-16 00:00:00,748.02,4.968,C,tarde
REG-00785,M06,15,4.231,45.81,60.49,1247.0,46.54,1,3.114,521.53,X00,2.17784785267261,509.8,0,2025-07-16 06:00:00,782.73,5.403,A,noite
REG-00786,M02,10,2.526,46.87,45.88,2860.0,26.48,0,2.358,478.22,X00,1.7624482979459095,471.45,0,2025-07-16 12:00:00,730.0,4.218,C,manha
REG-00787,M08,1,2.357,39.65,56.91,2831.0,28.07,1,2.419,459.06,B07,0.5011765583790927,448.72,0,2025-07-16 18:00:00,752.29,5.009,A,noite
REG-00788,M07,4,1.563,38.66,45.07,3477.0,56.47,1,1.43,500.24,A12,1.275755411339087,493.53,0,2025-07-17 00:00:00,751.18,5.261517671230988,C,noite
REG-00789,M07,12,3.06,45.34,60.05,4348.0,44.83,1,1.924,587.84,X00,-0.266979681134306,573.53,0,2025-07-17 06:00:00,773.0,5.559,B,manha
REG-00790,M01,13,2.969,41.85249999999999,61.18,2148.0,49.36,2,0.573,540.56,A12,0.7244544776654501,515.35,0,2025-07-17 12:00:00,759.6722222222222,5.31,A,manha
REG-00791,M05,14,3.165,41.85249999999999,38.59,3139.0,53.49,0,3.848,498.8,B07,-0.4235398051807519,502.0,0,2025-07-17 18:00:00,764.6800000000001,6.290627283884223,A,noite
REG-00792,M05,13,3.551,36.92,57.1,1908.0,77.22,0,1.956,498.96,C99,-1.3554150299549546,516.72,0,2025-07-18 00:00:00,761.05,5.591,A,manha
REG-00793,M06,2,2.435,30.59,53.59,1683.0,37.51,1,3.937,483.91,X00,2.5919226108406765,480.03,0,2025-07-18 06:00:00,764.6800000000001,4.215,A,manha
REG-00794,M07,11,3.466,44.68,54.67554680664917,2115.0,61.33,1,2.67,526.14,C99,-1.4065380666233038,522.18,0,2025-07-18 12:00:00,773.8722222222223,6.057,A,tarde
REG-00795,M03,2,1.578,40.82,64.98,3889.0,30.22,0,1.931,501.47,B07,0.2975581310579074,497.03,0,2025-07-18 18:00:00,763.6833333333334,5.615,A,noite
REG-00796,M05,2,1.843,41.27,60.73,2638.0,34.29,0,1.817,452.4,X00,0.285876685178171,453.02,0,2025-07-19 00:00:00,755.78,4.834,A,manha
REG-00797,M06,11,2.578,34.39,51.36,3661.0,48.35,1,2.12,507.9,A12,0.5160055841895184,493.52,0,2025-07-19 06:00:00,759.43,5.266,A,manha
REG-00798,M07,8,2.094,37.06,66.2,3702.0,35.31,1,1.489,547.28,A12,-0.0896842661918475,550.08,1,2025-07-19 12:00:00,780.48,5.972,B,noite
REG-00799,M07,10,2.284,39.85,44.52,2321.0,44.56,1,1.502,534.14,C99,-0.079249843228107,522.69,0,2025-07-19 18:00:00,785.05,6.110467601594065,B,tarde
REG-00800,M03,13,2.993,38.97,39.15,4811.0,61.26,0,2.583,575.26,B07,0.1384117333903265,561.73,0,2025-07-20 00:00:00,792.03,6.487,B,noite
REG-00801,M08,2,1.872,42.53,18.0,994.0,27.8,0,1.261,445.51,B07,0.479868481340785,436.43,0,2025-07-20 06:00:00,758.24,5.946,A,tarde
REG-00802,M01,8,1.68,44.63,54.16,4567.0,44.6,1,3.705,572.35,B07,-0.0018163614302302,560.06,0,2025-07-20 12:00:00,733.94,5.002482108137178,C,noite
REG-00803,M04,13,3.169,52.21,45.14,833.0,59.1,1,4.804,565.44,B07,-0.0683611458248958,549.61,0,2025-07-20 18:00:00,840.43,7.567189288324439,B,manha
REG-00804,M05,7,3.092,41.91,59.77,2405.0,33.51,2,2.288,540.01,X00,-1.3211099429393751,531.61,0,2025-07-21 00:00:00,742.11,5.201,A,manha
REG-00805,M01,8,3.045,47.02,31.35,4266.0,57.74,1,1.666,554.47,B07,2.013682469697378,549.01,0,2025-07-21 06:00:00,764.8,5.868,A,noite
REG-00806,M04,8,2.277,38.27,54.67554680664917,3673.0,45.47,1,1.92,538.34,C99,0.5356991493023663,526.55,0,2025-07-21 12:00:00,759.08,5.19,B,manha
REG-00807,M05,14,2.691,34.46,60.64,2150.0,49.82,2,2.049,549.94,A12,0.2089067613041551,537.08,0,2025-07-21 18:00:00,757.1,5.710020822129373,A,manha
REG-00808,M05,1,1.837,40.41,42.64,4519.0,12.1,0,1.998,476.57,X00,-0.6244672943396101,1248.777,0,2025-07-22 00:00:00,756.2,5.33,B,manha
REG-00809,M01,14,2.277,34.81,59.91,1378.0,47.32,2,2.557,492.36,X00,-1.0036141928498443,498.58,0,2025-07-22 06:00:00,764.6800000000001,4.498,C,noite
REG-00810,M03,13,3.69,42.07,48.32,3616.0,55.06,0,1.335,535.29,A12,0.8599864480475362,528.82,0,2025-07-22 12:00:00,773.81,6.074,A,manha
REG-00811,M02,13,3.094,38.49,54.61,2977.0,71.54,2,0.536,583.86,C99,-0.1598623850845375,583.63,0,2025-07-22 18:00:00,764.6800000000001,5.680856051517534,A,manha
REG-00812,M06,7,2.526,33.21,62.14,1670.0,50.21,0,1.959,476.22,C99,0.6210645845728948,464.76,0,2025-07-23 00:00:00,753.23,5.648018277715403,C,manha
REG-00813,M03,8,1.763,49.81,66.43,4667.0,58.11,2,2.513,595.36,A12,-1.35215013370115,580.83,0,2025-07-23 06:00:00,754.12,5.31,B,tarde
REG-00814,M05,6,2.693,39.58,56.11,4015.0,27.69,0,2.59,522.01,X00,1.546854843976632,1394.4420000000002,0,2025-07-23 12:00:00,801.06,6.48,A,tarde
REG-00815,M06,4,1.975,34.63,45.23,835.0,38.28,1,3.551,461.46,X00,0.9013774354094372,460.39,0,2025-07-23 18:00:00,734.55,4.95,C,tarde
REG-00816,M07,14,3.171,46.04,49.5,1164.0,66.45,0,1.942,537.56,X00,-0.0810626927646424,524.91,0,2025-07-24 00:00:00,770.5166666666668,5.8,C,manha
REG-00817,M02,8,1.924,38.72,62.64,1035.0,33.95,0,3.374,464.45,C99,0.4676254184229074,458.64,0,2025-07-24 06:00:00,791.39,6.499882789337966,B,manha
REG-00818,M08,11,3.198,46.91,42.74,2544.0,59.78,0,3.698,541.05,C99,0.7410043595348156,512.27,0,2025-07-24 12:00:00,796.3944444444445,6.717,B,tarde
REG-00819,M02,2,2.064,38.7,52.86,2551.0,46.2,0,2.67,524.83,C99,-1.33698055041447,503.1,0,2025-07-24 18:00:00,752.61,4.874,A,tarde
REG-00820,M01,12,3.863,39.57,50.37,3840.0,52.7,1,1.551,582.51,X00,1.67782689138792,566.02,0,2025-07-25 00:00:00,770.73,5.509,A,manha
REG-00821,M01,10,3.254,43.55,53.76,3639.0,43.06,1,1.965,525.9,C99,0.4832609980829666,516.29,0,2025-07-25 06:00:00,764.52,4.862,B,manha
REG-00822,M02,15,3.183,44.67,42.89,863.0,41.16,0,2.974,479.54,C99,-0.7041022875327038,458.07,0,2025-07-25 12:00:00,755.52,5.563369599691115,A,manha
REG-00823,M07,3,1.438,45.46,32.78,2799.0,59.9,1,1.933,534.95,A12,-1.0965916566645617,525.14,0,2025-07-25 18:00:00,768.5,5.331,B,manha
REG-00824,M02,9,2.054,41.6,61.25,4096.0,53.38,0,3.487,506.68,C99,0.9870977413840472,502.97,0,2025-07-26 00:00:00,719.31,4.325556061170176,C,tarde
REG-00825,M06,8,3.203,44.38,66.57,4569.0,48.69,1,1.755,599.64,A12,0.2111591972270051,596.1,0,2025-07-26 06:00:00,788.19,6.476,A,tarde
REG-00826,M04,9,2.32,41.85249999999999,33.49,2027.0,40.85,0,3.352,499.47,B07,0.4826009029320935,497.63,1,2025-07-26 12:00:00,779.5388888888889,6.297,B,noite
REG-00827,M01,1,2.296,42.9,59.43,985.0,36.65,1,1.266,479.52,X00,0.0266645545562798,472.48,0,2025-07-26 18:00:00,759.27,5.057,A,tarde
REG-00828,M04,8,2.776,41.36,68.0,1442.0,46.58,0,0.888,469.93,A12,-1.0027436891760515,459.33,0,2025-07-27 00:00:00,745.9166666666666,5.054606379017913,C,tarde
REG-00829,M01,5,2.298,35.5,62.15,2228.0,45.8,2,1.825,541.95,X00,0.5086177899281171,545.09,0,2025-07-27 06:00:00,774.45,6.518,A,tarde
REG-00830,M04,10,2.662,41.85249999999999,50.0,2661.0,55.81,1,0.258,522.5,B07,-0.1975351391504562,518.32,0,2025-07-27 12:00:00,756.91,6.007,B,manha
REG-00831,M05,4,2.317,42.19,43.68,2275.0,30.41,0,1.426,462.61,X00,-0.0216911264931396,454.1,0,2025-07-27 18:00:00,745.41,5.408,B,tarde
REG-00832,M05,7,2.403,40.14,54.67554680664917,1180.0,25.8,0,3.652,484.69,X00,2.3770027057055767,472.45,0,2025-07-28 00:00:00,775.33,6.078,A,tarde
REG-00833,M03,10,2.634,47.75,57.97,2228.0,48.01,0,2.352,524.31,A12,0.8690691377647088,516.77,0,2025-07-28 06:00:00,795.34,6.209,B,tarde
REG-00834,M07,1,1.943,35.57,56.15,2017.0,15.23,0,0.655,401.46,A12,0.9267649097579256,393.6,0,2025-07-28 12:00:00,769.41,6.034,B,manha
REG-00835,M05,12,2.995,49.4,52.84,2848.0,45.52,1,2.009,514.28,X00,2.720523127437558,516.44,0,2025-07-28 18:00:00,760.34,5.455,B,noite
REG-00836,M03,11,2.571,41.9,42.01,1132.0,42.09,1,1.637,498.68,B07,0.3845738721801192,498.5,0,2025-07-29 00:00:00,782.6,6.374,A,noite
REG-00837,M04,1,1.9,43.43,60.07,4120.0,42.1,1,3.918,509.69,B07,0.1197075364493131,502.64,0,2025-07-29 06:00:00,716.64,3.978,C,manha
REG-00838,M01,1,1.601,40.22,60.65,2551.0,59.99,0,1.419,523.38,A12,-0.6792073493912418,511.62,0,2025-07-29 12:00:00,749.51,5.125,A,tarde
REG-00839,M08,13,3.41,34.5,57.41,2135.0,27.26,2,2.399,472.75,C99,-0.4525518582273461,463.94,0,2025-07-29 18:00:00,767.49,5.782,B,noite
REG-00840,M07,5,1.946,41.37,56.33,4607.0,68.29,0,0.879,499.55,A12,-2.047103766548211,498.86,0,2025-07-30 00:00:00,770.19,5.891904190625905,A,manha
REG-00841,M03,13,2.646,43.51,75.15,3926.0,47.8,1,4.219,516.85,B07,0.7904233388065749,511.08,0,2025-07-30 06:00:00,744.47,5.2069802396613305,C,noite
REG-00842,M06,8,3.321,45.04,47.51,1374.0,48.77,0,2.65,521.85,B07,-1.2669209973104003,502.22,0,2025-07-30 12:00:00,777.94,5.835,B,tarde
REG-00844,M05,5,2.548,32.13,46.19,808.0,52.96,0,1.467,476.61,B07,-0.0430260169605739,470.85,1,2025-07-31 00:00:00,769.34,6.349,A,noite
REG-00845,M01,10,2.625,35.06,68.31,3155.0,47.5,2,1.962,497.05,X00,0.1280587147643657,512.27,0,2025-07-31 06:00:00,749.1,6.044278051269323,C,manha
REG-00846,M08,2,1.625,51.23,69.8,2289.0,36.66,0,1.095,473.15,C99,-0.042367930144399,471.78,0,2025-07-31 12:00:00,761.35,5.697,A,tarde
REG-00847,M08,7,3.032,37.08,51.48,2375.0,20.15,0,1.531,517.25,B07,1.3860744288829665,512.27,0,2025-07-31 18:00:00,775.27,5.495,B,manha
REG-00848,M08,6,2.121,48.42,74.93,2939.0,43.09,1,4.522,499.46,A12,1.2094423599364288,489.9,0,2025-01-08 00:00:00,715.6444444444445,3.899,A,manha
REG-00849,M08,3,1.605,37.8,60.63,3064.0,48.75,0,1.273,515.04,X00,-0.0288914056546223,502.97,0,2025-08-01 06:00:00,760.44,5.691,C,manha
REG-00850,M08,6,3.123,41.18,44.47,804.0,39.36,0,0.483,503.33,B07,-0.8990040764132963,492.83,0,2025-08-01 12:00:00,771.07,6.301,A,noite
REG-00851,M06,8,2.519,44.81,50.51,1252.0,58.69,1,1.274,511.0,C99,0.9238891053320396,506.37,0,2025-01-08 18:00:00,751.78,5.648018277715403,A,manha
REG-00852,M01,11,3.726,38.31,68.59,4114.0,61.79,1,3.186,564.04,B07,-0.9745749714152614,559.73,0,2025-08-02 00:00:00,753.5277777777778,5.262,C,tarde
REG-00853,M04,2,1.131,49.16,66.08,4804.0,29.71,0,1.35,546.77,B07,-1.5548612911181614,522.55,0,2025-08-02 06:00:00,764.25,5.696,C,noite
REG-00854,M02,14,3.553,42.34,42.3,4316.0,70.94,0,3.178,572.16,C99,0.4983498684877274,568.09,0,2025-02-08 12:00:00,727.02,4.813,A,manha
REG-00855,M02,14,4.252,44.07,53.33,4606.0,52.34,1,3.538,574.24,B07,1.2184899218032264,575.93,0,2025-08-02 18:00:00,775.38,5.841227816158524,B,tarde
REG-00856,M07,11,2.943,40.8,57.44,2746.0,48.8,0,1.298,497.21,X00,-0.4050851677938761,502.78,0,2025-08-03 00:00:00,760.5444444444444,4.969,B,noite
REG-00857,M07,14,3.201,44.96,48.91,4270.0,52.99,1,3.158,562.39,C99,0.4045176882347607,556.86,0,2025-03-08 06:00:00,787.89,6.554006536218095,C,tarde
REG-00858,M05,7,1.885,49.1,83.29,4505.0,44.23,0,1.234,563.4,X00,-0.4156738117376999,547.66,0,2025-08-03 12:00:00,770.7611111111111,6.217,A,manha
REG-00859,M06,13,3.677,41.41,57.8,4549.0,19.04,0,3.505,484.95,B07,0.721993348685818,482.32,0,2025-08-03 18:00:00,733.35,4.672,B,manha
REG-00860,M02,11,2.583,49.78,54.26,1427.0,45.97,0,1.655,527.69,A12,1.095029686412215,508.25,0,2025-04-08 00:00:00,753.75,5.454,B,noite
REG-00861,M02,9,2.627,39.25,69.29,1416.0,29.43,0,1.581,445.83,A12,-0.2628652144820228,439.3,0,2025-08-04 06:00:00,770.62,5.652,B,manha
REG-00862,M07,3,1.334,45.44,50.62,2490.0,58.12,2,2.927,577.43,X00,-1.027603157722529,560.15,0,2025-08-04 12:00:00,747.5,4.829,C,tarde
REG-00863,M04,9,3.371,44.2,67.09,2915.0,64.83,0,2.944,547.54,X00,-1.4570306026115392,545.42,0,2025-04-08 18:00:00,749.16,5.534,B,manha
REG-00864,M05,14,3.84,37.19,34.99,4824.0,62.02,3,3.637,604.56,C99,0.9256884324602483,601.47,1,2025-08-05 00:00:00,803.01,6.926,A,tarde
REG-00865,M04,15,3.436,42.96,49.56,2135.0,50.14,4,2.336,581.28,C99,-1.1365664917078266,571.97,0,2025-08-05 06:00:00,756.6277777777779,5.57,C,noite
REG-00866,M02,7,1.891,42.03,67.59,4292.0,31.3,1,2.755,515.92,A12,0.3720242412023667,504.49,0,2025-05-08 12:00:00,764.55,5.648018277715403,C,tarde
REG-00867,M07,4,2.711,38.16,73.84,4527.0,31.91,0,2.927,507.34,X00,0.777407068442516,501.25,0,2025-08-05 18:00:00,738.54,4.487,C,noite
REG-00868,M07,12,2.526,43.61,45.72,4854.0,72.71,1,1.617,589.6,C99,-0.5013018785505434,578.58,0,2025-08-06 00:00:00,768.0,5.547,A,manha
REG-00869,M06,2,1.263,42.66,44.32,1595.0,29.09,0,1.178,461.46,C99,-0.1662108501799558,450.0,0,2025-06-08 06:00:00,761.15,5.59,A,tarde
REG-00870,M03,3,1.097,41.85249999999999,61.81,1815.0,10.33,0,2.599,448.7,A12,0.9990434475067728,453.26,0,2025-08-06 12:00:00,775.9,5.779,B,noite
REG-00871,M06,9,2.379,41.69,47.52,1723.0,58.16,0,2.071,527.46,C99,-0.8081937873347598,512.27,0,2025-08-06 18:00:00,779.0,6.344,A,tarde
REG-00872,M08,15,2.795,41.59,51.78,3887.0,71.01,0,3.306,518.01,C99,-0.9097116050340972,514.44,1,2025-07-08 00:00:00,713.68,4.044733104427805,C,manha
REG-00873,M06,5,1.87,40.35,65.52,3684.0,60.91,1,2.637,536.27,X00,-0.2343912212090707,512.27,0,2025-08-07 06:00:00,791.75,6.105,A,noite
REG-00874,M04,7,2.745,42.63,48.47,2509.0,55.86,1,2.809,555.63,A12,1.277912662076373,544.21,0,2025-08-07 12:00:00,789.28,6.402,B,manha
REG-00875,M03,5,1.981,39.1,31.41,1173.0,55.42,2,2.192,534.31,A12,1.6107310946036024,530.39,1,2025-07-08 18:00:00,779.06,6.131,C,tarde
REG-00876,M05,7,2.57,53.96,39.39,2987.0,44.04,0,3.12,475.64,X00,-0.0987830204407338,484.41,0,2025-08-08 00:00:00,743.64,5.336394600035852,A,noite
REG-00877,M03,1,1.304,35.66,55.12,3875.0,11.28,0,3.313,495.37,B07,-0.7121216280448002,489.91,0,2025-08-08 06:00:00,738.38,4.989,A,manha
REG-00878,M05,9,2.699,39.37,32.64,2792.0,46.13,2,2.648,547.8,B07,1.0641146159195851,512.27,0,2025-08-08 12:00:00,752.09,5.424,B,manha
REG-00879,M01,9,3.534,39.72,51.43,1926.0,53.26,1,3.454,525.66,C99,-1.669295581660475,513.98,1,2025-08-08 18:00:00,777.51,6.137288158965236,B,manha
REG-00880,M02,5,1.993,51.18,38.29,3287.0,39.38,0,1.653,497.77,B07,0.2476108541480902,1306.989,0,2025-08-09 00:00:00,769.19,5.71,A,tarde
REG-00881,M07,4,2.526,36.06,74.68,3575.0,37.63,0,1.996,485.57,X00,-0.0439135928392051,495.53,0,2025-09-08 06:00:00,-45.55555555555556,5.388518870916587,B,manha
REG-00882,M04,12,2.356,43.92,80.98,3283.0,37.83,0,3.332,482.06,X00,1.2938278435243813,481.03,0,2025-08-09 12:00:00,732.75,4.783,C,noite
REG-00883,M04,3,2.574,43.12,42.3,4466.0,26.58,0,2.762,535.1,B07,1.3950185396383763,524.41,0,2025-08-09 18:00:00,750.2,5.089424840386657,B,manha
REG-00884,M05,1,1.415,43.5,58.08,2118.0,58.26,1,2.362,538.64,A12,-0.942528557947274,541.78,0,2025-10-08 00:00:00,762.13,6.155283442959776,A,noite
REG-00885,M04,1,2.103,47.56,43.48,3360.0,58.69,1,2.705,553.09,X00,0.1676780354749751,538.75,0,2025-08-10 06:00:00,746.6166666666667,5.568,A,manha
REG-00886,M07,14,3.265,47.47,51.29,4391.0,51.77,2,3.758,599.69,C99,-0.5706043422415404,582.55,0,2025-08-10 12:00:00,755.66,5.591293316234366,A,tarde
REG-00887,M02,6,2.555,39.97,76.64,1693.0,45.58,0,2.225,523.82,X00,-0.2933273849067402,517.35,0,2025-10-08 18:00:00,795.85,6.707897240723121,A,tarde
REG-00888,M07,2,2.062,42.87,49.4,1982.0,25.63,0,1.513,461.1,B07,0.6173877745579746,460.39,0,2025-08-11 00:00:00,761.52,5.515,A,noite
REG-00889,M02,14,3.116,33.61,51.57,1006.0,59.51,2,3.384,540.29,B07,-0.3348941220919324,550.51,0,2025-08-11 06:00:00,808.86,6.524428080916725,B,tarde
REG-00890,M03,3,2.526,42.45,43.69,2374.0,59.72,0,1.473,541.06,A12,0.1939254565280249,526.65,0,2025-11-08 12:00:00,758.4,5.376384120023718,A,tarde
REG-00891,M05,6,1.938,38.43,68.75,987.0,23.85,2,0.684,500.96,B07,0.9572721652797632,477.77,0,2025-08-11 18:00:00,755.41,5.398,C,noite
REG-00892,M08,1,1.98,41.16,18.0,3934.0,41.77,0,2.532,517.66,C99,1.5151617237959258,495.85,0,2025-08-12 00:00:00,767.0,5.79,A,tarde
REG-00893,M02,11,2.526,34.42,49.69,1173.0,54.67,1,2.428,485.2,A12,0.2886801448094544,479.57,0,2025-12-08 06:00:00,724.44,4.598,A,manha
REG-00894,M05,11,3.087,43.82,54.45,3708.0,54.53,1,3.445,557.97,C99,0.1177654070401385,558.33,0,2025-08-12 12:00:00,806.71,7.224,B,noite
REG-00895,M01,12,2.852,34.37,47.07,3235.0,69.11,0,1.053,539.29,C99,-1.1072901594818472,524.72,0,2025-08-12 18:00:00,753.57,5.065,C,tarde
REG-00896,M01,4,2.042,42.67,65.36,4949.0,64.23,0,2.055,533.23,X00,1.58579845411072,526.35,0,2025-08-13 00:00:00,768.44,5.514,A,manha
REG-00897,M07,5,1.666,36.48,69.42,2262.0,38.2,1,1.439,519.07,A12,0.4957010678281487,507.63,0,2025-08-13 06:00:00,764.6800000000001,5.842,A,tarde
REG-00898,M06,15,3.561,38.18,38.06,2248.0,61.08,0,1.604,539.59,A12,0.1362251244866923,529.22,0,2025-08-13 12:00:00,752.0333333333333,5.531,A,manha
REG-00899,M04,13,3.21,47.2,80.12,1821.0,51.61,0,2.2,477.35,B07,0.085049222196694,469.56,0,2025-08-13 18:00:00,757.4,5.648018277715403,B,manha
REG-00900,M05,1,1.387,44.65,37.92,3056.0,28.61,0,2.348,499.59,X00,0.3606534735552544,484.1,0,2025-08-14 00:00:00,803.25,6.76,A,noite
REG-00901,M04,11,2.905,47.17,70.46,1721.0,51.45,1,1.542,522.96,A12,0.7717904898807331,506.83,0,2025-08-14 06:00:00,760.61,5.482,A,manha
REG-00902,M03,13,3.25,49.02,56.8,1276.0,58.66,2,2.337,542.07,X00,0.8955505301305932,538.18,0,2025-08-14 12:00:00,769.61,5.799,A,noite
REG-00903,M04,9,2.526,38.52,48.96,4784.0,48.4,1,3.596,542.97,X00,1.6108018958066057,542.22,0,2025-08-14 18:00:00,805.45,7.028847612349867,B,noite
REG-00904,M03,10,2.742,48.75,50.09,3652.0,36.43,1,1.562,486.47,A12,0.2426885085126161,498.98,1,2025-08-15 00:00:00,776.81,6.892,C,manha
REG-00905,M07,1,1.178,35.41,54.6,1299.0,30.64,0,1.848,477.78,B07,1.7542012192654035,473.45,0,2025-08-15 06:00:00,794.78,6.61,B,noite
REG-00906,M04,1,2.686,45.36,57.5,3395.0,30.73,0,1.93,455.53,B07,1.0577232794825613,457.42,0,2025-08-15 12:00:00,755.41,5.594,B,noite
REG-00907,M03,1,2.107,39.78,43.96,2080.0,26.09,0,2.386,459.35,B07,-0.0601313811694741,449.26,0,2025-08-15 18:00:00,750.48,4.624,A,noite
REG-00908,M05,3,2.013,37.81,52.19,1556.0,42.36,1,3.171,482.19,X00,-1.6673737284433254,477.71,0,2025-08-16 00:00:00,749.9277777777777,5.028,A,tarde
REG-00909,M07,15,3.977,44.77,45.75,2780.0,58.02,3,1.839,580.91,B07,0.0855622642969829,574.11,0,2025-08-16 06:00:00,768.1,6.172933989713041,A,manha
REG-00910,M03,10,1.909,46.25,40.42,4108.0,58.75,1,1.605,570.82,C99,1.5584778048903218,555.99,0,2025-08-16 12:00:00,759.07,5.613,C,tarde
REG-00911,M08,12,1.909,46.12,45.19,801.0,39.11,2,3.754,513.53,A12,-0.7752631301322105,502.81,0,2025-08-16 18:00:00,730.97,3.093,C,tarde
REG-00912,M04,5,1.97,42.97,41.2,2291.0,34.07,1,3.89,453.29,C99,0.082462647462552,512.27,0,2025-08-17 00:00:00,739.5999999999999,5.124,C,manha
REG-00913,M06,15,2.83,42.59,49.96,4668.0,71.65,1,2.32,617.5,B07,0.1652189093217758,595.09,1,2025-08-17 06:00:00,729.11,5.245,C,tarde
REG-00914,M08,3,1.784,44.37,60.19,2456.0,36.63,1,1.906,439.94,X00,0.9421265918312004,427.63,0,2025-08-17 12:00:00,742.04,4.263,C,manha
REG-00915,M04,14,3.413,43.37,56.45,1216.0,52.16,1,3.803,532.46,X00,-0.3878115477832971,527.87,0,2025-08-17 18:00:00,721.2,4.868,C,noite
REG-00916,M02,1,2.044,44.44,78.69,2600.0,34.1,0,1.112,434.27,A12,-0.8693837484552895,430.78,0,2025-08-18 00:00:00,764.52,4.665,A,manha
REG-00917,M06,1,1.118,42.92,28.47,3666.0,49.8,1,1.2,596.4,C99,0.5700021512237344,581.37,0,2025-08-18 06:00:00,761.8,5.882,A,manha
REG-00918,M01,2,1.94,45.79,60.63,4984.0,51.46,0,2.523,550.62,B07,-0.7433870190376026,540.88,0,2025-08-18 12:00:00,789.34,6.377,A,manha
REG-00919,M04,12,3.066,34.68,55.08,3441.0,62.76,0,3.637,572.89,B07,-1.8355053521421103,573.26,0,2025-08-18 18:00:00,788.26,5.525,B,manha
REG-00920,M08,4,2.176,41.41,64.79,1012.0,40.12,1,1.32,514.22,B07,1.840371924427865,499.57,0,2025-08-19 00:00:00,747.39,5.278,A,manha
REG-00921,M04,7,2.176,35.77,63.6,4198.0,32.93,0,2.803,512.42,X00,0.9270306621375524,494.93,0,2025-08-19 06:00:00,757.73,5.835,C,manha
REG-00922,M06,8,2.526,43.25,54.67554680664917,4076.0,67.7,0,1.976,562.91,B07,1.8833877854171877,545.28,0,2025-08-19 12:00:00,747.84,5.648018277715403,B,manha
REG-00923,M05,12,3.013,49.39,57.07,3535.0,59.68,1,2.404,551.92,A12,0.8740127530155358,531.6,0,2025-08-19 18:00:00,755.68,5.575,B,manha
REG-00924,M02,6,3.078,39.87,46.07,4565.0,36.72,0,3.171,566.25,A12,0.6803649216924524,541.57,0,2025-08-20 00:00:00,774.0,5.776,A,tarde
REG-00925,M03,1,1.274,42.57,62.36,4031.0,53.29,1,3.102,534.2,X00,0.3695356334203574,512.67,0,2025-08-20 06:00:00,729.15,3.923,A,tarde
REG-00926,M05,6,2.614,45.4,32.45,1775.0,35.77,0,1.713,464.64,B07,-0.1860282815622781,455.09,0,2025-08-20 12:00:00,754.3333333333334,5.572056978171238,A,manha
REG-00927,M01,5,2.123,32.7,64.32,2569.0,57.93,0,3.415,522.12,A12,0.5121065819050965,516.05,0,2025-08-20 18:00:00,764.6800000000001,5.051503743846441,C,manha
REG-00928,M04,11,2.783,39.65,54.72,2931.0,65.94,2,2.081,543.88,B07,-0.5532324843741019,550.26,0,2025-08-21 00:00:00,774.82,6.34,B,manha
REG-00929,M04,12,3.345,43.64,54.67554680664917,2852.0,38.34,3,2.979,535.02,X00,-1.0692291724792182,527.03,0,2025-08-21 06:00:00,753.6,4.612,B,manha
REG-00930,M07,2,1.625,28.96,52.21,3482.0,44.38,0,1.439,516.38,X00,-0.3322258169210742,504.66,0,2025-08-21 12:00:00,762.64,5.049,A,manha
REG-00931,M01,12,1.862,37.6,53.09,3746.0,58.79,1,2.281,537.85,X00,1.2914922913513938,529.56,0,2025-08-21 18:00:00,763.35,5.304,A,noite
REG-00932,M07,2,0.382,46.95,70.57,1236.0,68.78,0,1.336,484.42,C99,-1.2324066869252508,492.14,0,2025-08-22 00:00:00,788.21,5.789,A,noite
REG-00933,M04,10,3.373,46.51,93.8,3187.0,38.09,0,1.643,539.88,X00,-1.2165166508000995,534.16,0,2025-08-22 06:00:00,751.12,5.249,C,noite
REG-00934,M06,6,2.834,43.68,69.64,963.0,59.39,1,1.573,512.78,X00,0.5913091627128223,500.12,0,2025-08-22 12:00:00,742.1666666666666,5.103,C,tarde
REG-00935,M05,5,2.999,45.97,48.22,2948.0,41.21,0,1.721,491.22,A12,-0.4150787044366666,492.05,0,2025-08-22 18:00:00,763.56,5.106,A,tarde
REG-00936,M03,8,2.532,42.97,62.56,2573.0,29.7,1,2.18,482.18,B07,0.4854950451594649,473.75,0,2025-08-23 00:00:00,718.8,4.536,C,manha
REG-00937,M08,5,1.568,44.5,63.08,1663.0,39.56,0,1.202,495.6,C99,0.9898574318794452,484.88,0,2025-08-23 06:00:00,770.31,6.019732759690564,A,noite
REG-00938,M02,12,2.871,40.58,43.9,4961.0,49.43,1,1.119,550.07,B07,0.461532484257878,533.13,0,2025-08-23 12:00:00,761.62,5.356665149822804,C,noite
REG-00939,M01,15,3.455,42.52,39.87,1884.0,40.29,1,4.543,549.01,X00,-0.6322455786784477,527.4,0,2025-08-23 18:00:00,807.45,6.862960051848481,A,noite
REG-00940,M07,13,2.737,39.15,54.24,1036.0,54.35,2,1.608,520.97,X00,1.282933808528605,516.25,0,2025-08-24 00:00:00,751.81,4.572,A,noite
REG-00941,M05,7,2.526,47.69,64.69,2305.0,54.89,0,1.357,477.55,C99,0.7421226826035108,469.04,0,2025-08-24 06:00:00,751.1777777777777,5.119,C,tarde
REG-00942,M08,8,3.548,48.85,35.66,3981.0,47.46,1,2.667,591.0,A12,0.026827854189578,580.57,0,2025-08-24 12:00:00,752.6388888888889,5.282,A,noite
REG-00943,M04,7,2.625,48.21,46.35,838.0,36.9,0,2.797,508.84,B07,-0.0215828138984311,496.2,0,2025-08-24 18:00:00,766.82,5.764,A,noite
REG-00944,M01,12,3.055,40.16,61.87,2870.0,47.62,3,2.532,554.42,A12,0.3739925394769893,541.99,0,2025-08-25 00:00:00,779.87,6.229,B,manha
REG-00945,M01,9,2.087,37.71,55.5,2552.0,45.75,0,1.577,490.64,B07,-0.3119837002583043,472.16,0,2025-08-25 06:00:00,762.0388888888889,5.647,A,noite
REG-00946,M04,8,3.236,47.75,72.0,4436.0,47.21,1,3.797,553.8,A12,-1.6312046947200598,563.99,1,2025-08-25 12:00:00,792.55,6.384120023717922,B,manha
REG-00947,M02,7,2.444,44.45,38.06,811.0,56.72,0,2.993,459.56,A12,0.7501577462616736,449.48,0,2025-08-25 18:00:00,739.89,4.997,C,noite
REG-00948,M08,6,2.15,43.48,83.23,872.0,45.46,0,1.929,517.11,A12,0.6907430198711753,505.62,0,2025-08-26 00:00:00,768.75,6.113,C,noite
REG-00949,M01,9,2.887,39.15,36.54,3173.0,28.97,0,1.265,483.51,B07,-2.3010659656967247,478.22,0,2025-08-26 06:00:00,764.69,5.607,A,manha
REG-00950,M08,11,2.666,43.92,30.65,1553.0,41.45,1,2.736,528.1,A12,0.5106761426572534,512.27,0,2025-08-26 12:00:00,785.78,5.648018277715403,B,tarde
REG-00951,M02,7,2.476,37.12,54.29,3756.0,45.39,1,1.216,514.76,A12,1.7564835388897118,507.63,0,2025-08-26 18:00:00,749.33,5.114797501344475,A,manha
REG-00952,M01,13,2.541,44.85,41.39,1968.0,64.09,1,2.659,544.93,B07,-1.12763835317354,542.47,0,2025-08-27 00:00:00,806.6777777777778,6.674,A,noite
REG-00953,M03,13,2.526,48.2,54.53,3161.0,66.17,3,3.942,633.9,C99,-0.0732912908907108,611.31,0,2025-08-27 06:00:00,748.29,5.332,A,noite
REG-00954,M02,7,2.363,49.34,54.12,958.0,64.7,0,2.539,502.82,C99,-0.1819823141340587,492.43,0,2025-08-27 12:00:00,761.3611111111111,5.347,C,tarde
REG-00955,M04,14,3.841,45.19,52.65,3712.0,53.37,1,3.452,550.66,B07,1.6604119343708827,548.79,0,2025-08-27 18:00:00,737.5,4.96,C,noite
REG-00956,M03,3,1.799,35.78,44.89,2976.0,47.76,0,0.504,523.82,C99,1.1209470441569618,532.26,0,2025-08-28 00:00:00,775.14,5.964,C,manha
REG-00957,M05,14,3.259,42.89,60.19,800.0,34.35,0,1.812,470.61,A12,-0.8784161465124305,459.0,0,2025-08-28 06:00:00,788.96,6.263,B,manha
REG-00958,M05,5,1.604,51.63,51.19,1916.0,46.16,0,1.332,472.22,C99,0.342118523358526,459.75,0,2025-08-28 12:00:00,773.79,5.799,B,tarde
REG-00959,M01,9,3.012,38.09,68.24,1049.0,32.9,0,2.198,441.14,A12,2.302672132277526,436.32,0,2025-08-28 18:00:00,782.23,5.988982197768861,B,manha
REG-00960,M01,5,1.756,41.73,52.84,988.0,40.25,0,1.522,494.57,A12,-0.6247078991411382,482.5,0,2025-08-29 00:00:00,790.64,5.843,B,tarde
REG-00961,M02,7,2.191,48.36,43.42,3733.0,79.76,1,1.493,592.34,X00,-0.0111537836593321,512.27,1,2025-08-29 06:00:00,763.7,5.745,B,manha
REG-00962,M02,6,11.781121550923514,44.78,34.75,2597.0,45.84,2,3.56,574.18,B07,0.5135073034876191,557.29,0,2025-08-29 12:00:00,764.6800000000001,6.23,A,tarde
REG-00963,M01,11,2.985,53.16,52.93,4172.0,37.83,1,2.454,546.04,C99,-0.6100545497192573,530.15,0,2025-08-29 18:00:00,775.01,5.648018277715403,A,tarde
REG-00964,M03,2,0.992,38.7,54.67554680664917,1882.0,42.29,1,2.127,446.4,B07,1.7632030849927454,452.72,0,2025-08-30 00:00:00,754.8833333333333,5.16,C,noite
REG-00965,M05,13,3.086,37.55,38.8,3814.0,44.4,2,1.527,500.49,C99,-0.4726683002835216,504.09,0,2025-08-30 06:00:00,772.2444444444444,6.531,B,manha
REG-00966,M03,14,3.678,47.51,61.33,3383.0,40.27,1,1.186,612.52,C99,-1.3890351291241942,587.45,0,2025-08-30 12:00:00,758.76,5.33,C,noite
REG-00967,M03,9,2.5,36.62,33.67,3584.0,71.04,2,1.13,607.85,X00,-0.5249820389162893,591.52,0,2025-08-30 18:00:00,772.13,5.558,A,tarde
REG-00968,M04,9,2.569,41.85249999999999,71.95,4277.0,58.6,1,0.791,561.19,A12,0.6530200861861699,562.85,0,2025-08-31 00:00:00,774.06,5.574,B,manha
REG-00969,M05,11,3.003,41.7,56.92,3771.0,52.35,1,2.183,540.54,C99,-0.7981741257542534,544.93,0,2025-08-31 06:00:00,756.46,4.787,A,tarde
REG-00970,M03,3,1.833,46.66,54.47,3931.0,33.9,0,2.941,492.11,X00,0.3021993888671026,483.2,0,2025-08-31 12:00:00,798.49,7.191,A,tarde
REG-00971,M02,12,2.596,44.76,42.58,3906.0,45.67,1,1.996,508.75,B07,0.5625504401416662,510.24,1,2025-08-31 18:00:00,736.09,5.263,A,manha
REG-00973,M01,11,3.377,40.19,54.97,3842.0,51.88,2,4.109,573.31,C99,-0.5637022175942242,565.21,0,2025-09-01 06:00:00,737.24,4.503,C,manha
REG-00974,M04,5,1.677,47.47,46.77,4337.0,5.0,0,4.084,469.64,C99,0.3489708595380674,463.42,0,2025-01-09 12:00:00,799.6722222222222,7.32408058577752,A,tarde
REG-00975,M08,12,2.891,60.12,57.4,3899.0,78.45,0,2.37,560.16,B07,0.7024121600035143,543.0,0,2025-09-01 18:00:00,764.6800000000001,5.669,B,tarde
REG-00976,M04,12,2.438,45.11,34.81,3352.0,51.6,1,1.769,547.46,X00,-0.5387840197676386,524.91,0,2025-09-02 00:00:00,772.77,5.789,B,tarde
REG-00977,M01,4,2.444,42.45,35.38,1110.0,43.92,0,2.698,467.95,C99,0.1517723102480286,464.8,0,2025-02-09 06:00:00,745.54,5.569,A,noite
REG-00978,M06,10,2.758,36.16,41.56,2633.0,60.04,0,3.039,574.22,C99,-0.2839362497457617,574.64,0,2025-09-02 12:00:00,778.82,6.295,B,manha
REG-00979,M02,8,2.157,39.13,59.19,1065.0,50.18,0,1.03,482.88,A12,0.727850170800594,472.67,0,2025-09-02 18:00:00,738.29,5.619,A,noite
REG-00980,M02,5,2.192,41.04,54.96,1236.0,49.96,1,3.449,484.65,C99,0.5194135791656076,464.63,0,2025-03-09 00:00:00,764.6800000000001,5.059,C,noite
REG-00981,M02,9,2.128,39.59,67.59,2316.0,40.72,0,2.965,470.11,X00,-0.3734830151956725,466.34,0,2025-09-03 06:00:00,712.26,3.929,C,noite
REG-00982,M08,15,2.985,41.93,43.96,2749.0,38.24,2,2.281,550.75,C99,0.4784438511961578,535.91,0,2025-09-03 12:00:00,785.3277777777778,6.046,B,noite
REG-00983,M08,1,0.973,50.0,61.9,3015.0,39.56,1,1.407,469.96,C99,-0.4125983717926988,469.62,0,2025-03-09 18:00:00,764.0,4.973,B,manha
REG-00984,M05,15,2.97,47.61,53.63,4581.0,70.18,1,2.874,590.99,C99,0.4573619543564785,582.09,1,2025-09-04 00:00:00,741.21,4.839,A,tarde
REG-00985,M05,13,3.801,41.29,43.68,4003.0,42.83,1,1.475,568.37,A12,0.4712945453445882,569.13,0,2025-09-04 06:00:00,762.54,5.976847446875991,A,manha
REG-00986,M06,8,2.21,36.56,59.62,2576.0,35.86,1,2.314,501.51,A12,2.3710465285685087,494.02,0,2025-04-09 12:00:00,739.46,5.093,A,noite
REG-00987,M05,10,3.01,48.02,54.21,2205.0,61.65,1,2.809,530.49,C99,-0.3362622421041108,523.57,0,2025-09-04 18:00:00,782.34,6.177,A,tarde
REG-00988,M05,6,1.904,41.78,47.45,3792.0,36.71,0,2.445,492.48,A12,-0.1412684869634926,480.41,0,2025-09-05 00:00:00,742.38,4.623,A,manha
REG-00989,M08,2,2.102,34.23,55.5,1955.0,32.47,1,2.406,474.21,A12,-0.6472316003921244,453.19,0,2025-05-09 06:00:00,779.8277777777779,5.648018277715403,C,noite
REG-00990,M06,9,2.208,45.21,53.45,4511.0,41.32,0,2.025,532.98,X00,-1.0328236977891947,528.16,0,2025-09-05 12:00:00,786.49,6.649,B,manha
REG-00991,M01,13,3.208,46.62,53.16,4082.0,49.82,0,2.383,534.77,B07,-0.4564604935924198,542.62,0,2025-09-05 18:00:00,767.86,5.886,B,tarde
REG-00992,M04,4,2.044,31.08,50.05,3666.0,20.92,0,3.307,453.98,X00,0.6651006952212376,448.86,0,2025-06-09 00:00:00,764.6800000000001,4.79315765523518,C,noite
REG-00993,M08,11,3.978,38.29,39.34,1847.0,41.73,0,2.85,546.24,X00,0.737461531349306,535.81,0,2025-09-06 06:00:00,764.6800000000001,5.398,A,manha
REG-00994,M04,12,3.344,41.5,55.9,3411.0,52.16,1,2.754,566.36,A12,0.2956798446873298,556.4,0,2025-09-06 12:00:00,751.28,5.542,C,tarde
REG-00995,M02,12,2.793,45.31,45.37,4247.0,52.08,1,2.854,515.81,X00,-0.2957648805299104,509.42,0,2025-06-09 18:00:00,777.95,4.942,B,noite
REG-00996,M07,6,2.588,39.68,42.76,1102.0,56.1,1,3.348,499.49,B07,-0.4933749859308093,480.38,0,2025-09-07 00:00:00,795.9,6.711,B,manha
REG-00997,M05,6,3.242,38.26,52.11,1543.0,64.27,2,4.292,533.1,C99,-0.9168305104620248,524.15,0,2025-09-07 06:00:00,754.5222222222224,6.235,A,tarde
REG-00998,M05,7,1.677,45.27,63.81,2963.0,61.55,2,3.305,582.95,A12,-0.5568876009630063,575.16,0,2025-07-09 12:00:00,744.64,4.511,C,manha
REG-00999,M04,13,2.811,41.85249999999999,57.23,2309.0,61.58,1,2.395,563.44,B07,-1.2951280591322758,561.24,0,2025-09-07 18:00:00,785.18,6.171,A,tarde
REG-01000,M01,14,3.213,44.44,48.63,3780.0,50.02,1,1.441,575.75,C99,1.3578583118756624,581.01,1,2025-09-08 00:00:00,-50.0,5.784,A,manha
REG-01001,M04,7,2.222,37.0,48.14,2484.0,35.92,0,1.777,497.46,B07,1.8371514863220448,487.51,0,2025-08-09 06:00:00,778.13,5.882,B,noite
REG-01002,M04,15,3.3,35.91,62.63,4985.0,53.21,1,1.976,572.18,C99,-1.935862753499927,561.79,0,2025-09-08 12:00:00,757.8,5.797,A,noite
REG-01003,M08,9,2.083,45.4,26.24,2057.0,52.83,4,3.783,514.01,A12,0.2892636378506107,514.76,0,2025-09-08 18:00:00,723.7,5.648018277715403,A,manha
REG-01004,M03,6,2.912,43.14,64.57,2312.0,52.06,2,1.808,548.28,A12,0.2726919553560268,540.52,1,2025-09-09 00:00:00,753.99,5.373,B,manha
REG-01005,M02,1,0.99,46.15,32.51,814.0,43.68,0,2.64,466.92,C99,0.2088087895901322,461.15,0,2025-09-09 06:00:00,773.73,6.191,A,tarde
REG-01006,M04,10,2.71,39.6,38.02,1839.0,45.55,0,1.192,482.03,B07,-0.5927443212130082,479.83,0,2025-09-09 12:00:00,748.52,5.161,C,noite
REG-01007,M08,10,3.271,38.42,48.83,1789.0,56.44,0,0.833,554.76,C99,1.0225139587556902,552.81,0,2025-09-09 18:00:00,769.35,6.893,A,tarde
REG-01008,M04,15,3.436,48.12,81.04,4003.0,68.13,0,2.733,578.68,B07,0.4104773015785604,566.93,0,2025-09-10 00:00:00,791.71,6.504157531129772,B,manha
REG-01009,M04,11,2.526,35.15,75.13,2218.0,58.76,1,1.498,558.86,A12,1.0341217539638328,552.38,0,2025-09-10 06:00:00,751.63,5.317,B,manha
REG-01010,M06,1,1.023,47.63,63.48,1654.0,35.82,0,1.03,430.03,C99,-0.737511979412805,428.33,0,2025-10-09 12:00:00,776.75,5.404,B,noite
REG-01011,M06,9,2.567,47.94,59.28,2117.0,35.79,1,2.056,562.49,A12,-1.38318280465793,560.97,0,2025-09-10 18:00:00,789.4,6.192,B,tarde
REG-01012,M03,12,2.719,45.87,32.65,3163.0,39.11,4,1.655,560.25,X00,0.4349055295820195,512.27,0,2025-09-11 00:00:00,768.33,6.151,B,noite
REG-01013,M08,8,2.632,38.9,56.88,4099.0,36.43,1,2.27,559.72,A12,-0.9629437258182532,544.16,0,2025-11-09 06:00:00,781.77,5.686,C,tarde
REG-01014,M05,7,1.779,38.33,48.41,4911.0,46.48,0,1.568,561.35,X00,1.054599605833873,551.43,0,2025-09-11 12:00:00,779.35,5.325,A,noite
REG-01015,M01,13,3.556,41.05,45.2,998.0,56.84,0,1.733,492.75,B07,-2.126621314376833,487.34,0,2025-09-11 18:00:00,760.22,5.518,A,manha
REG-01016,M04,10,2.852,36.17,56.86,4332.0,30.03,1,3.175,567.33,X00,-0.4685398949021931,556.52,0,2025-12-09 00:00:00,805.3,7.338628497359313,A,manha
REG-01017,M08,11,3.015,37.67,49.35,2433.0,42.15,0,3.861,520.27,A12,-0.6159218476530665,501.83,0,2025-09-12 06:00:00,724.0222222222222,4.435,C,noite
REG-01018,M04,7,3.058,44.9,65.43,4194.0,46.32,1,2.959,538.33,B07,-0.3323766418321626,526.51,0,2025-09-12 12:00:00,762.8611111111111,5.468,A,noite
REG-01019,M05,5,1.953,44.92,31.77,957.0,30.2,0,2.114,445.38,B07,0.2610990719632051,436.75,0,2025-12-09 18:00:00,779.59,5.437,A,manha
REG-01020,M05,8,2.213,37.28,55.9,3429.0,49.81,0,2.549,522.79,A12,0.3962357360013959,510.03,0,2025-09-13 00:00:00,739.54,5.044402156676181,C,tarde
REG-01021,M06,15,3.204,45.04,44.45,4708.0,49.31,1,2.712,571.91,B07,0.6397376023146959,564.7,0,2025-09-13 06:00:00,791.41,6.674,B,tarde
REG-01022,M07,10,2.526,44.04,50.08,964.0,38.32,0,2.939,493.1,A12,0.7549863642896314,484.36,0,2025-09-13 12:00:00,736.08,4.159,C,tarde
REG-01023,M02,11,2.889,48.79,58.66,4118.0,48.84,0,2.652,560.26,B07,-0.1715256006717636,555.83,0,2025-09-13 18:00:00,785.4277777777778,6.66,B,manha
REG-01024,M05,2,1.386,44.56,41.59,1280.0,42.11,0,3.655,475.54,B07,2.1087043617064585,480.73,1,2025-09-14 00:00:00,800.04,6.969208069609343,B,noite
REG-01025,M05,15,2.526,46.76,56.97,4925.0,42.82,3,0.733,599.46,A12,1.3870903339569889,587.89,0,2025-09-14 06:00:00,759.9,5.893,A,manha
REG-01026,M02,4,2.526,44.15,52.45,3926.0,36.89,1,3.113,466.4,X00,-0.3119882156613612,456.77,0,2025-09-14 12:00:00,717.65,4.434,C,noite
REG-01027,M06,15,3.612,46.41,47.07,4622.0,58.61,0,3.164,540.96,C99,-0.1368736921419782,535.23,0,2025-09-14 18:00:00,737.6,5.057,A,manha
REG-01028,M01,7,2.471,36.21,49.35,4570.0,34.25,1,2.237,558.51,X00,-0.3330477927002517,542.1,0,2025-09-15 00:00:00,783.16,6.377,A,manha
REG-01029,M04,14,3.86,41.45,53.15,2126.0,31.91,1,1.652,527.66,X00,0.3632986138605778,525.55,0,2025-09-15 06:00:00,768.38,6.055,A,tarde
REG-01030,M03,14,4.2,41.82,45.79,2546.0,33.36,0,2.722,474.18,B07,-0.9719378301428496,481.13,0,2025-09-15 12:00:00,724.51,3.799,B,manha
REG-01031,M02,12,3.402,40.9,55.09,3704.0,44.38,1,4.081,583.49,B07,-0.7895374609239515,512.27,1,2025-09-15 18:00:00,808.37,6.426,B,tarde
REG-01032,M07,14,3.942,44.0,51.66,1534.0,35.98,0,1.942,497.96,X00,-2.1673662454143763,502.75,0,2025-09-16 00:00:00,775.46,5.706,B,manha
REG-01033,M02,10,3.145,44.85,47.66,2087.0,42.83,2,1.789,510.78,B07,-0.3986601287731764,500.57,0,2025-09-16 06:00:00,736.26,4.742,C,noite
REG-01034,M03,13,3.959,43.77,74.08,1215.0,70.58,0,3.269,530.47,A12,1.0647591839740027,528.56,0,2025-09-16 12:00:00,780.91,6.263,A,noite
REG-01035,M07,3,2.723,41.2,59.98,4530.0,22.06,0,2.048,524.87,C99,-0.1521010201494662,509.35,0,2025-09-16 18:00:00,768.8,5.878,B,noite
REG-01036,M08,2,2.188,38.69,50.41,1841.0,34.01,0,2.203,470.03,X00,-0.0961619414796655,455.48,0,2025-09-17 00:00:00,742.61,5.369,A,manha
REG-01037,M01,9,2.988,46.94,56.75,2525.0,71.39,0,1.189,575.18,A12,0.278159143855511,573.97,0,2025-09-17 06:00:00,761.45,5.945,A,manha
REG-01038,M03,13,3.098,43.57,42.68,2700.0,55.5,0,3.529,514.2,C99,-1.0022374327951271,512.97,0,2025-09-17 12:00:00,764.6800000000001,6.936,B,tarde
REG-01039,M06,12,3.041,37.42,49.76,2378.0,44.99,3,4.066,573.95,B07,0.0252862126442372,561.26,0,2025-09-17 18:00:00,797.2222222222222,6.7,A,tarde
REG-01040,M07,8,2.388,41.13,51.16,4067.0,42.72,3,0.853,589.64,B07,0.8903294954988252,573.21,0,2025-09-18 00:00:00,761.47,5.248,A,manha
REG-01041,M08,8,2.82,34.16,40.04,4639.0,49.75,2,1.351,558.33,B07,0.3065631666119812,565.95,0,2025-09-18 06:00:00,781.3222222222223,6.074,A,manha
REG-01042,M05,10,2.526,42.16,59.65,3206.0,67.35,0,2.294,551.83,A12,0.978164731261709,541.46,0,2025-09-18 12:00:00,800.25,6.82,B,tarde
REG-01043,M01,14,3.234,41.11,48.93,4314.0,45.43,0,2.302,507.83,B07,1.2641319062686585,517.65,0,2025-09-18 18:00:00,750.37,5.648018277715403,B,manha
REG-01044,M07,13,2.13,39.41,50.73,1265.0,41.51,1,1.783,517.72,B07,0.6625897616378073,514.39,0,2025-09-19 00:00:00,779.59,5.648018277715403,A,tarde
REG-01045,M02,2,2.535,49.13,48.18,4858.0,20.85,0,2.777,498.2,X00,-0.7133670241800586,482.22,0,2025-09-19 06:00:00,741.7888888888889,5.151822281057378,A,manha
REG-01046,M01,9,2.571,36.8,90.51,1286.0,47.04,0,2.441,488.31,A12,-0.3441353636202598,457.37,0,2025-09-19 12:00:00,760.73,5.313,A,manha
REG-01047,M06,6,2.485,45.18,47.05,1079.0,25.33,0,2.153,479.31,X00,1.9314888529666356,474.1,0,2025-09-19 18:00:00,751.91,5.931755815717261,C,tarde
REG-01048,M05,12,3.716,51.84,30.18,893.0,43.83,2,2.644,515.12,A12,0.3141685133284979,517.33,0,2025-09-20 00:00:00,-50.0,5.529033770460154,C,tarde
REG-01049,M01,8,2.675,46.85,35.8,1822.0,33.7,0,1.943,501.32,B07,0.1809565897723973,497.96,0,2025-09-20 06:00:00,770.13,5.85,A,tarde
REG-01050,M02,15,2.526,41.86,64.11,4316.0,65.89,1,3.5,593.01,B07,-0.8599593403739552,583.72,0,2025-09-20 12:00:00,730.6833333333333,4.45,B,tarde
REG-01051,M05,7,1.851,36.9,71.04,2063.0,37.3,1,0.757,545.11,B07,-0.091461155615322,542.34,0,2025-09-20 18:00:00,766.22,6.265,A,noite
REG-01052,M03,11,4.009,35.87,46.82,4121.0,52.96,1,2.044,589.39,X00,0.7163735861527867,512.27,0,2025-09-21 00:00:00,779.5611111111111,6.05,A,tarde
REG-01053,M06,2,2.249,40.15,70.35,2582.0,18.15,1,1.06,466.16,X00,0.014845710496467,462.63,0,2025-09-21 06:00:00,776.03,6.033108564652022,A,tarde
REG-01054,M04,14,3.414,38.91,63.9,1236.0,53.38,1,2.035,534.08,C99,-0.5193782348506476,523.07,0,2025-09-21 12:00:00,761.1555555555556,5.956,A,noite
REG-01055,M05,3,2.531,38.76,52.73,2787.0,24.16,1,3.565,500.71,C99,-0.287386162947419,494.64,1,2025-09-21 18:00:00,815.56,7.372,A,tarde
REG-01056,M04,6,1.754,40.53,51.87,1775.0,37.09,1,0.899,472.26,C99,1.1918253180160974,472.23,0,2025-09-22 00:00:00,756.6,5.379,C,noite
REG-01057,M03,13,3.06,41.54,57.17,2024.0,77.13,1,2.112,530.05,X00,0.6677808126642371,527.5,0,2025-09-22 06:00:00,770.8777777777777,6.215,A,noite
REG-01058,M03,15,2.526,44.18,65.53,2972.0,64.19,0,2.497,556.92,X00,0.5340402268622355,551.96,1,2025-09-22 12:00:00,791.8,7.342,B,manha
REG-01059,M06,8,1.7,36.43,59.77,4119.0,43.06,1,1.835,551.08,X00,0.4408821389486632,550.82,1,2025-09-22 18:00:00,792.53,6.587,B,tarde
REG-01060,M05,8,2.792,38.93,46.88,3264.0,82.99,0,2.241,555.91,A12,-1.1830299592352236,553.26,0,2025-09-23 00:00:00,734.8333333333334,4.785918173168411,C,noite
REG-01061,M05,1,1.869,41.28,54.67554680664917,1737.0,25.22,1,1.812,446.88,B07,0.2723490867492664,435.2,0,2025-09-23 06:00:00,737.1111111111111,5.648018277715403,B,noite
REG-01062,M05,15,4.336,41.12,78.78,3813.0,66.98,4,3.371,591.9,B07,1.0680074772301238,584.97,0,2025-09-23 12:00:00,759.41,5.941,A,tarde
REG-01063,M02,1,0.918,50.26,58.01,3725.0,17.81,0,2.142,514.41,A12,-0.2609215412202451,520.62,0,2025-09-23 18:00:00,786.6944444444445,6.091,B,manha
REG-01064,M08,1,2.354,43.05,65.43,1795.0,33.27,1,2.308,505.41,X00,0.9774280623608238,489.86,0,2025-09-24 00:00:00,761.64,5.452,A,tarde
REG-01065,M05,8,2.288,34.74,61.48,4377.0,28.43,0,1.455,488.51,A12,0.5452267185212277,478.01,0,2025-09-24 06:00:00,757.4222222222221,4.884513024172975,C,manha
REG-01066,M06,1,1.429,43.88,58.28,4341.0,39.29,0,1.24,515.3,X00,0.8276728425567058,518.58,0,2025-09-24 12:00:00,765.68,5.256,A,noite
REG-01067,M08,3,1.34,44.46,56.3,3335.0,39.27,0,4.358,563.05,X00,0.0509364865570809,557.61,0,2025-09-24 18:00:00,809.19,6.794,B,tarde
REG-01068,M08,10,2.31,41.44,65.77,2043.0,43.31,0,0.62,500.01,C99,0.8865855612174934,498.87,0,2025-09-25 00:00:00,757.6833333333333,5.410995739047698,A,noite
REG-01069,M06,11,3.112,36.54,63.62,2287.0,61.3,1,3.001,493.56,B07,-1.4646816134206393,480.93,0,2025-09-25 06:00:00,771.42,6.46168590300473,A,noite
REG-01070,M07,5,1.649,49.91,58.17,2645.0,34.19,1,2.782,558.36,B07,0.0331457201733783,553.04,0,2025-09-25 12:00:00,765.11,5.841,C,tarde
REG-01071,M04,12,3.393,37.19,46.67,1589.0,53.32,1,4.212,497.96,C99,0.7130148610775204,491.18,0,2025-09-25 18:00:00,813.03,6.771604682910685,B,manha
REG-01072,M06,10,2.502,44.97,59.63,2084.0,56.85,1,1.905,517.77,C99,0.2962995262459535,511.61,0,2025-09-26 00:00:00,750.28,4.954,B,noite
REG-01073,M03,4,1.474,42.9,54.2,1364.0,22.0,0,3.278,406.37,C99,1.0956236560040364,412.03,0,2025-09-26 06:00:00,742.75,5.464,C,noite
REG-01074,M06,11,2.692,44.7,51.3,1449.0,39.22,1,1.52,494.81,C99,-0.1570988251961455,512.27,0,2025-09-26 12:00:00,766.27,6.083,C,noite
REG-01075,M01,9,2.822,49.68,87.15,3925.0,46.45,1,1.885,564.3,X00,-0.547455273005058,550.75,0,2025-09-26 18:00:00,782.83,5.648018277715403,A,manha
REG-01076,M08,13,2.526,44.53,36.53,1339.0,58.16,0,2.352,466.95,X00,-1.6390749991623594,465.94,0,2025-09-27 00:00:00,790.3222222222222,6.255,B,tarde
REG-01077,M02,3,1.905,39.49,66.5,2770.0,55.65,0,1.196,523.79,X00,-0.272966500372898,514.54,0,2025-09-27 06:00:00,767.73,6.126,B,manha
REG-01078,M06,4,2.333,46.98,44.65,2602.0,37.21,1,1.994,551.47,B07,0.5168749468199618,535.64,0,2025-09-27 12:00:00,794.63,6.191,B,noite
REG-01079,M01,5,2.637,39.16,56.57,994.0,37.2,0,2.987,462.03,A12,0.7610085137491102,454.76,0,2025-09-27 18:00:00,783.6388888888889,6.346,A,tarde
REG-01080,M02,6,2.14,42.74,85.82,4291.0,31.73,1,1.2,510.86,B07,-1.3991855816560208,491.04,0,2025-09-28 00:00:00,761.53,6.341,A,tarde
REG-01081,M08,14,2.85,36.18,43.45,4932.0,55.76,3,2.548,618.27,B07,1.1753251263266329,586.13,0,2025-09-28 06:00:00,748.95,5.24,C,manha
REG-01082,M07,11,2.964,37.35,46.31,3481.0,44.63,0,0.711,513.23,B07,-0.9744208211297134,506.64,0,2025-09-28 12:00:00,764.25,5.356,C,manha
REG-01083,M02,9,2.882,41.85249999999999,54.79,3619.0,42.51,2,2.623,540.67,C99,-0.1211481412946626,537.27,0,2025-09-28 18:00:00,785.03,6.394,C,noite
REG-01084,M02,9,2.013,43.66,44.83,1777.0,44.67,2,1.233,480.91,X00,-0.5688163816575398,481.6,0,2025-09-29 00:00:00,756.37,5.227,C,manha
REG-01085,M07,14,2.919,34.34,65.61,4345.0,58.42,1,1.278,564.47,X00,0.4172498838323871,573.57,0,2025-09-29 06:00:00,773.79,5.426,B,manha
REG-01086,M08,7,2.526,44.24,48.59,4093.0,36.64,1,2.068,548.93,C99,0.0940747175418448,1433.6460000000002,0,2025-09-29 12:00:00,750.03,5.446,C,noite
REG-01087,M02,4,1.926,38.31,62.85,2640.0,30.53,0,2.379,457.7,C99,0.6779685553698392,453.72,0,2025-09-29 18:00:00,761.0333333333333,5.922,C,manha
REG-01088,M06,3,1.548,47.76,39.05,3764.0,43.78,0,2.015,504.47,B07,1.8438046145243845,490.12,0,2025-09-30 00:00:00,770.92,5.719,B,manha
REG-01089,M03,5,2.468,40.42,33.32,4812.0,5.0,0,2.256,499.06,C99,0.397852473006747,483.2,0,2025-09-30 06:00:00,776.41,5.86,B,manha
REG-01090,M06,10,2.078,36.94,52.25,3331.0,39.76,0,2.146,468.41,B07,-0.5766796386342469,1269.027,0,2025-09-30 12:00:00,743.96,4.682,A,noite
REG-01091,M04,8,1.829,42.34,36.18,1638.0,30.78,1,2.762,492.44,X00,0.4610690275555554,492.5,0,2025-09-30 18:00:00,804.3444444444444,6.778,B,noite
REG-01092,M02,7,2.26,37.88,73.22,2187.0,57.84,0,2.667,557.0,X00,1.9451392467373765,535.02,0,2025-10-01 00:00:00,747.48,4.927,A,tarde
REG-01093,M03,8,2.461,47.71,36.64,1577.0,39.31,1,1.848,487.37,B07,0.6563402638289583,480.72,0,2025-10-01 06:00:00,747.22,4.763,A,manha
REG-01094,M05,15,2.795,42.0,42.55,2192.0,46.27,0,2.55,480.19,C99,0.9456936090599898,478.29,0,2025-01-10 12:00:00,774.76,6.605,B,manha
REG-01095,M07,15,3.177,41.32,59.96,4539.0,52.42,1,3.674,577.19,A12,-1.593576449898219,576.9,0,2025-10-01 18:00:00,790.84,6.58841131289731,A,manha
REG-01096,M01,3,1.71,44.66,47.96,1596.0,31.46,1,1.367,474.16,B07,0.3868785989573755,468.27,0,2025-10-02 00:00:00,755.39,5.562,A,noite
REG-01097,M08,2,1.583,37.48,36.78,4545.0,32.57,0,2.203,511.22,X00,-0.2680177499256537,491.78,0,2025-02-10 06:00:00,731.01,4.94,C,manha
REG-01098,M06,4,2.088,36.2,79.48,1997.0,40.97,1,2.355,510.06,C99,-0.6801248620724167,497.12,0,2025-10-02 12:00:00,733.09,4.962423640701058,C,manha
REG-01099,M08,13,2.892,43.84,42.98,2895.0,45.54,1,1.733,555.76,C99,-0.0223173272589282,546.12,0,2025-10-02 18:00:00,792.86,6.341,A,noite
REG-01100,M08,7,3.075,37.05,52.64,3019.0,38.25,1,3.375,517.71,A12,0.1086339812971488,512.27,0,2025-03-10 00:00:00,712.38,4.167,A,noite
REG-01101,M02,13,3.41,37.05,52.49,1328.0,38.48,2,3.735,515.77,X00,-0.624391901991972,497.15,0,2025-10-03 06:00:00,744.95,4.95435678925523,A,noite
REG-01102,M01,10,2.437,45.77,63.52,1572.0,33.15,0,2.174,538.62,X00,0.1884637602087284,528.03,0,2025-10-03 12:00:00,805.16,7.008,C,tarde
REG-01103,M07,9,2.713,44.36,60.55,2081.0,46.53,1,2.694,567.77,B07,-0.1734870977988865,512.27,0,2025-03-10 18:00:00,766.64,5.819,A,tarde
REG-01104,M02,5,2.206,36.36,45.08,1051.0,44.68,0,1.788,491.11,X00,0.702438874516117,485.8,0,2025-10-04 00:00:00,748.09,5.009,A,tarde
REG-01105,M02,6,2.827,39.21,51.09,3967.0,25.06,1,4.033,517.28,C99,0.2275748408205731,512.27,0,2025-10-04 06:00:00,742.2444444444444,4.502130476151078,C,manha
REG-01106,M04,3,1.62,37.93,52.28,3094.0,47.72,0,1.17,488.81,B07,0.3759233588492973,484.69,0,2025-04-10 12:00:00,769.21,5.828,A,tarde
REG-01107,M08,8,2.885,49.99,63.99,4353.0,53.77,1,2.319,602.09,B07,0.9793879686866628,586.08,0,2025-10-04 18:00:00,783.23,6.125,A,tarde
REG-01108,M07,5,2.169,46.08,40.98,4425.0,52.7,0,1.707,549.84,C99,0.5549558598392129,543.67,0,2025-10-05 00:00:00,789.11,5.712,C,tarde
REG-01109,M05,5,2.526,40.11,79.22,2260.0,44.6,1,1.448,511.86,B07,-0.006084392609129,500.66,0,2025-05-10 06:00:00,769.99,5.977467973910286,A,noite
REG-01110,M02,1,2.211,44.59,45.89,4231.0,43.84,0,2.847,540.08,C99,-2.0869249500164,513.26,0,2025-10-05 12:00:00,753.28,5.636384947393097,A,noite
REG-01111,M03,12,3.149,35.9,54.9,1057.0,75.62,0,2.88,531.31,A12,0.5137279937950102,515.96,0,2025-10-05 18:00:00,787.1666666666666,7.2,B,manha
REG-01112,M06,15,3.332,38.97,41.08,2604.0,49.38,1,2.985,563.53,B07,-0.9119233022570424,551.44,0,2025-06-10 00:00:00,764.6800000000001,5.766,B,tarde
REG-01113,M02,8,2.768,42.47,39.42,3596.0,32.05,0,2.113,499.49,C99,-0.086237824700293,498.22,0,2025-10-06 06:00:00,764.6800000000001,4.2434396502985425,C,manha
REG-01114,M05,9,2.589,44.04,44.51,2758.0,27.39,3,3.779,516.77,X00,0.3710469852597794,507.65,0,2025-10-06 12:00:00,724.32,4.041,C,tarde
REG-01115,M01,14,4.076,41.56,43.35,3905.0,72.87,0,2.818,555.83,B07,1.333029023791212,555.56,0,2025-06-10 18:00:00,726.83,4.578,A,manha
REG-01116,M03,8,2.575,43.12,54.67554680664917,4406.0,65.83,0,1.51,548.02,C99,1.842322801450222,532.93,0,2025-10-07 00:00:00,738.86,4.937,A,manha
REG-01117,M02,10,2.617,42.35,43.25,2580.0,35.9,0,2.948,440.09,B07,-0.9212182868714152,426.79,0,2025-10-07 06:00:00,729.8,4.31,C,noite
REG-01118,M06,7,2.203,41.26,63.35,1952.0,34.67,0,1.962,450.57,X00,-1.315862876362464,445.33,0,2025-07-10 12:00:00,773.64,5.848,A,tarde
REG-01119,M08,8,1.994,40.67,45.6,3249.0,40.71,1,2.903,501.73,B07,0.3257171691868248,481.21,0,2025-10-07 18:00:00,729.41,3.89,C,noite
REG-01120,M02,8,2.79,40.08,44.27,4447.0,59.29,0,3.825,534.66,C99,0.2424277540378943,514.75,0,2025-10-08 00:00:00,716.41,4.517,B,manha
REG-01121,M07,11,2.561,43.04,50.28,4946.0,32.75,2,3.385,550.36,B07,-1.2018758779241003,541.05,0,2025-08-10 06:00:00,736.21,4.517,A,manha
REG-01122,M06,10,3.294,43.85,66.91,4225.0,23.4,2,3.715,551.87,B07,-0.0166030019300833,539.25,0,2025-10-08 12:00:00,747.51,5.113073815138102,C,tarde
REG-01123,M08,8,1.958,42.89,57.58,1828.0,70.61,1,1.518,524.44,C99,0.5975409457467562,521.33,0,2025-10-08 18:00:00,764.6800000000001,4.524,A,manha
REG-01124,M08,2,1.817,36.7,53.8,1662.0,41.15,0,3.789,523.65,C99,-1.230151722178926,518.06,0,2025-09-10 00:00:00,800.35,6.507,B,manha
REG-01125,M01,14,3.838,37.5,37.8,3206.0,57.25,1,3.673,532.92,C99,-0.9945853921309116,533.54,0,2025-10-09 06:00:00,769.9555555555556,5.701,B,noite
REG-01126,M06,14,2.351,43.79,41.29,2489.0,49.34,2,2.319,541.01,X00,-0.6441599353622527,536.78,0,2025-10-09 12:00:00,788.8555555555556,6.362,B,manha
REG-01127,M05,3,2.798,48.62,39.66,3366.0,44.19,0,0.725,521.87,C99,-0.2122602490034167,514.98,0,2025-09-10 18:00:00,772.66,6.048,A,manha
REG-01128,M01,5,1.959,42.69,70.68,4677.0,22.83,0,1.24,525.08,X00,0.6939715057754653,530.41,0,2025-10-10 00:00:00,785.24,6.761,B,tarde
REG-01129,M03,15,3.513,40.15,61.37,3106.0,42.91,0,2.444,519.25,B07,-0.3264806735752573,507.03,0,2025-10-10 06:00:00,740.96,5.185,C,manha
REG-01130,M08,5,13.86988847284636,41.85249999999999,44.66,2293.0,42.26,1,3.382,521.98,C99,0.0553168260245045,506.21,0,2025-10-10 12:00:00,754.94,5.685,C,tarde
REG-01131,M05,13,3.517,36.88,48.23,4450.0,23.35,1,2.312,494.87,B07,2.2461778302399584,487.61,0,2025-10-10 18:00:00,772.23,6.373,B,tarde
REG-01132,M03,12,3.183,47.89,45.1,2644.0,45.77,1,1.512,488.18,C99,-0.9563102826787476,502.22,0,2025-10-11 00:00:00,766.06,5.648018277715403,A,noite
REG-01133,M03,13,3.639,42.84,44.37,3341.0,46.23,1,1.75,566.52,A12,-0.6529933973012879,560.14,0,2025-11-10 06:00:00,768.75,5.749596657427709,B,manha
REG-01134,M07,1,1.864,38.99,60.52,1368.0,32.57,0,1.484,401.77,X00,0.6780888742909135,406.82,0,2025-10-11 12:00:00,738.9944444444445,5.223,C,manha
REG-01135,M03,8,3.332,41.25,51.55,2933.0,37.99,0,3.017,541.51,C99,0.9880431911327604,538.31,0,2025-10-11 18:00:00,780.85,6.501192790854811,A,noite
REG-01136,M02,9,2.905,39.63,79.97,2590.0,33.85,1,2.555,541.18,C99,0.4148008736459947,521.74,0,2025-12-10 00:00:00,788.68,6.587,B,noite
REG-01137,M05,13,2.526,47.9,70.0,1316.0,28.74,0,4.084,441.48,X00,1.8089675687653344,454.14,0,2025-10-12 06:00:00,777.93,5.529,B,tarde
REG-01138,M08,4,2.425,41.09,70.71,1688.0,41.54,0,2.136,463.31,B07,0.3174559348719892,462.9,0,2025-10-12 12:00:00,770.62,5.524,A,tarde
REG-01139,M02,5,1.337,42.7,63.06,3753.0,37.4,1,2.428,570.91,B07,-1.9761036835098071,555.94,0,2025-12-10 18:00:00,771.49,5.749,B,manha
REG-01140,M03,3,3.065,44.58,49.93,1558.0,22.1,1,2.584,495.59,C99,0.0969956874473589,493.8,0,2025-10-13 00:00:00,739.38,5.154,A,manha
REG-01141,M04,12,2.802,38.67,62.17,1354.0,50.15,0,1.589,481.57,X00,-0.5709836240975095,480.59,0,2025-10-13 06:00:00,744.27,5.648018277715403,C,manha
REG-01143,M06,3,1.902,43.23,74.56,911.0,33.07,0,1.907,437.84,A12,0.964624064215027,428.39,0,2025-10-13 18:00:00,725.99,4.94,C,manha
REG-01144,M03,4,2.497,35.01,59.85,2624.0,13.92,1,3.35,479.6,A12,-1.5896907764606103,465.15,0,2025-10-14 00:00:00,733.7888888888888,5.133,A,noite
REG-01145,M02,5,1.84,43.14,58.15,2851.0,49.19,1,1.926,512.25,C99,1.3503180635875418,500.78,0,2025-10-14 06:00:00,-45.55555555555556,5.578,A,manha
REG-01146,M03,14,3.602,41.79,56.52,3422.0,37.0,1,3.667,537.48,A12,0.9393677687987464,528.26,0,2025-10-14 12:00:00,791.21,6.073,B,noite
REG-01147,M08,7,2.296,42.58,75.88,3204.0,44.16,0,2.523,556.03,C99,-0.3244621291008274,537.85,0,2025-10-14 18:00:00,738.5,5.024,C,noite
REG-01148,M08,5,2.861,42.16,37.79,3054.0,31.3,1,3.435,542.72,X00,-0.0784418943657259,519.68,0,2025-10-15 00:00:00,818.37,7.039,B,manha
REG-01149,M05,5,2.347,43.17,77.06,4996.0,36.34,0,0.893,488.11,C99,1.3921770411365206,512.27,0,2025-10-15 06:00:00,758.94,4.891063031757194,C,manha
REG-01150,M04,9,3.091,48.02,52.77,1849.0,59.63,2,2.671,522.9,A12,-1.9715119157749528,515.45,0,2025-10-15 12:00:00,778.4777777777778,5.954,A,manha
REG-01151,M07,6,1.306,36.69,38.13,3791.0,48.58,1,1.478,541.75,C99,0.4453980050396956,534.09,0,2025-10-15 18:00:00,765.31,6.123,C,noite
REG-01152,M02,3,1.851,40.46,45.97,1134.0,52.16,1,3.069,493.84,B07,1.093409635125033,489.93,0,2025-10-16 00:00:00,788.35,6.512,A,manha
REG-01153,M06,13,3.375,45.0,35.19,4364.0,54.56,0,1.757,567.63,A12,-0.0887130307120346,551.51,1,2025-10-16 06:00:00,764.6800000000001,6.021,A,tarde
REG-01154,M06,7,2.511,44.16,62.84,2323.0,48.15,0,2.814,465.05,A12,0.6479098131417899,456.15,0,2025-10-16 12:00:00,739.91,4.959,B,tarde
REG-01155,M06,4,2.453,44.07,42.54,2254.0,18.43,2,3.24,524.78,C99,0.1031545365578235,501.85,0,2025-10-16 18:00:00,754.97,6.206,A,noite
REG-01156,M02,11,2.765,54.39,57.02,1367.0,44.39,0,2.259,479.9,C99,-0.7840392697119178,464.13,0,2025-10-17 00:00:00,778.05,6.104,A,tarde
REG-01157,M06,12,3.082,44.76,54.67554680664917,2937.0,46.7,0,2.495,533.21,B07,-0.8090300174142527,514.57,0,2025-10-17 06:00:00,770.73,5.829713592299949,A,tarde
REG-01158,M05,3,2.422,47.09,46.94,2478.0,53.28,0,2.634,504.57,X00,0.7119292673791109,506.57,0,2025-10-17 12:00:00,785.9611111111111,5.8309546463685376,B,noite
REG-01159,M08,2,0.735,40.62,51.78,4891.0,31.33,1,3.011,559.43,C99,-0.6357067255381511,557.52,0,2025-10-17 18:00:00,766.78,6.091989685461741,C,manha
REG-01160,M02,1,1.895,37.53,39.36,1547.0,39.38,2,2.171,506.33,X00,-1.5245809383957594,504.55,0,2025-10-18 00:00:00,769.8777777777777,5.620595981742715,A,noite
REG-01161,M05,12,2.91,40.59,50.34,2553.0,52.11,3,3.305,623.13,A12,0.1223986917214993,603.5,0,2025-10-18 06:00:00,787.38,6.095,B,manha
REG-01162,M07,10,2.389,45.2,85.89,4580.0,60.89,0,2.382,557.53,B07,-0.5130814209685131,556.91,0,2025-10-18 12:00:00,739.09,5.321,C,tarde
REG-01163,M03,12,3.211,43.83,64.34,4190.0,47.8,0,2.017,559.61,A12,-1.1991081252397104,558.74,0,2025-10-18 18:00:00,743.28,5.403894151877439,A,noite
REG-01164,M06,10,2.526,43.81,51.82,4010.0,56.93,1,2.254,566.38,B07,0.071747433067887,566.84,0,2025-10-19 00:00:00,797.05,7.00781864063211,A,tarde
REG-01165,M01,7,2.878,41.04,47.66,3009.0,22.94,2,3.212,538.07,X00,0.7672767400869959,508.42,0,2025-10-19 06:00:00,752.82,5.157751761607303,C,noite
REG-01166,M06,9,2.526,40.32,54.49,4467.0,26.43,0,2.003,524.32,B07,0.0201500641914184,512.27,0,2025-10-19 12:00:00,731.78,4.636,C,manha
REG-01167,M05,11,3.324,41.19,56.56,1740.0,20.8,1,2.832,507.9,B07,-1.066240856065749,496.22,0,2025-10-19 18:00:00,774.81,5.923482121926667,B,tarde
REG-01168,M02,6,2.671,45.26,49.97,4200.0,51.63,0,2.587,539.38,A12,0.4818035624035518,540.4,0,2025-10-20 00:00:00,744.32,5.303368772321736,C,tarde
REG-01169,M01,14,3.281,45.78,61.36,3237.0,59.88,0,2.812,543.91,B07,1.0351563820764538,528.31,0,2025-10-20 06:00:00,755.24,5.901,A,tarde
REG-01170,M06,14,3.008,37.47,43.56,2269.0,62.56,3,2.416,549.43,A12,2.2130341632969217,555.29,0,2025-10-20 12:00:00,744.9055555555556,5.176,A,tarde
REG-01171,M02,13,2.526,45.43,43.5,1715.0,42.47,3,2.141,550.72,A12,1.4418440302656836,550.29,0,2025-10-20 18:00:00,745.9944444444444,5.771,B,manha
REG-01172,M04,15,3.827,39.07,59.44,2990.0,46.24,1,2.915,560.0,A12,-1.0053583901986916,557.49,0,2025-10-21 00:00:00,751.49,5.648018277715403,A,manha
REG-01173,M01,6,2.261,44.11,40.98,812.0,40.75,1,1.509,473.78,C99,0.858082738094596,465.06,0,2025-10-21 06:00:00,762.33,5.488,B,manha
REG-01174,M08,2,1.289,41.14,63.75,3801.0,54.72,0,2.071,524.43,C99,0.2565239206575975,522.93,0,2025-10-21 12:00:00,805.93,7.168,B,tarde
REG-01175,M05,8,1.782,49.05,54.83,1790.0,64.93,1,3.442,532.85,C99,-1.1520991608692803,512.96,0,2025-10-21 18:00:00,778.28,6.645,B,manha
REG-01176,M08,12,3.434,40.12,33.07,2434.0,58.93,2,2.306,593.92,A12,0.2837952118219704,581.18,0,2025-10-22 00:00:00,785.7777777777778,6.973,B,noite
REG-01177,M02,12,2.814,42.8,56.31,1611.0,53.37,0,1.299,478.98,X00,1.9186766979070915,477.34,0,2025-10-22 06:00:00,754.62,5.754,A,tarde
REG-01178,M02,6,2.526,41.85249999999999,34.78,2754.0,58.22,1,1.877,564.22,C99,1.1958642107191713,548.02,0,2025-10-22 12:00:00,752.82,5.294,A,manha
REG-01179,M05,5,2.708,38.07,63.32,2357.0,37.93,0,2.622,505.41,C99,-1.0134498062366384,501.04,0,2025-10-22 18:00:00,769.5,5.709,A,noite
REG-01180,M05,7,1.821,41.67,52.02,1588.0,38.71,1,1.114,487.18,X00,0.0137172168849382,484.63,0,2025-10-23 00:00:00,793.89,6.718377252857871,B,noite
REG-01181,M07,13,3.17,40.8,77.21,4532.0,49.05,0,3.009,588.74,B07,0.4916744303068466,512.27,0,2025-10-23 06:00:00,753.3111111111111,5.885,A,manha
REG-01182,M08,1,1.553,39.69,67.86,3989.0,24.46,1,1.312,458.91,C99,-1.7299036016391465,471.46,0,2025-10-23 12:00:00,774.42,6.085,A,manha
REG-01183,M07,5,2.321,40.02,42.27,2428.0,38.9,1,2.15,549.45,A12,-1.695437763689586,512.27,0,2025-10-23 18:00:00,755.14,5.513,A,manha
REG-01184,M02,4,2.578,47.0,54.67554680664917,1042.0,26.39,0,1.209,460.91,B07,0.1546278441086613,459.72,0,2025-10-24 00:00:00,769.27,5.796136184999793,A,manha
REG-01185,M03,13,2.592,39.31,54.67554680664917,4349.0,62.9,1,3.851,513.5,B07,0.1676750499340186,511.55,0,2025-10-24 06:00:00,742.18,4.851,C,noite
REG-01186,M08,8,2.796,44.55,40.34,3727.0,51.12,0,2.924,573.87,A12,-1.8388189334627525,549.96,0,2025-10-24 12:00:00,730.3722222222223,4.554,A,noite
REG-01187,M05,2,2.224,43.42,76.91,3133.0,54.55,0,1.605,538.77,C99,0.387973525707626,535.0,0,2025-10-24 18:00:00,747.83,5.182,A,manha
REG-01188,M07,4,1.936,35.71,54.88,3339.0,20.25,0,1.676,485.14,A12,1.086962703498417,512.27,0,2025-10-25 00:00:00,776.06,6.583,A,noite
REG-01189,M05,1,1.568,44.34,66.2,831.0,59.02,1,2.325,494.84,X00,-0.218301668854512,485.33,0,2025-10-25 06:00:00,783.3555555555555,6.117,B,manha
REG-01190,M01,8,2.728,35.64,51.58,2790.0,25.73,0,2.721,463.01,A12,0.0598117861911783,453.15,0,2025-10-25 12:00:00,793.6,6.526,B,tarde
REG-01191,M04,15,3.605,44.83,52.84,1592.0,38.62,2,2.801,566.51,A12,0.5714117166842468,560.11,0,2025-10-25 18:00:00,756.73,5.099,A,noite
REG-01192,M07,9,2.932,39.72,54.61,3535.0,38.35,2,2.744,513.73,B07,0.4390292762940552,508.52,0,2025-10-26 00:00:00,741.48,5.195,C,tarde
REG-01193,M06,14,3.573,42.04,68.28,4711.0,67.49,0,1.409,561.68,B07,-1.6686225021652166,541.34,1,2025-10-26 06:00:00,752.93,5.7662819399054035,C,manha
REG-01194,M02,12,2.618,36.18,58.74,3029.0,52.11,1,1.478,555.45,C99,-0.9051211921136186,539.9,0,2025-10-26 12:00:00,763.68,6.179,C,tarde
REG-01195,M02,14,3.766,42.55,42.31,3337.0,48.87,2,3.12,517.11,C99,-0.3958534361886095,513.41,0,2025-10-26 18:00:00,752.9,5.358,A,noite
REG-01196,M07,5,2.675,46.17,74.47,3603.0,31.49,2,1.694,507.68,C99,-0.8608270507861857,508.43,0,2025-10-27 00:00:00,774.97,6.15,A,manha
REG-01197,M08,15,2.526,38.37,51.49,4704.0,36.49,2,2.921,577.56,C99,1.466968497977134,573.63,0,2025-10-27 06:00:00,757.11,5.36,B,manha
REG-01198,M07,4,1.348,39.27,49.53,960.0,53.39,1,2.36,512.39,X00,0.6344759382673829,497.08,0,2025-10-27 12:00:00,744.4944444444444,5.22,A,manha
REG-01199,M01,7,2.358,44.05,21.05,2102.0,52.98,0,3.114,529.8,C99,-1.1097254057965993,512.68,0,2025-10-27 18:00:00,815.4555555555555,5.648018277715403,B,tarde
