paradas_nao_planejadas,idade_maquina_anos,temperatura_c,pressao_bar,vibracao_motor_mm_s,velocidade_esteira_m_min,umidade_pct,tamanho_lote,tempo_setup_min,taxa_defeitos_pct,linha_producao_pad_A,linha_producao_pad_B,linha_producao_pad_C,turno_pad_manha,turno_pad_noite,turno_pad_tarde,maquina_M01,maquina_M02,maquina_M03,maquina_M04,maquina_M05,maquina_M06,maquina_M07,maquina_M08,consumo_energia_kwh,falha_24h,data_registro_pad
1.3862943611198906,0.5171754834564067,-0.0228320608369584,0.378172467876989,0.4284693079697784,0.23807668238484764,0.5015084821982502,-0.7276424957692338,-0.7430762276164977,-0.3521602346319176,0.0,0.0,1.0,0.0,0.0,1.0,0.0,0.0,0.0,0.0,1.0,0.0,0.0,0.0,540.04,1,2025-01-01 00:00:00
1.0986122886681098,1.209988122815554,0.9270897243616503,0.6482213281999272,1.0417182960248565,-1.1639539025834218,-2.36276420900683,0.6053168088200619,0.2758626167600784,0.10707211437163835,0.0,1.0,0.0,0.0,0.0,1.0,0.0,0.0,0.0,0.0,1.0,0.0,0.0,0.0,576.34,0,2025-01-01 06:00:00
0.0,0.5171754834564067,-0.6056145353769071,-0.4268090263590421,0.6832699438518182,-0.3418329781751168,2.0102274691012414,-0.681307473387483,-1.375442306538779,-0.23015865820490788,0.0,0.0,1.0,0.0,1.0,0.0,0.0,1.0,0.0,0.0,0.0,0.0,0.0,0.0,477.44,0,2025-01-01 12:00:00
0.0,0.28623793700335765,1.2864949974971434,1.2187483819261775,-0.0033961765760520558,-1.4410994833329647,0.5490142917750006,0.08735745148120456,0.37174483811291514,-0.45344456223169943,0.0,1.0,0.0,0.0,1.0,0.0,0.0,0.0,0.0,0.0,0.0,0.0,1.0,0.0,521.25,0,2025-01-01 18:00:00
0.6931471805599453,0.05530039055030851,-1.0298239660594706,-2.262299561653666,-0.14015358001556455,0.6712622119597615,0.7144655596112673,-0.09053593802016016,-1.7277714215099178,-0.3774813165318633,1.0,0.0,0.0,1.0,0.0,0.0,0.0,0.0,0.0,0.0,0.0,1.0,0.0,0.0,443.24,0,2025-01-02 00:00:00
0.0,-0.8684497952618879,-0.9468220731637638,-1.3057173925147079,0.37376634659397284,0.21012922886388602,-0.11115264820535269,-0.35282526114542817,-0.20583140003631628,-0.4741618110589275,0.0,0.0,1.0,1.0,0.0,0.0,0.0,0.0,0.0,0.0,0.0,0.0,1.0,0.0,483.53,0,2025-02-01 06:00:00
0.6931471805599453,-0.6375122488088388,-0.6442847229927519,-0.6225783353314099,1.2115853866128836,-1.6902976105615428,-1.793513559768188,-1.2480840864499707,-1.4964365382459304,-0.4154629393817811,0.0,0.0,1.0,0.0,0.0,1.0,0.0,0.0,0.0,1.0,0.0,0.0,0.0,0.0,471.29,0,2025-01-02 12:00:00
0.6931471805599453,0.9790505763625049,-1.6870149584693839,-1.7109461719260435,-0.0149125894972742,0.4034324490505408,0.6931698518699658,0.31655033004807914,0.028547363270618187,1.521599825964045,0.0,0.0,1.0,0.0,0.0,1.0,0.0,0.0,0.0,0.0,0.0,0.0,0.0,1.0,467.86,0,2025-01-02 18:00:00
1.0986122886681098,-1.330324888167986,-1.1879420665331455,-0.9716774527296885,-1.9223184795746897,-0.0227662171441323,-0.5255998834783785,1.754590846110274,0.015610873088092447,0.9887061477970114,1.0,0.0,0.0,1.0,0.0,0.0,0.0,0.0,0.0,1.0,0.0,0.0,0.0,0.0,548.53,0,2025-03-01 00:00:00
0.0,-1.330324888167986,-2.6092420651842936,2.5644912540928764,-1.7265394599139137,0.5757750790964749,0.5645765397397978,0.5498802641847529,1.5679896949911658,0.25324381443041405,0.0,1.0,0.0,0.0,0.0,1.0,0.0,0.0,0.0,0.0,0.0,0.0,1.0,0.0,550.96,0,2025-01-03 06:00:00
0.0,-0.4065747023557897,0.2451295921716524,0.04960859267860869,-0.0033961765760520558,-0.3744383406162395,-0.18568762529990898,0.9056670431874824,-1.1555219734358435,-1.7425178225925582,1.0,0.0,0.0,0.0,1.0,0.0,0.0,1.0,0.0,0.0,0.0,0.0,0.0,0.0,468.62,0,2025-01-03 12:00:00
0.6931471805599453,0.9790505763625049,-1.6997533732134305,-2.058676273177663,1.3454636868220908,-0.8052949157310737,0.2639794343145004,1.1059005327657627,0.24009702625544885,1.0220839375742121,1.0,0.0,0.0,0.0,1.0,0.0,0.0,1.0,0.0,0.0,0.0,0.0,0.0,0.0,512.27,0,2025-03-01 18:00:00
1.0986122886681098,0.5171754834564067,0.006284315720857921,-0.11888758283753591,0.773961695606442,-0.772689553289951,-0.7320044354325332,-1.5533987875011501,-0.4668441137190389,1.5791477393730118,0.0,1.0,0.0,0.0,0.0,1.0,0.0,0.0,0.0,0.0,1.0,0.0,0.0,0.0,489.39,0,2025-01-04 00:00:00
0.0,0.28623793700335765,-0.48050510485505965,-0.6075191577181507,0.3147447303727095,-0.5281493349815325,0.8790977617651772,1.06866703263757,-0.6913302668863953,-1.2430019342027252,0.0,0.0,1.0,0.0,0.0,1.0,0.0,0.0,0.0,0.0,1.0,0.0,0.0,0.0,549.04,0,2025-01-04 06:00:00
0.0,0.28623793700335765,1.663188119213832,1.4090416263119063,0.546512540412305,0.05408928003851335,-1.1382610138819813,-0.8434800517236108,-0.5497898448893505,0.5432852980116075,0.0,1.0,0.0,1.0,0.0,0.0,0.0,0.0,0.0,0.0,0.0,1.0,0.0,0.0,497.51,0,2025-04-01 12:00:00
0.0,-1.330324888167986,0.004464542185991168,-0.1529624341829913,-1.5537932660955815,0.19149759318324497,2.23710866311434,0.6243472644411381,0.21650695592260788,-0.8919596624080273,1.0,0.0,0.0,0.0,0.0,1.0,0.0,0.0,1.0,0.0,0.0,0.0,0.0,0.0,532.77,0,2025-01-04 18:00:00
0.6931471805599453,-0.6375122488088388,1.455278992855705,2.370090961267168,-0.7030182615402963,-0.16483243920902335,2.22973707197312,1.7330781571473184,-0.7080716071226049,0.341867601080223,0.0,1.0,0.0,1.0,0.0,0.0,0.0,0.0,0.0,0.0,0.0,0.0,1.0,0.0,545.05,0,2025-01-05 00:00:00
0.6931471805599453,-1.330324888167986,0.4453046810066124,-0.6882911103710859,-1.1190486783194462,-0.4070437030573622,1.63427632089903,1.42114416718446,1.5177656742825372,-0.8332607907308811,1.0,0.0,0.0,0.0,0.0,1.0,0.0,0.0,1.0,0.0,0.0,0.0,0.0,0.0,522.73,0,2025-05-01 06:00:00
0.0,0.9790505763625049,0.006284315720857921,-0.4103808325991225,-0.0033961765760520558,-0.3325171603347963,1.2837162088499094,-0.24608922744460932,0.7567956635457365,0.174978652194219,0.0,0.0,1.0,0.0,1.0,0.0,0.0,0.0,0.0,0.0,1.0,0.0,0.0,0.0,523.2,1,2025-01-05 12:00:00
0.6931471805599453,0.9790505763625049,-0.7088866834803949,-0.0010199822602967896,0.012438891190628553,0.0011055660716877238,-0.052998984757951784,1.225875144289939,-0.5452240248249295,0.18994110968055078,1.0,0.0,0.0,1.0,0.0,0.0,0.0,0.0,0.0,0.0,0.0,0.0,0.0,1.0,509.04,0,2025-01-05 18:00:00
0.0,-0.8684497952618879,1.1527416426846933,0.649237664915653,-1.4587828594954992,-0.772689553289951,1.176418604461043,0.4638295083329299,-0.6882863868434481,0.7055704138248942,0.0,1.0,0.0,1.0,0.0,0.0,0.0,0.0,0.0,0.0,1.0,0.0,0.0,0.0,491.44,0,2025-06-01 00:00:00
0.6931471805599453,-0.6375122488088388,-0.7084317400966794,-0.22556365280003404,-0.04946182826093999,-0.5491099251222532,-0.06446590431096044,-1.2232617530311756,-0.994196331159642,0.28086681286671816,1.0,0.0,0.0,1.0,0.0,0.0,0.0,0.0,0.0,0.0,0.0,1.0,0.0,0.0,449.23,0,2025-01-06 06:00:00
0.0,-0.6375122488088388,0.09060048950285023,0.45483737208994435,-0.386316906206688,3.486968154196704,-1.4970117827546796,-0.852581573977169,0.46838802947648905,-0.19562991015952744,0.0,0.0,1.0,0.0,1.0,0.0,0.0,0.0,0.0,0.0,0.0,0.0,0.0,1.0,498.03,0,2025-01-06 12:00:00
0.0,1.4409256692686032,-1.0555535418718414,-0.9922126949295869,-0.0033961765760520558,0.47563003731302705,1.5073211401335778,1.638753290155897,-0.9371235803543817,1.7805654363043957,0.0,0.0,1.0,0.0,0.0,1.0,0.0,0.0,0.0,0.0,0.0,0.0,0.0,1.0,537.86,0,2025-06-01 18:00:00
0.0,0.05530039055030851,-0.8349565500345286,-0.9004886131033734,-1.175191191310404,-1.4108230753519218,0.003151801539676747,1.4939563452129256,-1.2125947242411037,0.8517421138836698,0.0,0.0,1.0,1.0,0.0,0.0,0.0,0.0,0.0,1.0,0.0,0.0,0.0,0.0,515.32,0,2025-01-07 00:00:00
0.6931471805599453,0.9790505763625049,0.2182879325324234,0.12627349689156409,-0.19629609300652265,0.9181313847282615,-0.001397846769413396,1.4128700560448617,-0.1632170794350558,1.2073882187510856,1.0,0.0,0.0,0.0,1.0,0.0,0.0,0.0,0.0,1.0,0.0,0.0,0.0,0.0,574.82,0,2025-01-07 06:00:00
1.0986122886681098,-0.1756371559027406,0.8502042925136813,0.6998912623420698,0.25860221738175204,-0.9194136842750031,-1.1742999039057231,-0.3511704389175085,0.5444850305501692,1.1141605990285592,0.0,1.0,0.0,0.0,0.0,1.0,0.0,1.0,0.0,0.0,0.0,0.0,0.0,0.0,512.27,0,2025-07-01 12:00:00
0.0,0.7481130299094558,0.488675950254183,0.38638656475694877,-1.2212568429952926,0.988000018530668,-0.5460765255373224,-0.5712617952308249,1.4119908427901218,-1.1037359837530254,1.0,0.0,0.0,0.0,0.0,1.0,0.0,0.0,0.0,0.0,1.0,0.0,0.0,0.0,471.1,0,2025-01-07 18:00:00
0.0,0.05530039055030851,-0.28851899692698707,-0.3679413320526655,0.8099504859852618,0.0011055660716877238,-1.75993186679152,1.115002055019321,1.2727333308252873,0.26360243884402845,1.0,0.0,0.0,0.0,1.0,0.0,0.0,0.0,0.0,0.0,0.0,0.0,0.0,1.0,521.47,0,2025-01-08 00:00:00
0.0,-0.6375122488088388,-0.14657666120765447,-0.028650580382531935,-0.0033961765760520558,-0.4256753387380033,0.9585471329538796,-1.6162820321620976,0.22183374599776548,-0.257781656641212,0.0,1.0,0.0,1.0,0.0,0.0,0.0,0.0,0.0,1.0,0.0,0.0,0.0,0.0,512.27,0,2025-08-01 06:00:00
0.0,1.4409256692686032,1.6995835899110998,1.8786141646162577,1.6866374196132967,1.7216206734559254,-1.5461557236961452,1.432727922779898,0.48436839970196194,2.634576471293465,0.0,1.0,0.0,1.0,0.0,0.0,0.0,0.0,1.0,0.0,0.0,0.0,0.0,0.0,574.52,0,2025-01-08 12:00:00
0.6931471805599453,0.7481130299094558,0.47032656711097987,-0.18175513610691665,0.0023620298845590166,0.6293410316783183,0.31148524389125026,0.4125300192674201,1.0117206171425648,-1.207322227889166,0.0,0.0,1.0,0.0,0.0,1.0,1.0,0.0,0.0,0.0,0.0,0.0,0.0,0.0,528.8,0,2025-01-08 18:00:00
0.6931471805599453,0.9790505763625049,-1.0573733154067082,-1.4748967640808204,1.4447927482676317,1.0555396978729932,-0.7991678213858694,0.5126467640565603,-0.6677401965535543,1.0623674769604892,1.0,0.0,0.0,1.0,0.0,0.0,0.0,0.0,0.0,1.0,0.0,0.0,0.0,0.0,499.7,0,2025-09-01 00:00:00
0.6931471805599453,1.6718632157216522,0.39541255659243907,-0.4979978659853572,-0.0033961765760520558,0.4919327185335884,-1.3725137990363,-0.1625207049346659,-1.0337667717179555,0.10016636476256206,1.0,0.0,0.0,0.0,1.0,0.0,0.0,1.0,0.0,0.0,0.0,0.0,0.0,0.0,506.15,0,2025-01-09 06:00:00
0.0,-0.8684497952618879,-0.22346209305562867,0.19609332037122004,-2.2044705961446325,-0.4303332476581644,0.2639794343145004,1.7173573459820815,0.04528870350682772,-0.34870735982737944,0.0,1.0,0.0,1.0,0.0,0.0,0.0,0.0,0.0,0.0,0.0,0.0,0.0,1.0,532.47,0,2025-01-09 12:00:00
0.6931471805599453,-1.330324888167986,-1.4040401737981547,-1.1647087294087368,-0.6555130582402552,0.6759201208799227,-0.29871868946527924,0.9189056210108397,-1.4545831876554065,0.2486399813576967,1.0,0.0,0.0,1.0,0.0,0.0,0.0,0.0,0.0,0.0,1.0,0.0,0.0,0.0,460.41,0,2025-09-01 18:00:00
1.0986122886681098,0.28623793700335765,0.4125993066439285,0.5972150513425758,-0.0033961765760520558,1.3024088706414914,0.8537067256120865,-1.498789653979801,0.04376676348535442,0.03110886867180172,1.0,0.0,0.0,1.0,0.0,0.0,0.0,1.0,0.0,0.0,0.0,0.0,0.0,0.0,476.26,0,2025-01-10 00:00:00
0.0,-0.6375122488088388,-0.4190877480534244,-1.081198744462482,-0.2682736737641607,0.17752386642276333,-1.2160722537059685,0.13700211831879472,-0.15256349928474056,-1.725253448569868,0.0,1.0,0.0,0.0,0.0,1.0,1.0,0.0,0.0,0.0,0.0,0.0,0.0,0.0,495.02,0,2025-01-10 06:00:00
0.0,-0.1756371559027406,0.32474468432191894,1.1311313485399428,-0.3042624641429798,1.9242397114829008,-0.7148040561030208,1.3011695556602838,0.14725868494555927,-0.0701754589279796,1.0,0.0,0.0,1.0,0.0,0.0,0.0,0.0,0.0,0.0,0.0,0.0,1.0,0.0,512.27,0,2025-10-01 12:00:00
0.0,-0.8684497952618879,0.17779797138171705,-0.14889874858707863,-0.6483153001644915,0.927447202568582,-2.3168965307947955,-1.4201855981536164,0.5026316799596448,-0.673277591453953,0.0,1.0,0.0,1.0,0.0,0.0,0.0,0.0,0.0,0.0,0.0,0.0,0.0,1.0,512.27,0,2025-01-10 18:00:00
0.0,-0.4065747023557897,0.5754184887493344,0.583524889875977,-0.9477420361162666,0.0011055660716877238,-2.1170445042995025,0.8742254208570086,0.5886212911729034,-0.3648207755818904,0.0,1.0,0.0,0.0,1.0,0.0,0.0,0.0,0.0,0.0,0.0,0.0,1.0,0.0,512.27,0,2025-01-11 00:00:00
1.0986122886681098,-0.4065747023557897,-0.6442847229927519,-0.18996923298687649,0.14775674301498842,0.2986294983469336,1.7972703916882236,-0.8360333516979723,0.0072402029699876825,1.521599825964045,0.0,0.0,1.0,1.0,0.0,0.0,1.0,0.0,0.0,0.0,0.0,0.0,0.0,0.0,465.95,0,2025-11-01 06:00:00
1.0986122886681098,-0.4065747023557897,1.4520943891696974,0.8203646832481426,-1.2961135269832365,0.17985282088284305,2.0773908550545768,0.0741188736578472,-0.574140885232928,0.2566966892349522,0.0,1.0,0.0,0.0,0.0,1.0,1.0,0.0,0.0,0.0,0.0,0.0,0.0,0.0,545.52,0,2025-01-11 12:00:00
0.6931471805599453,0.9790505763625049,-1.110601691301456,-1.281680086229992,1.5700337387859227,-1.2757437166672716,0.12064293990189273,1.3806010226004282,0.47523675957312,0.9783475233833975,1.0,0.0,0.0,1.0,0.0,0.0,0.0,1.0,0.0,0.0,0.0,0.0,0.0,0.0,532.26,0,2025-01-11 18:00:00
0.6931471805599453,0.28623793700335765,0.19918031041635612,0.24847895853785607,-0.06097824118216214,-0.06002948850541444,-0.7803293106916412,0.024474206820257038,-0.44097113335398797,-0.6019181788268341,0.0,0.0,1.0,0.0,0.0,1.0,0.0,0.0,0.0,0.0,0.0,0.0,1.0,0.0,485.49,1,2025-12-01 00:00:00
0.6931471805599453,0.05530039055030851,-0.8872244898969952,0.550668502356139,-0.8915995231253089,0.2683530903658906,-0.26349886512389564,-1.5550536097290697,-0.16778289949947625,0.12318553012614886,0.0,0.0,1.0,1.0,0.0,0.0,0.0,0.0,0.0,0.0,0.0,0.0,1.0,0.0,442.34,0,2025-01-12 06:00:00
0.0,-1.330324888167986,0.006284315720857921,-0.6595417712912278,-0.07249465410338428,-0.4000568396771214,0.8881074842711125,-1.6137997988202182,1.8548753890389393,1.6021669047365985,1.0,0.0,0.0,0.0,0.0,1.0,0.0,0.0,0.0,0.0,0.0,0.0,1.0,0.0,469.47,0,2025-01-12 12:00:00
0.6931471805599453,0.28623793700335765,-0.5731113580736557,0.23442577247769836,0.16071270755136383,0.38945872229006084,-0.4756368768545553,0.8742254208570086,0.2697748566741841,-0.19562991015952744,1.0,0.0,0.0,1.0,0.0,0.0,1.0,0.0,0.0,0.0,0.0,0.0,0.0,0.0,516.03,0,2025-12-01 18:00:00
0.0,-1.0993873417149371,1.8797411698625566,2.257831637241055,0.31618428198786275,0.0011055660716877238,0.2631603686321428,1.5485654787342749,-0.033852177609799486,0.3303580183984299,0.0,1.0,0.0,0.0,1.0,0.0,0.0,1.0,0.0,0.0,0.0,0.0,0.0,0.0,543.61,0,2025-01-13 00:00:00
0.6931471805599453,-0.6375122488088388,1.302872959310908,1.3351147543922706,0.2470858044605299,0.8459337964657754,0.01744066392481537,-0.671378540019965,-0.9066847799249098,1.8991141379268677,1.0,0.0,0.0,0.0,1.0,0.0,0.0,0.0,0.0,0.0,0.0,0.0,0.0,1.0,473.44,0,2025-01-13 06:00:00
0.0,-0.1756371559027406,0.15323102866105984,-0.35288215443940624,-0.6871831937736158,0.7294860734617662,-0.529695211890167,1.5642862898995118,0.8519169148878365,-1.1083398168257428,1.0,0.0,0.0,1.0,0.0,0.0,0.0,0.0,0.0,0.0,0.0,0.0,0.0,1.0,546.75,0,2025-01-13 12:00:00
0.0,-1.0993873417149371,-1.4090445510190241,-0.7812234052504641,-0.9736539651890165,0.21012922886388602,-0.48710379640756396,-0.11287603809707573,0.24922866638429028,-1.0059045309577817,1.0,0.0,0.0,1.0,0.0,0.0,0.0,0.0,0.0,0.0,0.0,1.0,0.0,0.0,486.36,0,2025-01-13 18:00:00
0.0,-0.4065747023557897,-0.5783179323539575,-1.2564328112349514,-0.2797900866853829,-1.3968493485914402,0.31803776935011274,-1.4822414317006043,0.5300266003461696,-1.0450371120758792,0.0,0.0,1.0,1.0,0.0,0.0,1.0,0.0,0.0,0.0,0.0,0.0,0.0,0.0,525.65,0,2025-01-14 00:00:00
0.6931471805599453,-0.6375122488088388,1.673045225861004,2.2602166502988283,0.444304375736459,1.9125949391825006,0.003151801539676747,0.1593422183957103,-0.06581291806074524,-0.21864907552311422,0.0,1.0,0.0,0.0,0.0,1.0,1.0,0.0,0.0,0.0,0.0,0.0,0.0,0.0,499.4,0,2025-01-14 06:00:00
1.0986122886681098,1.209988122815554,0.9789532701052519,0.962742362500774,1.2360577640704804,-0.11359544108725958,0.4736602489980867,1.6974994792470453,1.4127518128008585,-0.874695288385337,0.0,1.0,0.0,1.0,0.0,0.0,1.0,0.0,0.0,0.0,0.0,0.0,0.0,0.0,605.14,0,2025-01-14 12:00:00
0.0,1.209988122815554,0.026756767988066216,-1.2632778919682508,1.0661906734824542,-0.04838471620501419,-0.4338645270543092,-0.8170028960768961,1.6296282658608467,-0.8931106206762064,0.0,0.0,1.0,0.0,1.0,0.0,0.0,0.0,0.0,0.0,0.0,1.0,0.0,0.0,521.8,0,2025-01-14 18:00:00
0.0,-1.5612624346210353,1.0462848908951925,0.7642350212350855,-1.4227940691166798,-0.32320134249447574,0.1550436985609187,1.6519918679792545,-0.36867898233399166,-0.1265724140687671,0.0,1.0,0.0,0.0,1.0,0.0,0.0,0.0,0.0,0.0,0.0,0.0,1.0,0.0,503.81,0,2025-01-15 00:00:00
1.0986122886681098,0.5171754834564067,0.689609278062002,0.9186491650551416,0.35793127882729286,-0.4769123368597687,1.3901947475564178,0.579667064287307,0.08942496412956202,0.9748946485788593,0.0,1.0,0.0,0.0,1.0,0.0,0.0,0.0,0.0,0.0,0.0,1.0,0.0,0.0,553.48,0,2025-01-15 06:00:00
0.6931471805599453,0.5171754834564067,-0.3408374860543092,-0.4377611555323215,1.2360577640704804,1.6540809941136003,-0.1357246186760858,-0.3097998832195167,1.0109596471318276,0.41552893024370074,1.0,0.0,0.0,0.0,0.0,1.0,0.0,0.0,1.0,0.0,0.0,0.0,0.0,0.0,549.59,0,2025-01-15 12:00:00
0.6931471805599453,-0.4065747023557897,-1.6242327715166025,-1.1414354549155177,-0.35464677067332684,1.488725227447907,0.9339751624831472,0.7236365981163184,-0.9964792411918523,1.0865376005922551,1.0,0.0,0.0,0.0,1.0,0.0,0.0,0.0,0.0,0.0,0.0,0.0,1.0,0.0,500.78,0,2025-01-15 18:00:00
0.6931471805599453,0.05530039055030851,0.6627676184227679,0.17418906202466136,-0.23948264146110537,0.501248536373909,-1.7312645679089984,-0.29325166094031996,-0.6441501262207139,-0.9909420734714501,0.0,1.0,0.0,1.0,0.0,0.0,1.0,0.0,0.0,0.0,0.0,0.0,0.0,0.0,532.36,1,2025-01-16 00:00:00
0.6931471805599453,0.9790505763625049,0.006284315720857921,0.37543443558366946,-0.0033961765760520558,-0.07633216972597578,-0.43222639568959403,-1.3903987980510624,0.32836954750091746,1.0013666887469843,0.0,1.0,0.0,0.0,0.0,1.0,0.0,0.0,0.0,0.0,0.0,0.0,1.0,0.0,457.79,0,2025-01-16 06:00:00
0.0,-0.4065747023557897,0.006284315720857921,0.7081053592220297,-0.7159742260766712,0.6852359387202432,0.003151801539676747,1.3400578780163963,-1.761254101982337,0.86900648790636,0.0,1.0,0.0,1.0,0.0,0.0,0.0,0.0,0.0,0.0,0.0,0.0,0.0,1.0,479.08,0,2025-01-16 12:00:00
0.0,-1.5612624346210353,-1.711581901190041,-1.5466642343268533,-2.2015914929143263,0.11231314154051793,1.9201302440418873,-0.38674911681778146,0.12823443467713924,0.8736103209790774,0.0,0.0,1.0,0.0,1.0,0.0,0.0,0.0,0.0,0.0,0.0,1.0,0.0,0.0,506.63,0,2025-01-16 18:00:00
0.6931471805599453,-0.4065747023557897,1.5044634275618698,-0.0010199822602967896,-0.8440943198252676,-0.16483243920902335,-1.8967158357452656,0.28014424103384633,-1.0497471419434286,0.8137604910337518,0.0,1.0,0.0,1.0,0.0,0.0,0.0,0.0,0.0,0.0,0.0,0.0,0.0,1.0,529.51,0,2025-01-17 00:00:00
0.0,-0.8684497952618879,2.431132550926117,2.626268107710906,0.23844849476961297,0.0011055660716877238,-0.06446590431096044,0.9007025765037233,-0.7841686081962849,0.23137560733500698,0.0,1.0,0.0,0.0,1.0,0.0,0.0,0.0,0.0,0.0,1.0,0.0,0.0,0.0,539.16,0,2025-01-17 06:00:00
0.0,-0.4065747023557897,0.4489442280763356,-0.0188422146543869,-0.49140417411283993,-0.42800429319808464,1.4614534619215431,-1.397845498076701,-0.3656351022910445,0.25094189789405563,0.0,1.0,0.0,1.0,0.0,0.0,0.0,0.0,0.0,1.0,0.0,0.0,0.0,0.0,497.23,0,2025-01-17 12:00:00
0.0,-0.8684497952618879,-0.12064488833585627,0.023597285892071315,-0.2754714318399244,0.30095845280701333,-0.7418332236208267,0.8212711095635791,-0.3176939916146259,0.5812669208615255,1.0,0.0,0.0,0.0,1.0,0.0,0.0,0.0,1.0,0.0,0.0,0.0,0.0,0.0,468.03,0,2025-01-17 18:00:00
1.3862943611198906,-1.0993873417149371,0.4102740404604908,0.38638656475694877,-2.5240510547085466,0.24972145468524953,-0.17913509984104647,-0.41653591692033554,-0.7582956278312339,0.041467493085416154,1.0,0.0,0.0,0.0,0.0,1.0,0.0,0.0,0.0,0.0,0.0,0.0,0.0,1.0,531.84,0,2025-01-18 00:00:00
0.0,1.6718632157216522,2.613053036489475,1.6212391290441939,1.695274729304213,0.6666043030396022,0.3557147907385691,0.20650465189142095,0.5893822611836401,1.4456365802642084,0.0,1.0,0.0,0.0,0.0,1.0,0.0,0.0,0.0,0.0,0.0,1.0,0.0,0.0,566.42,0,2025-01-18 06:00:00
0.0,-1.330324888167986,-0.9086068289316344,-1.4692333538849003,-1.211179981689223,-0.6143206500044986,0.21074016496124623,-0.09798263804579868,-0.5908822254691376,-0.28540465507751617,1.0,0.0,0.0,0.0,1.0,0.0,0.0,1.0,0.0,0.0,0.0,0.0,0.0,0.0,460.03,0,2025-01-18 12:00:00
1.0986122886681098,0.7481130299094558,0.3238347975544882,0.28085478682453513,0.2657999754575157,0.7807230715835316,1.5687510663104096,1.0165401324581003,-0.12212469885526811,-0.6698247166494149,1.0,0.0,0.0,0.0,0.0,1.0,0.0,0.0,0.0,0.0,0.0,0.0,0.0,1.0,608.65,0,2025-01-18 18:00:00
0.6931471805599453,0.7481130299094558,-1.0432700705115154,-0.0097725463961292,0.6947863567730403,-0.9147557753548421,0.4703839862686557,-1.034612019048333,-0.4204249430640941,0.05873186710810586,0.0,0.0,1.0,0.0,0.0,1.0,1.0,0.0,0.0,0.0,0.0,0.0,0.0,0.0,493.91,0,2025-01-19 00:00:00
0.0,0.5171754834564067,-0.2907937138455692,-0.0010199822602967896,-0.0033961765760520558,-0.5654126063428146,1.3344982811560908,-1.3117947422248781,1.1821778995476078,-0.1438367880914573,1.0,0.0,0.0,0.0,0.0,1.0,0.0,0.0,0.0,0.0,1.0,0.0,0.0,0.0,451.77,0,2025-01-19 06:00:00
0.0,1.4409256692686032,-0.47459084086675435,-1.2728610049948699,-0.23660353823080016,-0.518833517141212,-0.3241097256183699,-0.25767298304004704,-1.3617448463455166,-0.3141786117819995,1.0,0.0,0.0,1.0,0.0,0.0,0.0,1.0,0.0,0.0,0.0,0.0,0.0,0.0,473.1,0,2025-01-19 12:00:00
0.6931471805599453,-1.5612624346210353,0.6691368257947885,-0.0010199822602967896,-0.6958205034645327,-1.0870984054007762,-0.6984227424558654,-1.2753886532106453,-0.815368378636494,0.5432852980116075,1.0,0.0,0.0,1.0,0.0,0.0,0.0,0.0,0.0,0.0,0.0,1.0,0.0,0.0,458.34,0,2025-01-19 18:00:00
0.0,-0.6375122488088388,1.0408255702906026,1.2736505941694387,-0.38775645782184065,1.0997898326145161,-0.1922401507587709,-0.8426526406096511,-0.6905692968756587,0.2233188994577515,1.0,0.0,0.0,1.0,0.0,0.0,0.0,0.0,0.0,1.0,0.0,0.0,0.0,0.0,508.15,0,2025-01-20 00:00:00
1.0986122886681098,-1.0993873417149371,0.7519365216310681,0.6150122612491546,-0.0033961765760520558,-0.9799665002370875,-1.1095937149994597,0.5986975199083832,-0.06200806800706092,-0.7515427536901479,0.0,1.0,0.0,1.0,0.0,0.0,0.0,0.0,0.0,1.0,0.0,0.0,0.0,0.0,552.75,0,2025-01-20 06:00:00
0.6931471805599453,0.28623793700335765,0.440401402315449,0.9271479426876152,-0.4223056965855071,-0.6981630105673852,0.5047847449276811,1.1588548440591921,-1.2247702444128925,-0.8723933718489784,0.0,1.0,0.0,0.0,1.0,0.0,0.0,0.0,0.0,0.0,0.0,1.0,0.0,0.0,505.8,0,2025-01-20 12:00:00
0.6931471805599453,1.4409256692686032,0.6259172043417847,0.7158990800411795,1.2850025189856742,-0.5630836518827349,-0.6304402908201716,-0.5820181397123028,0.46610511944427857,-0.009174670714474765,0.0,1.0,0.0,0.0,0.0,1.0,0.0,0.0,0.0,1.0,0.0,0.0,0.0,0.0,547.31,1,2025-01-21 00:00:00
0.0,-0.4065747023557897,-0.3103562793453467,0.1084762869849853,0.687588598697276,-0.16250348474894363,0.5195279272101208,1.144788855121875,0.8062587142436284,1.0059705218197015,1.0,0.0,0.0,0.0,0.0,1.0,0.0,0.0,0.0,0.0,0.0,0.0,0.0,1.0,522.81,0,2025-01-21 06:00:00
0.0,-0.8684497952618879,-1.8421506523164786,-1.894394335578473,2.6518567775732276,-1.0242166349786104,-1.0940314670346625,-0.27504861643320355,-0.04983254783527237,2.2467035349170272,0.0,0.0,1.0,0.0,0.0,1.0,0.0,0.0,0.0,1.0,0.0,0.0,0.0,0.0,475.38,0,2025-01-21 12:00:00
1.0986122886681098,1.4409256692686032,1.300598242392331,0.9531592494741539,0.24420670123022406,0.908815566887941,0.7873624053411079,-1.0569521191252484,-0.5208729844813518,1.2004824691420093,1.0,0.0,0.0,0.0,0.0,1.0,0.0,1.0,0.0,0.0,0.0,0.0,0.0,0.0,523.86,0,2025-01-21 18:00:00
0.0,0.7481130299094558,0.7228201450732518,0.6478686487689926,0.7235773890760957,0.9227892936484227,-0.4404170525131717,0.9420731322017151,-0.15941222938137148,-0.004570837641757408,1.0,0.0,0.0,0.0,1.0,0.0,1.0,0.0,0.0,0.0,0.0,0.0,0.0,0.0,518.12,0,2025-01-22 00:00:00
0.0,0.9790505763625049,1.9097674331877985,1.966946392320067,0.7307751471518593,0.8109994795645729,1.169047013319823,0.10969755155812014,1.185982749601292,-0.1438367880914573,1.0,0.0,0.0,0.0,1.0,0.0,0.0,1.0,0.0,0.0,0.0,0.0,0.0,0.0,538.76,0,2025-01-22 06:00:00
1.0986122886681098,-0.1756371559027406,-0.16158979287027803,-0.16943399078697696,0.3896014143606535,0.599064623697277,-0.35605328723032253,-0.39833287241321913,-1.1760681637257373,-0.21864907552311422,0.0,1.0,0.0,0.0,0.0,1.0,0.0,0.0,0.0,0.0,0.0,1.0,0.0,0.0,503.35,0,2025-01-22 12:00:00
0.6931471805599453,-0.1756371559027406,1.5787708469021233,1.8745071161762779,0.22261342700293238,0.11231314154051793,0.6505784363873621,0.6102812755038209,-0.15104155926326673,-0.008023712446295553,0.0,1.0,0.0,1.0,0.0,0.0,0.0,0.0,0.0,0.0,1.0,0.0,0.0,0.0,516.97,0,2025-01-22 18:00:00
0.6931471805599453,-0.4065747023557897,0.21469893472755577,-0.04485352144092549,-2.292283244668951,-0.5141756082210508,0.2058257708670995,0.832027454045057,-0.17919744966052817,0.6457205838795685,1.0,0.0,0.0,0.0,0.0,1.0,0.0,0.0,1.0,0.0,0.0,0.0,0.0,0.0,469.05,0,2025-01-23 00:00:00
0.6931471805599453,0.9790505763625049,1.6363970088394584,0.8231027155414621,1.1180145316279537,-0.8192686424915554,0.7611523035056597,-0.908845529726438,0.0247425132169344,-0.3141786117819995,0.0,1.0,0.0,0.0,0.0,1.0,0.0,0.0,0.0,1.0,0.0,0.0,0.0,0.0,521.51,1,2025-01-23 06:00:00
0.0,-0.8684497952618879,0.006284315720857921,-0.1461607162937591,-1.3824866238924023,1.386251231204378,0.13784331923140572,-1.2786982976664847,2.1082784026142947,0.4051703058300868,1.0,0.0,0.0,0.0,0.0,1.0,0.0,0.0,0.0,0.0,0.0,0.0,1.0,0.0,462.66,0,2025-01-23 12:00:00
0.0,1.6718632157216522,2.17863897296384,1.6598007793613003,0.4054364821273341,0.8366179786254548,-1.6051284528259038,0.11052496267207998,0.27434067673860457,0.37754730739378267,0.0,1.0,0.0,0.0,0.0,1.0,0.0,0.0,0.0,0.0,1.0,0.0,0.0,0.0,505.69,0,2025-01-23 18:00:00
0.0,-1.0993873417149371,1.6204234411445435,1.1735708490864012,-0.0033961765760520558,-0.6911761471871443,1.0216151904954267,-1.5070637651193992,-0.033852177609799486,0.43049138773003254,0.0,1.0,0.0,0.0,0.0,1.0,1.0,0.0,0.0,0.0,0.0,0.0,0.0,0.0,442.26,0,2025-01-24 00:00:00
0.0,-0.1756371559027406,-0.46594691657615667,-0.4692485269054991,0.09593288486948942,0.07737882463931552,-0.056275247487382746,0.5325046307915963,-0.7796027881318639,0.03571270174451908,1.0,0.0,0.0,1.0,0.0,0.0,1.0,0.0,0.0,0.0,0.0,0.0,0.0,0.0,458.55,1,2025-01-24 06:00:00
0.6931471805599453,-0.6375122488088388,0.6855147876085583,0.6339684125401925,-1.6070566758562341,-0.2789512077529528,0.8053818503529785,-0.15755623825090687,0.219550835965555,0.5720592547160909,1.0,0.0,0.0,0.0,0.0,1.0,0.0,0.0,0.0,1.0,0.0,0.0,0.0,0.0,525.01,0,2025-01-24 12:00:00
0.0,0.5171754834564067,0.34941272557228725,0.11258333542496521,0.8473788279792334,-1.1476512213628605,0.7079130341524055,-0.9411145631708715,0.9896524868311977,-0.43848210474536786,0.0,1.0,0.0,1.0,0.0,0.0,0.0,0.0,0.0,1.0,0.0,0.0,0.0,0.0,505.1,0,2025-01-24 18:00:00
0.6931471805599453,0.7481130299094558,-0.9085057304019233,-0.8456918913140284,1.0733884315582178,0.0011055660716877238,-0.730366304067818,0.3943269747603037,-0.25148960068052445,0.9702908155061419,1.0,0.0,0.0,1.0,0.0,0.0,0.0,0.0,0.0,0.0,0.0,0.0,1.0,0.0,511.74,0,2025-01-25 00:00:00
0.6931471805599453,1.4409256692686032,-0.813523661735034,-0.7704320791706805,1.1698383897734534,-0.4000568396771214,-0.8696074700686366,-0.38095723902006257,0.5094804100562762,-0.22785674166854894,1.0,0.0,0.0,1.0,0.0,0.0,0.0,0.0,0.0,0.0,1.0,0.0,0.0,0.0,489.59,0,2025-01-25 06:00:00
1.6094379124341003,0.9790505763625049,-1.5873823574356245,-1.3663480686590062,0.20389925600594655,-0.9636638190165261,0.6735122754933794,-0.33627703886623145,-0.4402101633432513,1.277596673110025,1.0,0.0,0.0,0.0,1.0,0.0,0.0,0.0,0.0,0.0,0.0,0.0,1.0,0.0,519.15,0,2025-01-25 12:00:00
0.6931471805599453,-0.8684497952618879,0.31706119606361277,-0.8607871448502359,-1.366651556125722,-1.515626026055529,-0.2684132592180424,-0.9344952742591929,-1.398271406860883,0.22907369079864806,1.0,0.0,0.0,0.0,0.0,1.0,0.0,0.0,0.0,0.0,1.0,0.0,0.0,0.0,473.44,0,2025-01-25 18:00:00
0.0,-0.8684497952618879,0.006284315720857921,0.8806013937011784,-0.06673644764277321,-1.6041262955385764,0.9503564761303014,0.6632355867972504,0.5931871112373244,-0.6882400489402843,0.0,0.0,1.0,1.0,0.0,0.0,0.0,0.0,1.0,0.0,0.0,0.0,0.0,0.0,528.04,0,2025-01-26 00:00:00
0.6931471805599453,1.4409256692686032,0.4020850595536085,0.27549625687749496,0.16071270755136383,-0.3534777504755187,-0.14555340686437868,1.451758378400974,0.05365937362493248,-0.8620347474353645,0.0,1.0,0.0,0.0,0.0,1.0,0.0,0.0,0.0,0.0,0.0,1.0,0.0,0.0,565.81,0,2025-01-26 06:00:00
0.0,0.05530039055030851,0.21510332884641045,0.45483737208994435,0.7063027696942624,-0.053042625125175276,1.0355393070955088,0.4638295083329299,-2.191963128059366,-0.7803167103946315,1.0,0.0,0.0,0.0,1.0,0.0,0.0,0.0,0.0,0.0,1.0,0.0,0.0,0.0,498.39,0,2025-01-26 12:00:00
0.6931471805599453,-1.330324888167986,-1.197394779061463,-1.7588617370591408,-1.2126195333043759,0.0011055660716877238,0.4458120157979226,-0.8633379184586469,1.0756420980444557,1.0566126856195919,0.0,0.0,1.0,1.0,0.0,0.0,0.0,0.0,0.0,0.0,0.0,1.0,0.0,0.0,497.37,0,2025-01-26 18:00:00
0.0,0.5171754834564067,0.006284315720857921,-0.12728830796148455,-0.7159742260766712,-0.032082034984452834,0.003151801539676747,-1.2662871309570871,-0.03080829756685235,-1.5491568335384291,0.0,1.0,0.0,0.0,1.0,0.0,0.0,0.0,0.0,0.0,0.0,1.0,0.0,0.0,459.61,0,2025-01-27 06:00:00
0.6931471805599453,-1.5612624346210353,0.25286362969482445,0.9148267973676768,-1.3882448303530133,0.6409858039787203,0.2582459745379961,-0.6788252400456035,0.8709411651562565,-0.14959157943235388,0.0,1.0,0.0,0.0,0.0,1.0,0.0,0.0,1.0,0.0,0.0,0.0,0.0,0.0,516.56,0,2025-01-27 12:00:00
0.0,0.9790505763625049,1.018988287872248,0.6219808609588279,1.1626406316976892,-0.1555166213687028,1.2018096406141336,-1.564155131982628,0.247706726362817,-0.043703418759855193,1.0,0.0,0.0,0.0,0.0,1.0,0.0,0.0,0.0,0.0,0.0,0.0,1.0,0.0,474.3,1,2025-01-27 18:00:00
0.6931471805599453,0.5171754834564067,-0.48641936884336495,-0.09276908657402155,-0.4741295547310067,-0.7889922345105124,-0.02351262019307254,1.2622812333041715,0.04528870350682772,-1.561817374488402,1.0,0.0,0.0,1.0,0.0,0.0,0.0,0.0,0.0,0.0,0.0,0.0,1.0,0.0,512.75,0,2025-01-28 00:00:00
1.3862943611198906,0.5171754834564067,1.0399156835231718,0.6098989192075304,0.7135005277700261,0.15423432182196117,0.5514714888220733,-1.5302312763102748,-0.9272309702148036,1.6804320669727935,0.0,0.0,1.0,0.0,1.0,0.0,0.0,0.0,0.0,0.0,1.0,0.0,0.0,0.0,511.77,0,2025-01-28 06:00:00
0.0,1.209988122815554,1.0139839106513735,0.682094052435491,1.010048160491496,-1.2873884889676717,0.07559432737221626,0.2122965296891398,-1.024635131589114,-0.6318430937994969,0.0,1.0,0.0,0.0,0.0,1.0,0.0,0.0,0.0,0.0,0.0,0.0,0.0,1.0,553.14,0,2025-01-28 12:00:00
0.6931471805599453,0.05530039055030851,-0.8285367933976524,-0.8826914031967946,-0.4007124223582154,0.6013935781573567,0.15258650151384534,-1.0205460301110159,-0.14038797911295148,-0.2485739904957773,1.0,0.0,0.0,0.0,1.0,0.0,0.0,0.0,0.0,0.0,1.0,0.0,0.0,0.0,476.08,0,2025-01-28 18:00:00
0.0,-0.1756371559027406,1.1618405103590115,1.6472504358307323,0.3838432079000424,-0.9473611377959648,1.723554480276026,-0.94856126319651,0.25151157641650074,-0.3245372361956134,1.0,0.0,0.0,0.0,0.0,1.0,1.0,0.0,0.0,0.0,0.0,0.0,0.0,0.0,503.68,0,2025-01-29 00:00:00
0.0,0.5171754834564067,0.9011579514898521,-0.10919728033394117,-1.0355546846405856,0.9973158363709885,1.210819363120069,0.42742341931869715,0.4737148195516467,-0.43848210474536786,0.0,1.0,0.0,1.0,0.0,0.0,0.0,0.0,0.0,0.0,1.0,0.0,0.0,0.0,488.53,0,2025-01-29 06:00:00
0.0,-1.0993873417149371,0.1609650661842319,-0.5021116727615047,-0.6943809518493801,-0.3185434335743163,0.10753788898416888,1.1067279438797224,-0.8846166496135426,-1.5664212075611195,1.0,0.0,0.0,1.0,0.0,0.0,0.0,0.0,0.0,0.0,0.0,0.0,1.0,0.0,529.15,0,2025-01-29 12:00:00
0.6931471805599453,-1.0993873417149371,0.3588654381006046,-0.6266853837713898,0.13048212363315587,1.1486978762762001,0.2402265295261255,-1.624556143301696,-0.42651270314998835,0.09210965688530708,0.0,0.0,1.0,0.0,1.0,0.0,1.0,0.0,0.0,0.0,0.0,0.0,0.0,0.0,498.21,0,2025-01-29 18:00:00
1.0986122886681098,1.209988122815554,0.4416651339368841,-0.13946463988271496,1.8852955425043785,-1.1406643579826197,-0.6599266553850509,-1.1347287638374732,-1.2095508441981564,0.406321264098266,0.0,1.0,0.0,0.0,0.0,1.0,1.0,0.0,0.0,0.0,0.0,0.0,0.0,0.0,516.09,0,2025-01-30 00:00:00
0.0,-0.8684497952618879,0.280665725366345,-0.15300579702705855,-0.4798877611916178,-0.6748734659665829,-0.14063901277023194,-0.6895815845270814,0.06659586380745822,0.04376940962177458,0.0,1.0,0.0,1.0,0.0,0.0,0.0,0.0,1.0,0.0,0.0,0.0,0.0,0.0,519.64,0,2025-01-30 06:00:00
0.0,0.05530039055030851,0.6081744123768688,-0.24199184655995246,-0.17902147362468945,0.4337088570315838,0.33360001731490996,1.592418267774146,0.15943420511734782,-0.9483566175488147,0.0,1.0,0.0,0.0,1.0,0.0,0.0,0.0,0.0,0.0,0.0,0.0,1.0,0.0,525.77,0,2025-01-30 12:00:00
0.0,-0.6375122488088388,-0.3080815624267697,-0.6472206259712882,-0.9563793458071832,1.2628166448201297,0.8659927108474522,-1.4838962539285239,1.5398338045939048,1.0312916037196467,0.0,1.0,0.0,0.0,1.0,0.0,0.0,0.0,0.0,0.0,1.0,0.0,0.0,0.0,512.27,0,2025-01-30 18:00:00
0.0,-0.8684497952618879,0.7605804459216657,-0.29538347627968997,-0.0033961765760520558,1.7821734894180097,0.7660666975998064,-1.0660536413788066,-0.34661085202262454,-1.8576136494104918,0.0,1.0,0.0,0.0,0.0,1.0,0.0,0.0,0.0,0.0,0.0,0.0,0.0,1.0,512.02,0,2025-01-31 00:00:00
0.6931471805599453,0.28623793700335765,2.0703624476394777,1.3638640934721287,0.5565894017183746,0.07970777909939523,-1.0604497740579946,-0.2833227275728019,-0.7575346578204968,-0.1012513321688219,1.0,0.0,0.0,0.0,0.0,1.0,0.0,0.0,0.0,0.0,0.0,0.0,1.0,0.0,528.38,0,2025-01-31 06:00:00
0.0,1.209988122815554,-0.2398400548693984,0.34164205626075184,0.42990885958493097,1.9615029828441846,0.989671628883474,-0.5547135729516282,0.4219688588215443,0.8229681571791865,1.0,0.0,0.0,1.0,0.0,0.0,0.0,0.0,0.0,0.0,1.0,0.0,0.0,0.0,454.34,0,2025-01-31 12:00:00
0.0,-0.1756371559027406,-1.1723728929570902,-0.8821264969077856,0.3205029368333206,-0.2673064354525509,-0.05791337885209852,-1.5169926984869173,-0.37857159247357025,0.5812669208615255,1.0,0.0,0.0,0.0,1.0,0.0,0.0,0.0,0.0,0.0,0.0,1.0,0.0,0.0,471.58,0,2025-01-31 18:00:00
0.0,-1.0993873417149371,-1.7083972975040282,-1.469999330113898,0.4630185467334448,1.1859611476374823,-0.9400471187514043,0.19078384072618407,-0.04754963780306188,0.9967628556742668,1.0,0.0,0.0,1.0,0.0,0.0,0.0,0.0,1.0,0.0,0.0,0.0,0.0,0.0,481.91,0,2025-02-01 00:00:00
0.0,-0.8684497952618879,2.1122172389413354,-0.0010199822602967896,-0.7721167390676292,-0.9520190467161259,1.3435080036620262,0.4249411859768176,-0.32910854177567833,1.2211997179692375,0.0,1.0,0.0,0.0,1.0,0.0,1.0,0.0,0.0,0.0,0.0,0.0,0.0,0.0,534.85,0,2025-01-02 06:00:00
0.6931471805599453,-1.0993873417149371,0.08316974756882693,-0.6773389811978067,-1.7898797309806356,0.47563003731302705,1.468005987380405,-1.0710181080625658,-1.5953626396417144,-0.3245372361956134,1.0,0.0,0.0,0.0,0.0,1.0,0.0,0.0,0.0,1.0,0.0,0.0,0.0,0.0,465.83,0,2025-02-01 12:00:00
0.6931471805599453,1.4409256692686032,-0.3726835229144127,-0.8991195969567131,0.2686790786878209,-2.4192603565666406,0.2885514047852329,0.7062609647231619,-0.9340797003114345,-0.14613870462781625,1.0,0.0,0.0,0.0,0.0,1.0,0.0,0.0,0.0,0.0,1.0,0.0,0.0,0.0,470.21,1,2025-02-01 18:00:00
0.6931471805599453,-0.6375122488088388,-0.6583879678879394,-0.6322757170977489,-0.04226407018517631,0.0011055660716877238,0.7267515448466336,-1.488860720612283,-0.022437627448747586,-1.0174141136395751,1.0,0.0,0.0,1.0,0.0,0.0,0.0,1.0,0.0,0.0,0.0,0.0,0.0,0.0,489.89,0,2025-02-02 00:00:00
0.0,-1.330324888167986,1.0954187763365018,1.4035655617252674,-0.5374698257977285,-1.3409544415495152,1.4016616671094264,-0.7855612737464224,-0.46380023367609174,0.5053036751616894,1.0,0.0,0.0,0.0,1.0,0.0,1.0,0.0,0.0,0.0,0.0,0.0,0.0,0.0,495.75,0,2025-02-02 12:00:00
0.0,-0.1756371559027406,-0.7102515136315463,-0.3569892028793861,-0.5158765515704369,0.48261690069326785,0.7455900555408624,-0.9063632963845584,0.6631963522251096,0.8206662406428281,0.0,0.0,1.0,0.0,0.0,1.0,0.0,0.0,0.0,0.0,0.0,1.0,0.0,0.0,504.46,0,2025-02-02 18:00:00
0.6931471805599453,1.4409256692686032,2.0958392771275656,1.5213009503380193,1.6780001099223798,0.9856710640705867,-1.275044982835727,-1.003997807831819,1.484282993810118,2.9959773675017773,0.0,1.0,0.0,0.0,0.0,1.0,0.0,0.0,0.0,0.0,0.0,0.0,0.0,1.0,512.27,1,2025-02-03 00:00:00
0.6931471805599453,-0.1756371559027406,-0.027836438057832917,-0.0311633599743254,-0.2725923286096192,-0.49088606362024867,2.0053130750070944,1.3317837668767978,0.1640000251817688,-0.530558766199715,1.0,0.0,0.0,0.0,1.0,0.0,0.0,0.0,0.0,0.0,0.0,0.0,1.0,0.0,551.56,0,2025-02-03 06:00:00
0.6931471805599453,0.5171754834564067,1.9194728920403987,-0.0010199822602967896,-0.08401106702460642,-0.9799665002370875,1.0773116568957548,0.058398062492610314,-0.5490288748786137,-0.14844062116417467,0.0,1.0,0.0,0.0,1.0,0.0,0.0,0.0,0.0,1.0,0.0,0.0,0.0,0.0,512.27,0,2025-03-02 12:00:00
0.6931471805599453,-1.0993873417149371,0.14003767053330304,0.012645156718791972,-1.1780702945407096,-0.46060965563920736,-0.47072248276040857,0.7128802536348405,-0.2667090008952607,0.6929098728749213,1.0,0.0,0.0,0.0,1.0,0.0,0.0,0.0,0.0,0.0,1.0,0.0,0.0,0.0,545.02,1,2025-02-03 18:00:00
0.0,-1.0993873417149371,-0.2812399027875356,0.7053673269287088,-1.6948693243805528,-0.9776375457770078,-0.9826385342340074,-0.9775206521851043,0.6571085921392154,-1.5307415012475598,1.0,0.0,0.0,1.0,0.0,0.0,0.0,0.0,0.0,0.0,0.0,0.0,0.0,1.0,540.21,0,2025-02-04 00:00:00
0.0,0.7481130299094558,0.006284315720857921,0.552037518502798,1.8665813715073925,-0.07167426080581635,0.5260804526689833,-1.4896881317262427,0.7697321537282622,1.3017667967417912,1.0,0.0,0.0,0.0,0.0,1.0,0.0,0.0,0.0,0.0,1.0,0.0,0.0,0.0,527.75,1,2025-04-02 06:00:00
0.0,-1.5612624346210353,-0.10563175667323271,-0.22556365280003404,-1.3551351432044998,0.14258954952156092,-0.24384128874730987,-1.5533987875011501,0.05594228365714297,-1.0726601105121834,0.0,0.0,1.0,0.0,1.0,0.0,0.0,0.0,1.0,0.0,0.0,0.0,0.0,0.0,472.3,0,2025-02-04 12:00:00
0.0,-0.1756371559027406,0.4421200773205995,0.962742362500774,0.2470858044605299,-0.2859380711331936,0.3540766593738539,-0.15424659379506753,-0.5018487342129317,-0.8551289978262884,1.0,0.0,0.0,0.0,0.0,1.0,0.0,0.0,1.0,0.0,0.0,0.0,0.0,0.0,507.38,0,2025-02-04 18:00:00
0.6931471805599453,-0.6375122488088388,0.1941759331954816,-0.5445444149717942,-0.8930390747404617,1.7891603527982505,0.760333237823302,-0.5514039284957888,-0.44705889343988225,-0.07132641719615933,0.0,1.0,0.0,1.0,0.0,0.0,0.0,0.0,0.0,0.0,0.0,1.0,0.0,0.0,498.4,0,2025-05-02 00:00:00
0.6931471805599453,-1.5612624346210353,2.3172956064674435,1.7663548405901448,-1.9741423377201894,-0.7191236007081075,-0.5272380148430936,0.9817888656717872,-0.7354665275091297,1.3903905833916002,0.0,1.0,0.0,0.0,1.0,0.0,0.0,0.0,0.0,1.0,0.0,0.0,0.0,0.0,528.58,0,2025-02-05 06:00:00
0.6931471805599453,0.05530039055030851,-1.1311752420983805,-1.292027231048109,-0.13439537355495346,1.4933831363680665,-1.0670022995168567,1.053773632586293,-0.03537411763127333,0.5939274618114985,0.0,0.0,1.0,0.0,0.0,1.0,0.0,0.0,0.0,0.0,0.0,0.0,1.0,0.0,572.35,0,2025-02-05 12:00:00
1.0986122886681098,1.6718632157216522,0.9798631568726879,0.7601279727951056,2.040767116940877,-1.056821997419733,0.40895406009182383,-0.606013062017138,1.7179007871063154,0.18879015141237104,0.0,1.0,0.0,0.0,0.0,1.0,0.0,0.0,0.0,0.0,0.0,0.0,1.0,0.0,552.01,1,2025-05-02 18:00:00
1.0986122886681098,-1.330324888167986,0.7610353893053811,-0.0955071188673423,-1.4429477917288185,0.11231314154051793,-0.49447538754878345,-0.17989633832782245,-2.6797449049416553,-0.18642224401409274,0.0,1.0,0.0,0.0,1.0,0.0,1.0,0.0,0.0,0.0,0.0,0.0,0.0,0.0,499.3,0,2025-02-06 00:00:00
1.3862943611198906,1.209988122815554,0.4867045289247496,0.7081053592220297,0.38816186274550085,1.2744614171205297,0.1730631435727893,-0.3602719611710667,0.4965439198737505,-0.6272392607267795,1.0,0.0,0.0,0.0,0.0,1.0,0.0,0.0,0.0,0.0,0.0,1.0,0.0,0.0,551.51,0,2025-02-06 06:00:00
0.6931471805599453,0.28623793700335765,-0.1943457164978175,0.12627349689156409,0.3046678690666406,1.2208954645386862,-1.2906072308005243,0.659925942341411,0.030830273302828677,-0.6939948402811809,1.0,0.0,0.0,0.0,0.0,1.0,0.0,0.0,1.0,0.0,0.0,0.0,0.0,0.0,498.07,0,2025-06-02 12:00:00
0.0,0.7481130299094558,1.2341765083698213,1.3405908189789109,0.9020817893550382,-0.4047147485972825,-0.21845025259421919,0.5018904195750824,-0.9668014107731172,0.3165465191802778,0.0,1.0,0.0,0.0,0.0,1.0,0.0,0.0,0.0,0.0,1.0,0.0,0.0,0.0,504.98,0,2025-02-06 18:00:00
0.0,-1.330324888167986,0.8379208211533553,0.3220428058639331,-0.04226407018517631,0.617696259377918,0.7324850046231379,0.5763574198314676,0.07724944395777347,1.2315583423828516,0.0,1.0,0.0,0.0,0.0,1.0,0.0,0.0,1.0,0.0,0.0,0.0,0.0,0.0,507.18,0,2025-02-07 00:00:00
0.6931471805599453,1.4409256692686032,-1.729678538008956,-1.5370811213002344,1.3684965126645352,0.0011055660716877238,0.003151801539676747,-1.492997776182082,-0.10157850856537479,0.9737436903106801,1.0,0.0,0.0,1.0,0.0,0.0,0.0,0.0,1.0,0.0,0.0,0.0,0.0,0.0,493.93,0,2025-07-02 06:00:00
0.6931471805599453,-1.5612624346210353,-0.6083441956792046,-0.997688759516227,-0.8757644553586286,-0.5304782894416122,-0.7451094863502576,-0.5116881950257166,-0.9531039505798545,-1.9957286415920124,1.0,0.0,0.0,0.0,1.0,0.0,0.0,0.0,1.0,0.0,0.0,0.0,0.0,0.0,481.16,0,2025-02-07 12:00:00
0.6931471805599453,1.4409256692686032,-1.5173210763433864,-1.5466642343268533,1.6060225291647416,0.6805780298000838,-1.1186034375053955,1.67433196805617,2.248296884589865,2.1983632876534953,0.0,0.0,1.0,0.0,1.0,0.0,1.0,0.0,0.0,0.0,0.0,0.0,0.0,0.0,561.34,0,2025-02-07 18:00:00
0.6931471805599453,0.5171754834564067,-1.8544341236768045,-0.0010199822602967896,-0.3560863222884794,1.9871214819050664,0.04528889712497884,-0.4984496172023593,1.116734478624243,1.1820671368511397,1.0,0.0,0.0,1.0,0.0,0.0,0.0,0.0,0.0,0.0,0.0,0.0,1.0,0.0,548.87,0,2025-08-02 00:00:00
0.0,-0.4065747023557897,0.4967132833664986,0.4767416304365031,-0.9808517232647804,0.5291959898948705,0.5809578533869526,-1.080119630316124,0.35348155785523233,-0.6617680087721597,0.0,1.0,0.0,1.0,0.0,0.0,0.0,1.0,0.0,0.0,0.0,0.0,0.0,0.0,512.99,0,2025-02-08 06:00:00
0.0,-1.5612624346210353,0.32929411815907805,-0.28853839554639055,-0.0033961765760520558,0.6293410316783183,0.42779257078605204,-0.9924140522363813,-0.27964549107778586,-1.0576976530258517,1.0,0.0,0.0,0.0,1.0,0.0,0.0,0.0,0.0,1.0,0.0,0.0,0.0,0.0,505.0,0,2025-02-08 12:00:00
0.0,0.5171754834564067,0.8160835387349956,0.8060416923262518,-0.4712504515007009,0.7388018913020884,-0.4739987454898395,-1.5931145209712223,0.04376676348535442,-1.0369804041986237,0.0,1.0,0.0,1.0,0.0,0.0,0.0,1.0,0.0,0.0,0.0,0.0,0.0,0.0,484.35,0,2025-08-02 18:00:00
0.0,-1.330324888167986,0.6218227138883461,-0.10350198513861747,-0.5907332355583808,-1.4946654359148082,0.3221330977619013,1.0272964769395783,1.2894746710614968,1.1153115572967385,1.0,0.0,0.0,0.0,0.0,1.0,0.0,1.0,0.0,0.0,0.0,0.0,0.0,0.0,543.58,0,2025-02-09 00:00:00
0.6931471805599453,0.5171754834564067,-0.6065244221443379,-1.1386974226221982,0.5796222275608188,0.5175512175944703,1.5065020744512196,-1.6675815212276075,0.92725294595078,-0.03449575261442048,0.0,1.0,0.0,0.0,0.0,1.0,0.0,0.0,1.0,0.0,0.0,0.0,0.0,0.0,514.75,0,2025-02-09 06:00:00
0.0,0.9790505763625049,-0.36585937215867664,-0.8457279672369766,0.8171482440610254,-1.0312034983588512,0.2312168070201902,0.3852254525067455,-0.3070404114643112,-1.7482726139334548,0.0,1.0,0.0,0.0,1.0,0.0,0.0,0.0,0.0,0.0,0.0,0.0,0.0,1.0,490.43,0,2025-09-02 12:00:00
0.6931471805599453,-0.6375122488088388,0.6359259587835336,0.34394706421049176,-0.0033961765760520558,-0.581715287563376,-1.5756420882610245,-0.29738871651011917,-1.5405727988686648,-0.031042877809882335,0.0,0.0,1.0,1.0,0.0,0.0,0.0,0.0,0.0,0.0,0.0,0.0,0.0,1.0,479.15,0,2025-02-09 18:00:00
1.0986122886681098,-0.8684497952618879,-0.7002427591897972,-0.20092136216015583,0.5997759501729573,2.3015303340158897,0.22957867565547443,-1.357302353492669,0.1640000251817688,1.1233682651739938,1.0,0.0,0.0,0.0,0.0,1.0,0.0,0.0,0.0,1.0,0.0,0.0,0.0,0.0,504.71,0,2025-02-10 00:00:00
1.0986122886681098,-0.8684497952618879,0.11183118074292268,0.36080326075695085,-0.0033961765760520558,-0.23004316409126874,2.0388947679837623,1.386392900398147,-0.40444457283862123,-0.49603001815433484,0.0,0.0,1.0,0.0,0.0,1.0,0.0,0.0,0.0,0.0,1.0,0.0,0.0,0.0,512.27,0,2025-10-02 06:00:00
0.0,-0.8684497952618879,-0.40528779874737525,-0.13247055482716022,0.5968968469426521,-0.7400841908488284,-1.235729830082555,0.8924284653641249,-1.658523150532869,-1.1129436498984602,1.0,0.0,0.0,0.0,0.0,1.0,0.0,0.0,0.0,0.0,0.0,0.0,0.0,1.0,492.08,0,2025-02-10 12:00:00
0.0,-1.330324888167986,-0.36904397584468956,-0.8772153386101543,-2.044680366862675,1.2441850091394868,0.05921301372506087,1.1629918996289914,-0.14495379917737244,-1.4317590901841366,1.0,0.0,0.0,1.0,0.0,0.0,0.0,1.0,0.0,0.0,0.0,0.0,0.0,0.0,512.27,0,2025-02-10 18:00:00
0.0,-0.8684497952618879,0.45758815236693845,0.13722562606484343,-1.2586851849892646,-0.9566769556362853,-0.1930592164411285,1.5684233454693108,-0.5992528955872424,-1.3304747625843552,1.0,0.0,0.0,0.0,0.0,1.0,0.0,0.0,0.0,0.0,0.0,0.0,0.0,1.0,511.21,0,2025-11-02 00:00:00
0.6931471805599453,0.5171754834564067,0.617273280051187,0.6697729071155514,2.6518567775732276,-0.4326622021182441,0.003151801539676747,1.4832000007314479,0.6791767224505826,0.9138938603653545,1.0,0.0,0.0,0.0,0.0,1.0,1.0,0.0,0.0,0.0,0.0,0.0,0.0,0.0,564.49,1,2025-02-11 06:00:00
0.0,-0.6375122488088388,-0.868116867780928,-1.1017339866623803,-0.0033961765760520558,1.3443300509229348,0.22056895314953914,0.7484589315351134,0.14117092485966445,-0.2485739904957773,0.0,0.0,1.0,1.0,0.0,0.0,0.0,1.0,0.0,0.0,0.0,0.0,0.0,0.0,537.42,0,2025-02-11 12:00:00
0.0,0.9790505763625049,-1.3471722508336785,-1.367323119114404,0.05130678479975345,0.07970777909939523,1.1502085026255953,0.16844374064926848,-0.1784364796497915,-1.088773526266694,0.0,0.0,1.0,1.0,0.0,0.0,0.0,0.0,1.0,0.0,0.0,0.0,0.0,0.0,473.09,0,2025-11-02 18:00:00
0.0,1.209988122815554,-1.2939438749389256,-0.9738737420817,0.2571626657665988,-1.601797341078497,0.11327134876067321,0.736047764825716,1.0459642676257206,0.5962293783478568,1.0,0.0,0.0,1.0,0.0,0.0,1.0,0.0,0.0,0.0,0.0,0.0,0.0,0.0,520.06,0,2025-02-12 00:00:00
0.0,0.9790505763625049,-0.16932383039344492,-0.33645396067948785,-0.12431851224888393,0.6060514870775179,1.2853543402146248,-0.12694202703439295,-0.07722746822179714,-0.6962967568175396,0.0,0.0,1.0,0.0,0.0,1.0,0.0,0.0,0.0,0.0,0.0,0.0,1.0,0.0,479.6,0,2025-02-12 06:00:00
0.0,0.28623793700335765,-1.4272422863676606,-1.1975651169285748,0.7077423213094151,-0.3790962495364006,-0.085761612052262,-1.0561247080112888,-0.29182101124957494,0.1933939844850884,1.0,0.0,0.0,1.0,0.0,0.0,0.0,0.0,0.0,0.0,0.0,0.0,1.0,0.0,452.8,0,2025-12-02 12:00:00
0.6931471805599453,-0.6375122488088388,1.0986033800225146,1.7376055015102867,-0.08401106702460642,1.6494230851934393,-0.314280937430077,-0.34537856111978965,-0.7484030176916554,-0.7078063394993329,0.0,1.0,0.0,1.0,0.0,0.0,0.0,0.0,0.0,1.0,0.0,0.0,0.0,0.0,495.06,1,2025-02-12 18:00:00
0.0,1.4409256692686032,2.3082978373228467,1.9840284079090713,2.3128423722047495,-0.6003469232440171,0.003151801539676747,-0.06323137125948557,1.5923407353347439,0.9806494399197558,1.0,0.0,0.0,0.0,0.0,1.0,0.0,0.0,0.0,0.0,0.0,0.0,1.0,0.0,512.27,1,2025-02-13 00:00:00
0.0,-0.8684497952618879,0.48943418922704196,0.9901226854339717,-1.1766307429255567,1.1370531039757983,-1.756655604062089,-1.5252668096265156,-0.6099064757375576,0.3119426861075605,0.0,0.0,1.0,0.0,1.0,0.0,0.0,0.0,0.0,0.0,0.0,0.0,1.0,0.0,477.3,0,2025-02-13 06:00:00
0.6931471805599453,-0.1756371559027406,0.5180956224011377,0.7190574883953089,-0.029308105648801562,1.8962922579619392,0.3008373900205997,1.2589715888483324,2.7076374073208673,-0.19678086842770717,1.0,0.0,0.0,1.0,0.0,0.0,0.0,0.0,0.0,0.0,0.0,0.0,1.0,0.0,573.29,0,2025-02-13 12:00:00
1.3862943611198906,-0.1756371559027406,-0.5041621608082809,-1.1753023647166136,-1.0053241007223774,-0.8565319138528376,2.048723556172056,1.4740984784778897,1.5489654447227457,0.28662160420761523,1.0,0.0,0.0,1.0,0.0,0.0,0.0,0.0,0.0,0.0,0.0,0.0,1.0,0.0,564.97,0,2025-02-13 18:00:00
0.6931471805599453,0.9790505763625049,-0.6115287993652175,-1.0976269382224004,0.5479520920274576,-0.16716139366910307,0.4802127744569486,-0.2270587718235331,-0.29714780132473256,0.11512882224889386,0.0,1.0,0.0,0.0,0.0,1.0,0.0,0.0,0.0,0.0,1.0,0.0,0.0,0.0,531.34,0,2025-02-14 00:00:00
0.6931471805599453,0.28623793700335765,-1.6988434864459945,-1.9505239975915287,-0.13151627032464824,0.44302467487190433,0.7046367714229745,0.03771278464361441,-2.564077463309662,0.946120691874376,0.0,0.0,1.0,0.0,1.0,0.0,1.0,0.0,0.0,0.0,0.0,0.0,0.0,0.0,475.52,0,2025-02-14 06:00:00
0.6931471805599453,0.9790505763625049,0.6618071823904763,0.17145102973134183,1.0661906734824542,-0.8635187772330783,-0.3765299292892665,1.2366314887714167,1.3305670516412842,-0.27849890546843986,0.0,0.0,1.0,0.0,0.0,1.0,0.0,0.0,0.0,0.0,0.0,0.0,0.0,1.0,552.47,1,2025-02-14 12:00:00
0.0,1.4409256692686032,0.32929411815907805,0.23705774797608153,1.7989224455952122,0.31959008848765436,-0.2102595957706415,-0.10460192695747737,0.247706726362817,-0.25317782356849466,0.0,1.0,0.0,0.0,0.0,1.0,0.0,0.0,0.0,0.0,1.0,0.0,0.0,0.0,543.5,0,2025-02-14 18:00:00
0.0,-0.4065747023557897,0.006284315720857921,-0.5897219478115718,0.28451414645450157,-0.19976675611022576,0.9978622857070512,0.705433553609202,-0.9614746206979596,0.9392149422652997,1.0,0.0,0.0,1.0,0.0,0.0,0.0,0.0,0.0,0.0,0.0,0.0,0.0,1.0,500.23,0,2025-02-15 00:00:00
1.0986122886681098,1.4409256692686032,-1.1156060685223306,-0.42291832018854736,0.5940177437123462,-0.2207273462509482,2.003674943642378,0.10390567376040129,0.02245960318472391,1.6574129016092067,0.0,0.0,1.0,1.0,0.0,0.0,0.0,0.0,0.0,0.0,0.0,0.0,0.0,1.0,512.27,1,2025-02-15 06:00:00
0.0,-1.0993873417149371,0.006284315720857921,0.22621167559773855,-0.2725923286096192,0.08669464247963604,1.4925779578511376,-0.7441907180484305,-0.8237390487545988,-1.8875385643831546,0.0,1.0,0.0,0.0,0.0,1.0,0.0,1.0,0.0,0.0,0.0,0.0,0.0,0.0,482.16,0,2025-02-15 12:00:00
0.6931471805599453,1.4409256692686032,-1.0748128117824804,-1.2008821007681887,1.1108167735521894,0.10998418708043821,0.8209440983177757,1.073631499321329,1.744534737482104,0.3487733506892993,1.0,0.0,0.0,0.0,1.0,0.0,0.0,0.0,0.0,1.0,0.0,0.0,0.0,0.0,563.91,0,2025-02-15 18:00:00
0.0,-1.0993873417149371,-0.6574780811205087,-1.6082699609265496,-1.1291255396255153,0.2078002744038063,0.0641274078192076,-1.0164089745412166,-0.2986697413462059,0.2981311868894084,0.0,0.0,1.0,0.0,1.0,0.0,0.0,1.0,0.0,0.0,0.0,0.0,0.0,0.0,476.03,0,2025-02-16 00:00:00
0.0,1.209988122815554,-0.34538691989146314,-0.29538347627968997,0.49324913065165277,-0.5910311054036965,0.23613120111433694,-0.9063632963845584,1.640281846011162,1.0416502281332607,0.0,1.0,0.0,1.0,0.0,0.0,1.0,0.0,0.0,0.0,0.0,0.0,0.0,0.0,520.52,0,2025-02-16 06:00:00
0.6931471805599453,-0.4065747023557897,-0.6770406466202913,-0.0010199822602967896,-0.0033961765760520558,-0.5467809706621736,-0.7107087276912316,0.7161898980906799,0.28042843682449936,1.213143010091982,1.0,0.0,0.0,0.0,1.0,0.0,0.0,0.0,0.0,0.0,0.0,0.0,0.0,1.0,518.79,0,2025-02-16 12:00:00
1.3862943611198906,1.6718632157216522,-1.0738018264853282,-0.8991195969567131,2.4553579821048737,-0.0879769420263777,-1.3938095067776022,0.7807279649795471,0.368700958069968,0.6019841696887539,1.0,0.0,0.0,1.0,0.0,0.0,0.0,0.0,0.0,0.0,0.0,0.0,0.0,1.0,525.11,0,2025-02-16 18:00:00
0.0,-1.330324888167986,1.1763986986379145,2.053848231388727,-0.9074345908919894,-0.011121444843732047,-1.0776501533875076,1.6304791790162987,-0.8922263497209107,1.072726101374103,0.0,1.0,0.0,0.0,1.0,0.0,0.0,0.0,0.0,0.0,0.0,0.0,0.0,1.0,536.55,0,2025-02-17 00:00:00
0.6931471805599453,-0.1756371559027406,-0.6242672141092538,0.01401417286545113,-0.056659586336704315,-0.42334638427792354,0.07887059010164722,0.7840376094353865,0.43338340898259614,-0.22210195032765237,1.0,0.0,0.0,1.0,0.0,0.0,0.0,0.0,0.0,0.0,0.0,0.0,0.0,1.0,528.14,0,2025-02-17 06:00:00
0.6931471805599453,1.4409256692686032,-0.7624183549642914,-0.3290944912761274,0.9697407152672185,0.37548499552957926,-0.2569463396650337,-1.6005612209968607,1.3092598913406537,1.0335935202560058,0.0,0.0,1.0,0.0,1.0,0.0,0.0,0.0,0.0,0.0,0.0,1.0,0.0,0.0,529.35,0,2025-02-17 12:00:00
0.0,-1.5612624346210353,0.41891796475109366,-0.0996141673073222,0.29171190453026524,-1.867298149527638,-1.4142861488365461,1.2664182888739708,0.28271134685670934,0.12088361358979043,1.0,0.0,0.0,0.0,1.0,0.0,0.0,0.0,0.0,0.0,1.0,0.0,0.0,0.0,544.27,0,2025-02-17 18:00:00
0.0,-0.8684497952618879,-0.5505663859472926,-0.7594799499974011,0.11320750425132264,-0.7307683730085078,-0.007131306545917726,-0.247744049672529,-0.5924041654906115,-1.4386648397932127,1.0,0.0,0.0,1.0,0.0,0.0,0.0,0.0,0.0,0.0,0.0,0.0,0.0,1.0,474.98,0,2025-02-18 00:00:00
0.0,-1.330324888167986,-1.2079595754166383,-1.1523875840887972,-1.5725074370925676,-0.25799061761223036,-0.283156441500482,-1.6559977656321698,-0.37628868244135977,0.5524929641570422,0.0,0.0,1.0,1.0,0.0,0.0,0.0,0.0,0.0,0.0,1.0,0.0,0.0,0.0,471.11,0,2025-02-18 06:00:00
0.6931471805599453,-0.6375122488088388,0.3151908732638905,-0.1037212157473009,-0.7217324325372823,-0.8611898227729986,-1.122698765917184,0.32565185230163735,0.2712967966956574,0.23022464906682727,1.0,0.0,0.0,0.0,1.0,0.0,0.0,0.0,0.0,0.0,0.0,1.0,0.0,0.0,529.56,0,2025-02-18 12:00:00
0.0,-0.4065747023557897,0.11319601089406886,0.3247808381572526,-0.4957228289582978,1.7425812635966462,-0.3339385138066628,-1.0941856192534412,-0.5216339544920885,-0.9126769112352553,1.0,0.0,0.0,1.0,0.0,0.0,0.0,1.0,0.0,0.0,0.0,0.0,0.0,0.0,476.44,0,2025-02-18 18:00:00
0.0,0.5171754834564067,0.8556636131182712,0.9257789265409561,0.4860513725758891,0.05408928003851335,-0.2856136385475554,-0.24029734964689048,-0.8420023290122816,-0.26123453144574965,0.0,1.0,0.0,0.0,0.0,1.0,0.0,0.0,0.0,0.0,0.0,1.0,0.0,0.0,489.65,0,2025-02-19 00:00:00
0.0,-0.8684497952618879,-0.5501114425635771,-1.034652195476045,-1.186707604231626,0.22177400116428628,-0.5763819557845593,-0.04916538232216836,-1.0900785525124788,-1.73906494778802,0.0,0.0,1.0,0.0,1.0,0.0,0.0,0.0,0.0,0.0,0.0,0.0,1.0,0.0,512.27,0,2025-02-19 06:00:00
0.0,-1.0993873417149371,-0.48277982177364176,0.12079743230492503,-0.6353593356281161,-0.4699254734795279,0.940527687942009,-1.428459709293215,-0.6646963165106072,0.018448327721829375,1.0,0.0,0.0,0.0,0.0,1.0,0.0,0.0,0.0,0.0,0.0,1.0,0.0,0.0,512.27,0,2025-02-19 12:00:00
0.6931471805599453,-1.0993873417149371,-0.5473817822612848,-0.4623734112201267,0.021076200881545482,0.01915496313731093,-1.84020030366258,1.2697279333298102,0.16019517512808445,-0.14728966289599546,1.0,0.0,0.0,1.0,0.0,0.0,0.0,0.0,0.0,1.0,0.0,0.0,0.0,0.0,531.71,0,2025-02-19 18:00:00
0.6931471805599453,1.6718632157216522,0.24103510171821385,-0.628054399918049,0.47597451126981954,-1.2384804453059877,-1.9221068718983558,0.08735745148120456,1.800846518276627,-1.2142279774982419,0.0,0.0,1.0,0.0,0.0,1.0,0.0,1.0,0.0,0.0,0.0,0.0,0.0,0.0,524.96,0,2025-02-20 00:00:00
0.0,1.6718632157216522,0.006284315720857921,-0.5979360446915317,-0.0033961765760520558,-0.1415428946082212,0.03300291188961259,1.6677126791444912,-0.5870773754154538,-0.46380318664531334,0.0,0.0,1.0,1.0,0.0,0.0,1.0,0.0,0.0,0.0,0.0,0.0,0.0,0.0,536.21,0,2025-02-20 06:00:00
0.0,-0.8684497952618879,1.1218054925920204,1.1297623323932837,-1.0441919943315023,-0.9473611377959648,0.1239192026313237,-0.0706780712851241,-0.8990750798175416,0.12088361358979043,0.0,1.0,0.0,0.0,1.0,0.0,0.0,0.0,0.0,0.0,0.0,1.0,0.0,0.0,476.38,0,2025-02-20 12:00:00
0.6931471805599453,-1.0993873417149371,-0.20389952755585117,0.26454412770421565,-1.2025426719983063,-0.2556616631521506,0.4269735051036944,0.38108839693694635,-0.7712321180137591,-1.0910754428030527,1.0,0.0,0.0,1.0,0.0,0.0,0.0,0.0,0.0,0.0,0.0,1.0,0.0,0.0,493.71,0,2025-02-20 18:00:00
0.6931471805599453,-1.5612624346210353,-0.39634057886763396,-0.5365640847866893,0.0009224782694064082,-2.647497893654499,-0.5002088473252878,1.1365147439822765,0.09855660425840398,-0.4545955204998786,1.0,0.0,0.0,1.0,0.0,0.0,0.0,0.0,0.0,0.0,0.0,0.0,1.0,0.0,524.07,0,2025-02-21 00:00:00
1.6094379124341003,1.6718632157216522,0.1360948278744311,0.5027529372230416,1.9759872942590022,-1.1476512213628605,-0.8728837327980681,-0.9493886743104699,0.16856584524618923,-1.0565466947576725,1.0,0.0,0.0,1.0,0.0,0.0,0.0,0.0,0.0,0.0,0.0,0.0,0.0,1.0,558.41,1,2025-02-21 06:00:00
1.791759469228055,0.7481130299094558,0.6955235420503073,0.6998912623420698,1.1899921123855919,1.570238633550714,0.02235505801896152,1.4724436562499699,-0.10690529864053241,1.8104903512770587,1.0,0.0,0.0,0.0,1.0,0.0,0.0,0.0,0.0,1.0,0.0,0.0,0.0,0.0,581.58,0,2025-02-21 12:00:00
1.3862943611198906,0.9790505763625049,1.1309043602663336,0.37406541943700905,0.5940177437123462,0.9064866124278613,-0.40437816248943,-1.044540952415851,-0.9120115700000674,0.6445696256113893,0.0,1.0,0.0,1.0,0.0,0.0,0.0,0.0,0.0,0.0,0.0,0.0,1.0,0.0,468.74,0,2025-02-21 18:00:00
0.0,-0.6375122488088388,-0.15249092519595978,-0.8330436085431396,-0.7303697422281992,1.4188565936455007,0.003151801539676747,1.7744487128453101,0.17921942539650448,-1.7102909910835367,1.0,0.0,0.0,0.0,1.0,0.0,0.0,0.0,0.0,0.0,0.0,1.0,0.0,0.0,540.72,0,2025-02-22 00:00:00
0.0,0.5171754834564067,1.8847455470834311,2.2222372174278973,-0.5489862387189507,1.488725227447907,-0.2888899012769863,0.5358142752474356,0.046810643528301554,-1.309757513757127,0.0,1.0,0.0,0.0,1.0,0.0,0.0,0.0,1.0,0.0,0.0,0.0,0.0,0.0,481.14,1,2025-02-22 06:00:00
0.0,-1.5612624346210353,0.9357336486522532,1.4008275294319465,-0.7865122552191569,0.741130845762168,-0.022693554510714944,0.11631684046979883,-1.2247702444128925,0.6606830413658998,0.0,1.0,0.0,0.0,1.0,0.0,0.0,0.0,0.0,0.0,0.0,0.0,1.0,0.0,507.04,0,2025-02-22 12:00:00
1.3862943611198906,0.7481130299094558,1.2664774886136454,1.2810130274241351,0.8963235828944272,-0.4396490654984849,2.4631707914450804,-0.9560079632221485,0.049093553560512045,1.3029177550099709,0.0,1.0,0.0,0.0,1.0,0.0,1.0,0.0,0.0,0.0,0.0,0.0,0.0,0.0,577.51,0,2025-02-22 18:00:00
0.6931471805599453,0.28623793700335765,0.1609650661842319,0.8450069738880208,1.0373996411793989,-1.0521640884995738,-0.16193472051153407,0.29172799662928406,1.1319538788389791,-0.1841203274777343,1.0,0.0,0.0,0.0,1.0,0.0,0.0,0.0,0.0,0.0,1.0,0.0,0.0,0.0,548.63,0,2025-02-23 00:00:00
1.0986122886681098,-0.6375122488088388,-0.41388117377312256,0.11532136771828475,-0.6814249873130047,1.237198145759246,0.5760434592928064,0.2354640408800152,-1.179873013779421,0.37869826566196185,0.0,0.0,1.0,0.0,1.0,0.0,0.0,0.0,0.0,0.0,0.0,0.0,0.0,1.0,537.56,0,2025-02-23 06:00:00
1.0986122886681098,0.7481130299094558,-0.21754782906732334,0.11395235157162559,0.4860513725758891,0.1029973237001974,0.6653216186698018,1.7322507460333585,-0.4828244839445118,0.3798492239301416,0.0,1.0,0.0,1.0,0.0,0.0,0.0,0.0,0.0,0.0,0.0,1.0,0.0,0.0,554.84,1,2025-02-23 12:00:00
0.6931471805599453,0.5171754834564067,1.322890468194406,0.7406293045633671,0.501886440342569,2.6485445485678376,0.7488663182702934,1.215118799808461,1.3381767517486522,0.6514753752204652,0.0,1.0,0.0,0.0,1.0,0.0,0.0,0.0,0.0,0.0,0.0,0.0,0.0,1.0,609.5,0,2025-02-23 18:00:00
0.0,-0.1756371559027406,2.487545530506878,2.626268107710906,0.4068760337424867,-0.3464908870952779,0.31394244093832363,-0.007794826624176564,-0.010262107276958496,1.1509912636102981,1.0,0.0,0.0,0.0,0.0,1.0,1.0,0.0,0.0,0.0,0.0,0.0,0.0,0.0,517.27,1,2025-02-24 00:00:00
0.0,-1.0993873417149371,0.006284315720857921,0.10481711990133315,-1.871934173044343,2.1035692049090757,0.22056895314953914,-0.3313125721824724,0.16704390522471593,-1.163585813698351,1.0,0.0,0.0,0.0,0.0,1.0,0.0,0.0,0.0,0.0,1.0,0.0,0.0,0.0,438.65,0,2025-02-24 06:00:00
0.0,-1.5612624346210353,-0.5579465786164602,-0.7060883202776648,-0.8167428391373649,-0.12989812230782094,0.12801453104311283,-0.34124150554999044,-0.26062124080936583,-0.1265724140687671,0.0,0.0,1.0,0.0,1.0,0.0,0.0,0.0,0.0,0.0,0.0,0.0,1.0,0.0,480.96,0,2025-02-24 12:00:00
0.0,1.6718632157216522,-0.43546570986719413,-0.7305358839969748,1.3137935512887295,1.435159274866062,-0.536247737349029,-0.3710283056525445,0.6190600916023754,1.0059705218197015,1.0,0.0,0.0,0.0,1.0,0.0,0.0,0.0,0.0,0.0,0.0,1.0,0.0,0.0,546.66,0,2025-02-24 18:00:00
0.6931471805599453,-0.6375122488088388,-0.46973811144045163,-0.31865675077290784,-1.2298941526862093,1.8147788518591323,0.003151801539676747,-1.6386221322390133,-0.5802286453188223,-0.4891242685452588,1.0,0.0,0.0,0.0,1.0,0.0,0.0,0.0,0.0,0.0,0.0,0.0,0.0,1.0,479.06,0,2025-02-25 00:00:00
0.0,-0.6375122488088388,2.240966216532906,1.2052177209687305,-1.8949669988867874,-1.0358614072790124,2.023332520018965,-1.5608454875267888,0.4973048898844871,2.1776460388262677,0.0,1.0,0.0,0.0,0.0,1.0,0.0,0.0,0.0,1.0,0.0,0.0,0.0,0.0,477.13,0,2025-02-25 06:00:00
0.6931471805599453,0.7481130299094558,0.42528717212311434,0.701260278488729,-0.0033961765760520558,-0.4722544279396076,0.003151801539676747,0.9246974988085586,1.3473083918774935,-0.0034198793735781964,0.0,1.0,0.0,0.0,0.0,1.0,0.0,0.0,0.0,0.0,0.0,1.0,0.0,0.0,572.68,0,2025-02-25 12:00:00
0.6931471805599453,-0.8684497952618879,-0.7766732476540508,-1.175660858582016,0.20533880762109916,-1.0475061795794125,0.3286856232207632,-0.8029369071395789,0.6365624018493221,0.25554573096677297,0.0,0.0,1.0,0.0,0.0,1.0,0.0,0.0,0.0,1.0,0.0,0.0,0.0,0.0,528.33,0,2025-02-25 18:00:00
0.0,-0.4065747023557897,-1.1424477281615646,-0.8717392740235153,0.7278960439215535,-1.2524541720664693,0.870907104941599,-0.2568455719260872,-1.253687104820891,2.247854493185207,1.0,0.0,0.0,0.0,0.0,1.0,0.0,0.0,0.0,0.0,0.0,0.0,1.0,0.0,468.59,0,2025-02-26 00:00:00
1.6094379124341003,0.7481130299094558,-1.0090987674679741,-1.1779452894747104,0.8085109343701085,0.7341439823819272,-0.8245588575389601,0.7401848203955151,1.4774342637134865,2.10283375139461,0.0,0.0,1.0,0.0,0.0,1.0,1.0,0.0,0.0,0.0,0.0,0.0,0.0,0.0,612.3062500000001,0,2025-02-26 06:00:00
0.6931471805599453,0.28623793700335765,-1.8330517846421601,-1.7985632053122782,1.4750233321858397,-0.16949034812918445,-0.22664090941779688,0.4249411859768176,-0.22409468029399965,2.6633504279979476,1.0,0.0,0.0,1.0,0.0,0.0,0.0,0.0,1.0,0.0,0.0,0.0,0.0,0.0,501.37,0,2025-02-26 12:00:00
0.6931471805599453,-1.5612624346210353,2.613053036489475,2.626268107710906,-0.6756667808523936,0.617696259377918,1.4917588921687794,0.9288345543783577,-0.7818856981640744,3.600230458295929,0.0,1.0,0.0,1.0,0.0,0.0,0.0,0.0,0.0,0.0,0.0,1.0,0.0,0.0,512.27,0,2025-02-27 00:00:00
0.0,-0.1756371559027406,-0.1429371141379313,0.7587589566484464,-0.4626131418097846,-1.911548284269161,-0.7279091070207446,-1.1363835860653928,0.6791767224505826,-0.9000163702852825,1.0,0.0,0.0,0.0,0.0,1.0,0.0,1.0,0.0,0.0,0.0,0.0,0.0,0.0,479.77,0,2025-02-27 06:00:00
0.0,0.05530039055030851,-1.4349763238908275,-0.6485896421179485,-0.3172184286793552,1.3839222767442982,-0.4453314466073179,-0.04337350452444951,0.5056755600025924,0.12778936319886622,1.0,0.0,0.0,0.0,1.0,0.0,0.0,0.0,1.0,0.0,0.0,0.0,0.0,0.0,492.07,0,2025-02-27 12:00:00
0.6931471805599453,0.5171754834564067,0.894333800734116,0.9600043302074533,-0.0033961765760520558,-0.33018820587471653,2.174040605572793,-1.3184140311365566,-0.038417997674220467,-1.8058205273424215,1.0,0.0,0.0,0.0,0.0,1.0,0.0,0.0,0.0,0.0,0.0,0.0,1.0,0.0,522.02,0,2025-02-27 18:00:00
0.0,-1.0993873417149371,-1.5752505338698704,-1.4508331040606588,-0.0033961765760520558,0.5944067147771159,0.003151801539676747,0.16099704062362996,0.31999887738281274,0.6975137059476387,0.0,0.0,1.0,1.0,0.0,0.0,0.0,0.0,1.0,0.0,0.0,0.0,0.0,0.0,512.27,0,2025-02-28 00:00:00
0.0,-1.0993873417149371,1.4489097854836843,1.695291483255736,-0.08545061863975968,0.0011055660716877238,1.8218423621589561,-1.3556475312647494,-0.31693302160388925,-0.5869557213405024,0.0,1.0,0.0,1.0,0.0,0.0,0.0,1.0,0.0,0.0,0.0,0.0,0.0,0.0,492.39,0,2025-02-28 06:00:00
0.6931471805599453,0.9790505763625049,0.006284315720857921,-0.5689399130733696,0.34929396913637595,1.4724225462273457,0.2328549383849054,1.5857989788624676,-0.14647573919884574,0.7101742468976115,0.0,0.0,1.0,1.0,0.0,0.0,1.0,0.0,0.0,0.0,0.0,0.0,0.0,0.0,501.43,0,2025-02-28 12:00:00
0.6931471805599453,0.7481130299094558,-1.1333488604872464,-1.4385119587407202,0.05850454287551713,-0.07400321526589607,0.2713510254557205,0.604489397706102,-0.36106928222662354,-0.7204668804493058,0.0,0.0,1.0,0.0,1.0,0.0,0.0,1.0,0.0,0.0,0.0,0.0,0.0,0.0,525.33,0,2025-02-28 18:00:00
0.0,1.209988122815554,0.23896258185906422,0.16186791670472286,0.18806418823926593,-2.1910228194787833,-0.27087045626511574,-0.8335511183560929,0.8427852747589951,0.7400991618702741,0.0,1.0,0.0,1.0,0.0,0.0,0.0,0.0,0.0,0.0,0.0,0.0,0.0,1.0,512.13,0,2025-01-03 00:00:00
0.0,-0.6375122488088388,0.2319362340438956,-0.6800770134911261,-0.6771063324675469,0.0011055660716877238,0.9560899359068062,0.44314423048393403,-0.3374792118937831,-0.346405443291021,0.0,0.0,1.0,0.0,0.0,1.0,0.0,0.0,0.0,0.0,1.0,0.0,0.0,0.0,498.02,0,2025-03-01 06:00:00
0.0,-0.6375122488088388,-0.47686555778533646,0.5424544054761791,0.8113900376004144,-1.0475061795794125,-0.9875529283281541,0.11548942935583899,0.5117633200884867,-1.074962027048542,1.0,0.0,0.0,0.0,1.0,0.0,0.0,1.0,0.0,0.0,0.0,0.0,0.0,0.0,509.72,0,2025-01-03 18:00:00
0.0,0.5171754834564067,-1.1428015730155638,-1.0100099048361668,-0.6843040905433105,0.18916863872316358,-0.3167381344771498,-1.104941963734919,-0.2438799005731563,1.300615838473612,0.0,0.0,1.0,1.0,0.0,0.0,0.0,0.0,1.0,0.0,0.0,0.0,0.0,0.0,453.19,0,2025-03-02 00:00:00
0.6931471805599453,-1.0993873417149371,-2.0213983455005047,-2.645813073076436,-1.1492792622376542,-0.3418329781751168,0.9290607683890004,0.05260618469489146,1.0094377071103542,-0.4845204354725414,0.0,0.0,1.0,1.0,0.0,0.0,0.0,1.0,0.0,0.0,0.0,0.0,0.0,0.0,505.36,0,2025-03-02 06:00:00
0.0,1.4409256692686032,-0.10906910668353371,0.1769270943179809,0.47021630480920845,-1.3712308495305583,-0.09722853160527066,-1.3151043866807173,-0.7217690673158672,-0.5248039748588185,1.0,0.0,0.0,1.0,0.0,0.0,0.0,0.0,0.0,1.0,0.0,0.0,0.0,0.0,512.27,0,2025-02-03 12:00:00
0.0,-0.6375122488088388,-1.078300711057632,-1.4238316821476031,0.09593288486948942,0.7388018913020884,-0.45516023479561135,-1.1537592194585493,-0.42727367316072556,-0.46840701971803067,0.0,1.0,0.0,1.0,0.0,0.0,0.0,0.0,0.0,0.0,1.0,0.0,0.0,0.0,512.23,0,2025-03-02 18:00:00
0.0,1.209988122815554,0.021297447383476303,-0.3159187184795883,1.1381682542400922,-0.5560967885024941,1.0216151904954267,0.34302748569479385,-0.1708267795424234,-0.9426018262079181,0.0,1.0,0.0,1.0,0.0,0.0,0.0,0.0,0.0,0.0,0.0,0.0,1.0,0.0,530.28,0,2025-03-03 00:00:00
0.0,-0.6375122488088388,0.006284315720857921,0.4937046200212234,-0.9563793458071832,-0.3907410218368009,0.003151801539676747,0.0534335958088513,-1.1532390634036334,-1.2061712696209865,0.0,0.0,1.0,0.0,0.0,1.0,0.0,0.0,1.0,0.0,0.0,0.0,0.0,0.0,459.68,0,2025-03-03 06:00:00
0.0,0.9790505763625049,0.996696062070173,1.0051818630472311,-0.0033961765760520558,-0.44896488333880546,-0.41256881931300765,-0.6655866622222462,-0.06733485808221855,-0.5639365559769157,0.0,1.0,0.0,0.0,1.0,0.0,0.0,0.0,0.0,0.0,0.0,0.0,1.0,0.0,546.51,0,2025-03-03 12:00:00
0.0,-0.1756371559027406,0.6409303360044082,0.32751887045057215,-0.4798877611916178,1.3303563241624548,0.23858839816140973,-1.478104376130805,1.5375508945616942,-1.4444196311341095,1.0,0.0,0.0,0.0,0.0,1.0,0.0,0.0,0.0,0.0,0.0,1.0,0.0,0.0,496.42,0,2025-03-03 18:00:00
0.0,-1.5612624346210353,0.10409714321975579,-0.2344211508343187,-0.24811995115202232,-0.006463535923570952,-1.1579185902585676,-0.21464760511413555,-0.4965219441377742,-1.2614172664935948,1.0,0.0,0.0,0.0,0.0,1.0,0.0,0.0,1.0,0.0,0.0,0.0,0.0,0.0,488.7,0,2025-04-03 00:00:00
1.0986122886681098,-1.0993873417149371,1.3427057800184716,1.2557118178859956,-0.5648213064856307,0.11930000492075875,-0.8507689593744083,1.5311898453411183,-1.1676974936076323,0.561700630302477,0.0,1.0,0.0,1.0,0.0,0.0,0.0,0.0,0.0,0.0,0.0,0.0,0.0,1.0,564.77,1,2025-03-04 06:00:00
0.0,0.7481130299094558,1.5057777084481605,1.1461905261532022,1.0114877121066486,-0.4256753387380033,0.15176743583148775,0.7741086760678684,-1.3838129766568839,1.6274879866365437,0.0,1.0,0.0,0.0,1.0,0.0,0.0,0.0,0.0,1.0,0.0,0.0,0.0,0.0,463.83,0,2025-03-04 12:00:00
0.6931471805599453,-1.0993873417149371,-0.023287004220673792,-0.5691867056116736,-2.6284185468071226,0.51988017205455,0.06085114508977664,-1.4847236650424838,-2.016940025589902,-0.5627855977087365,0.0,0.0,1.0,0.0,0.0,1.0,0.0,1.0,0.0,0.0,0.0,0.0,0.0,0.0,432.26,0,2025-04-03 18:00:00
0.0,-0.6375122488088388,1.508507368750458,1.1845229782596804,-0.5878541323280749,1.4491330016265436,-0.920389542374818,1.57338781215307,-0.7522078677453391,1.2787476313782042,0.0,1.0,0.0,0.0,1.0,0.0,0.0,0.0,0.0,0.0,0.0,0.0,0.0,1.0,513.07,0,2025-03-05 00:00:00
0.6931471805599453,0.28623793700335765,0.5444823386566565,0.6369165195957133,1.5527591194040895,0.7155123467012862,-0.6738507719851329,-0.21464760511413555,-0.47521478383714366,-1.0323765711259063,1.0,0.0,0.0,0.0,1.0,0.0,0.0,0.0,0.0,0.0,0.0,0.0,0.0,1.0,521.14,0,2025-03-05 06:00:00
0.0,-0.8684497952618879,-0.20258524666955535,-0.2858003632530698,-0.0033961765760520558,0.7551045725226497,-1.0170392928930334,0.31489550782015946,-0.5581605150074552,-1.0726601105121834,1.0,0.0,0.0,0.0,0.0,1.0,1.0,0.0,0.0,0.0,0.0,0.0,0.0,0.0,505.05,0,2025-05-03 12:00:00
0.6931471805599453,-1.330324888167986,-0.7156602849712805,-1.3399427961812063,-2.30236010597502,0.6712622119597615,0.47693651172751766,-1.6841297435068041,-2.6112576039753432,0.384453057002859,0.0,1.0,0.0,1.0,0.0,0.0,0.0,0.0,0.0,0.0,0.0,0.0,0.0,1.0,416.89,0,2025-03-05 18:00:00
0.6931471805599453,0.5171754834564067,-0.635640798702149,-0.11741137721390098,0.18806418823926593,-1.4108230753519218,-1.9040874268864854,-0.6084952953590175,0.11073212443019254,0.0944115734216655,0.0,0.0,1.0,1.0,0.0,0.0,0.0,0.0,0.0,0.0,0.0,0.0,0.0,1.0,503.05,0,2025-03-06 00:00:00
0.0,0.7481130299094558,0.6045348653071455,-0.7836775496686963,-0.20061474785198113,-0.8821504129137194,-0.9646190892221368,1.0454995214466947,1.224031250138132,-1.1555291058210955,1.0,0.0,0.0,0.0,0.0,1.0,0.0,0.0,0.0,0.0,0.0,0.0,1.0,0.0,565.87,0,2025-06-03 06:00:00
0.6931471805599453,0.7481130299094558,0.8229076894907317,-0.0010199822602967896,1.6866374196132967,-0.17880616596950497,-1.8017042165917656,-0.5373379395584715,1.7673638378042078,1.2027843856783682,1.0,0.0,0.0,0.0,1.0,0.0,0.0,0.0,1.0,0.0,0.0,0.0,0.0,0.0,559.9,0,2025-03-06 12:00:00
0.0,1.6718632157216522,0.20964400824182056,-0.1252117242229803,1.4851001934919092,-0.7261104640883483,0.44171668738613407,-1.1090790193047182,-1.078664002351427,-0.7273726300583818,0.0,1.0,0.0,0.0,0.0,1.0,0.0,0.0,0.0,0.0,0.0,1.0,0.0,0.0,471.34,0,2025-03-06 18:00:00
0.0,-1.330324888167986,-0.8126137749676032,-0.0010199822602967896,-1.6041775726259286,-1.0801115420205354,-1.7419124217796493,-1.3713683424299863,-1.26814553502489,-0.8666385805080817,1.0,0.0,0.0,0.0,1.0,0.0,0.0,0.0,0.0,0.0,1.0,0.0,0.0,0.0,444.04,0,2025-07-03 00:00:00
1.0986122886681098,-0.1756371559027406,-0.011913419627778572,0.2412708532109978,-0.14879088970648147,0.0011055660716877238,0.06085114508977664,1.527880200885279,-0.8595046392592284,-0.2808008220047988,0.0,0.0,1.0,0.0,0.0,1.0,0.0,0.0,0.0,0.0,1.0,0.0,0.0,0.0,583.39,0,2025-03-07 06:00:00
0.6931471805599453,-0.8684497952618879,-0.49248528062624203,0.07829348215043765,-2.420403338417547,-1.3758887584507193,1.640828846357892,1.1389969773241562,-0.22028983024031587,-0.38093419133640094,1.0,0.0,0.0,1.0,0.0,0.0,0.0,0.0,0.0,0.0,1.0,0.0,0.0,0.0,523.87,0,2025-03-07 12:00:00
0.6931471805599453,1.4409256692686032,-1.9781787240475057,-2.1449242904172374,-0.0033961765760520558,-0.23237211855134846,1.6744105393345599,-1.5335409207661141,-0.5543556649537714,0.6687397492431554,1.0,0.0,0.0,1.0,0.0,0.0,0.0,0.0,0.0,0.0,0.0,1.0,0.0,0.0,452.76,0,2025-07-03 18:00:00
0.0,-1.330324888167986,-1.586927414051909,-1.3563709899411247,-0.5576235484098669,-0.7959790978907532,0.3229521634442589,1.1663015440848306,-0.4965219441377742,-0.41661389764996054,1.0,0.0,0.0,0.0,1.0,0.0,0.0,0.0,0.0,0.0,0.0,1.0,0.0,0.0,468.59,0,2025-03-08 06:00:00
1.3862943611198906,0.7481130299094558,-0.6165331765860869,-1.3933344259009426,-0.6799854356978521,0.11930000492075875,-0.942504315798477,-0.43556637254141173,0.1731316653106102,-0.31878244485471685,1.0,0.0,0.0,0.0,0.0,1.0,0.0,0.0,0.0,0.0,1.0,0.0,0.0,0.0,518.23,0,2025-08-03 12:00:00
0.0,-1.5612624346210353,0.6727763728645169,1.500765708138121,-1.5408373015592067,-0.4186884753577641,-1.143175407976128,0.5953878754525438,0.8268049045335223,0.48573738460264027,1.0,0.0,0.0,1.0,0.0,0.0,1.0,0.0,0.0,0.0,0.0,0.0,0.0,0.0,528.02,0,2025-03-08 18:00:00
0.0,-0.6375122488088388,1.4243428427630322,0.5792221139796252,0.10888884940586417,1.1789742842572415,-0.08166628364047344,-0.7896983293162215,-0.2766016110348387,0.5122094247707653,1.0,0.0,0.0,0.0,1.0,0.0,1.0,0.0,0.0,0.0,0.0,0.0,0.0,0.0,479.85,0,2025-03-09 00:00:00
0.0,0.7481130299094558,-1.4295170032862377,-1.1072100512490206,-0.3618445287490905,-0.13455603122798038,1.2370294649555167,-0.8186577183048158,0.6510208320533211,1.0784808927149996,1.0,0.0,0.0,1.0,0.0,0.0,0.0,0.0,0.0,0.0,0.0,0.0,0.0,1.0,495.62,0,2025-09-03 06:00:00
0.0,0.05530039055030851,-0.33992759928687327,-0.13657760326713891,0.16503136239682165,0.7644203903629703,0.6194539404577677,0.7964487761447839,-0.6738279566394486,-0.1737617030641204,1.0,0.0,0.0,0.0,1.0,0.0,0.0,0.0,0.0,0.0,0.0,0.0,0.0,1.0,512.27,0,2025-03-09 12:00:00
1.3862943611198906,0.9790505763625049,-0.3990702391699315,-0.0010199822602967896,0.8085109343701085,0.24739250022516815,-0.6730317063027748,-0.9824851188688634,-0.874724039473964,-0.40050048189545007,1.0,0.0,0.0,1.0,0.0,0.0,0.0,0.0,0.0,0.0,1.0,0.0,0.0,0.0,492.16,0,2025-03-09 18:00:00
0.0,0.28623793700335765,0.006284315720857921,0.6711419232622117,1.3137935512887295,-1.4341126199527239,0.7226562164348451,-0.45211459482060845,-0.4539076235365137,-0.9633190750351462,1.0,0.0,0.0,1.0,0.0,0.0,0.0,1.0,0.0,0.0,0.0,0.0,0.0,0.0,512.27,0,2025-10-03 00:00:00
0.6931471805599453,1.209988122815554,0.5726888284470368,0.8956605713144377,-0.0033961765760520558,-0.06002948850541444,-2.1751981677469034,-0.44301307256705025,2.4651733376498544,-0.8148454584400117,0.0,1.0,0.0,0.0,0.0,1.0,0.0,0.0,0.0,0.0,0.0,0.0,1.0,0.0,594.29,1,2025-03-10 06:00:00
1.0986122886681098,0.28623793700335765,0.5858821865747936,-0.23651578197331338,0.09305378163918357,-1.25944103544671,-0.7107087276912316,-1.1636881528260674,0.6814596324827931,-0.697447715085719,0.0,1.0,0.0,0.0,0.0,1.0,0.0,1.0,0.0,0.0,0.0,0.0,0.0,0.0,499.71,0,2025-03-10 12:00:00
0.0,-1.5612624346210353,1.4257076729141784,1.2382542804449337,-0.7390070519191154,-0.07866112418605717,0.003151801539676747,1.1927786997315455,-0.37704965245209643,-0.3371977771455863,1.0,0.0,0.0,1.0,0.0,0.0,0.0,0.0,0.0,1.0,0.0,0.0,0.0,0.0,530.21,0,2025-10-03 18:00:00
0.6931471805599453,-1.330324888167986,-0.14976126489366742,-0.0010199822602967896,-1.9655050280292727,-0.7447420997689894,0.1067188233018107,0.6557888867716118,-1.4279492372796183,0.10131732303074178,1.0,0.0,0.0,0.0,0.0,1.0,0.0,0.0,1.0,0.0,0.0,0.0,0.0,0.0,448.64,0,2025-03-11 00:00:00
1.0986122886681098,0.9790505763625049,1.3401783167756067,0.8682802483812398,0.6228087760154015,0.43603781149166354,-0.1693063116527536,1.3094436667998823,1.2095728199341331,1.470957662164154,1.0,0.0,0.0,0.0,1.0,0.0,1.0,0.0,0.0,0.0,0.0,0.0,0.0,0.0,512.27,0,2025-03-11 06:00:00
0.0,-1.5612624346210353,-1.5983009986448042,-1.255063795088291,-1.5883425048592479,0.0011055660716877238,-0.1095145168406375,0.13451988497691522,-1.8670289334747523,2.2374958687715925,0.0,0.0,1.0,0.0,0.0,1.0,0.0,0.0,0.0,0.0,0.0,0.0,1.0,0.0,512.27,0,2025-11-03 12:00:00
1.0986122886681098,-0.4065747023557897,-0.5288807513235099,0.02222826974541094,-0.44821762565825657,0.05176032557843363,-0.14227714413494771,-1.0768099858602846,-1.601450399727609,-0.8309588741945224,0.0,0.0,1.0,0.0,0.0,1.0,0.0,0.0,0.0,0.0,1.0,0.0,0.0,0.0,502.66,0,2025-03-11 18:00:00
0.0,-1.5612624346210353,-1.2015903680446178,-0.0010199822602967896,-0.7433257067645739,0.6363278950585591,0.05184142258384135,-0.7152313290598363,-1.1380196631888975,1.3915415416597798,1.0,0.0,0.0,0.0,0.0,1.0,0.0,0.0,1.0,0.0,0.0,0.0,0.0,0.0,438.1,0,2025-03-12 00:00:00
0.6931471805599453,-0.6375122488088388,-1.2984933087760848,-0.8152038664259877,-0.0033961765760520558,0.9856710640705867,0.5604812113280087,-0.45790647261832734,1.5223314943469581,1.610223612613854,1.0,0.0,0.0,1.0,0.0,0.0,0.0,0.0,0.0,0.0,1.0,0.0,0.0,0.0,509.13,1,2025-12-03 06:00:00
0.0,0.28623793700335765,0.8447449719090914,0.7697110858217258,-0.2812296383005355,-0.7657026899097102,0.17633940630222025,1.5874538010903871,1.8358511387705192,-0.43618018820900917,1.0,0.0,0.0,0.0,0.0,1.0,1.0,0.0,0.0,0.0,0.0,0.0,0.0,0.0,571.45,0,2025-03-12 12:00:00
0.0,-1.0993873417149371,-0.4750457842504697,-0.8731082901701744,-0.8296988036737399,0.05408928003851335,-0.24957474852381362,-0.8608556851167675,-0.8564607592162812,-0.1576482873096094,1.0,0.0,0.0,1.0,0.0,0.0,0.0,0.0,0.0,1.0,0.0,0.0,0.0,0.0,462.69,0,2025-03-12 18:00:00
0.6931471805599453,-0.1756371559027406,0.7148839104906575,0.504121953369702,0.7955549698337337,0.2287608645445271,0.42451630805662105,0.7219817758883987,-0.6951351169400791,1.0543107690832336,0.0,1.0,0.0,0.0,0.0,1.0,0.0,0.0,0.0,0.0,1.0,0.0,0.0,0.0,508.72,0,2025-03-13 00:00:00
0.0,1.6718632157216522,-1.0473645609649591,-1.1058410351023602,-0.0033961765760520558,1.65640994857368,0.8414207403767197,-1.2596678420454084,-0.8465681490767026,0.19799781755780577,1.0,0.0,0.0,1.0,0.0,0.0,0.0,0.0,1.0,0.0,0.0,0.0,0.0,0.0,503.15,0,2025-03-13 06:00:00
0.0,-1.330324888167986,-0.25085979460828933,-0.5774008024916322,-1.0125218587981413,-1.5179549805156103,-0.5165901609724431,1.6362710568140175,-0.4645612036868284,-0.8470722899490328,1.0,0.0,0.0,0.0,1.0,0.0,0.0,0.0,0.0,0.0,0.0,0.0,1.0,0.0,509.78,0,2025-03-13 12:00:00
0.0,-1.5612624346210353,0.4039048330884701,0.5534065346494584,-0.0033961765760520558,-0.9194136842750031,-0.028427014287219273,0.5606366086662308,-0.47978060390156463,-1.1440195231393022,1.0,0.0,0.0,0.0,0.0,1.0,0.0,1.0,0.0,0.0,0.0,0.0,0.0,0.0,503.75,0,2025-03-13 18:00:00
0.6931471805599453,-0.6375122488088388,1.5537489607977508,1.4980276758448015,-0.5849750290977697,2.974598172979063,1.1715042103668962,-0.18982527169534047,0.45849541933691046,-1.384569801188784,0.0,1.0,0.0,0.0,1.0,0.0,0.0,1.0,0.0,0.0,0.0,0.0,0.0,0.0,522.67,0,2025-03-14 00:00:00
0.6931471805599453,1.209988122815554,-1.9922819689426934,-2.577533392761771,-0.1041647896367455,-0.2510037542319895,0.003151801539676747,-0.48438362826504205,1.3001282512118122,0.9990647722106253,1.0,0.0,0.0,0.0,0.0,1.0,0.0,0.0,0.0,0.0,1.0,0.0,0.0,0.0,522.37,0,2025-03-14 06:00:00
0.0,-0.1756371559027406,-1.6610831855975856,-2.307837211869767,0.7437311116882341,-1.9464826011703633,1.8038229171470854,-0.45376941704852813,-0.2598602707986292,0.20260165063052313,0.0,0.0,1.0,1.0,0.0,0.0,0.0,0.0,0.0,0.0,0.0,0.0,0.0,1.0,504.29,0,2025-03-14 12:00:00
0.6931471805599453,0.5171754834564067,0.05996763499932109,0.2412708532109978,-0.10992299609735658,-0.5747284241831352,-1.2865119023887357,-0.9030536519287191,0.7020058227726869,-1.6723093682336183,1.0,0.0,0.0,0.0,1.0,0.0,0.0,0.0,0.0,1.0,0.0,0.0,0.0,0.0,550.73,0,2025-03-14 18:00:00
0.6931471805599453,-1.5612624346210353,0.006284315720857921,-0.83172214616409,-0.6281615775523525,-2.8664196129020363,-0.3093665433359303,0.3984640303301029,-1.2673845650141535,-0.06557162585526226,0.0,0.0,1.0,0.0,0.0,1.0,1.0,0.0,0.0,0.0,0.0,0.0,0.0,0.0,475.57,0,2025-03-15 00:00:00
0.6931471805599453,0.9790505763625049,0.26014272383427595,0.36311329026372974,0.3622499336727507,0.2869847260465317,-0.9040082287276625,1.3235096557371995,0.8671363151025727,-1.6619507438200043,1.0,0.0,0.0,0.0,1.0,0.0,0.0,0.0,0.0,0.0,0.0,0.0,0.0,1.0,585.36,0,2025-03-15 06:00:00
0.0,-1.330324888167986,0.006284315720857921,0.20402118849987827,-1.5106067176409985,0.8831970678270591,2.180593131031655,-0.8476171072934101,-0.9995231212347996,-0.1599502038459683,0.0,0.0,1.0,0.0,0.0,1.0,0.0,0.0,0.0,1.0,0.0,0.0,0.0,0.0,474.05,0,2025-03-15 12:00:00
0.0,0.7481130299094558,-0.6383704590044466,-1.2016721653685547,1.3641778578190766,-0.9194136842750031,-0.4649890229839042,0.9139411543270807,0.7050497028156341,0.46617109404359164,0.0,0.0,1.0,1.0,0.0,0.0,0.0,1.0,0.0,0.0,0.0,0.0,0.0,0.0,552.86,0,2025-03-15 18:00:00
0.6931471805599453,-1.0993873417149371,-1.0473645609649591,-1.6397573322997283,-0.2754714318399244,-0.45828070117912595,-0.46253182593683084,0.2809716521478062,-0.0992955985331643,-0.2163471589867558,0.0,0.0,1.0,0.0,1.0,0.0,0.0,0.0,0.0,0.0,1.0,0.0,0.0,0.0,505.68,0,2025-03-16 00:00:00
1.0986122886681098,1.209988122815554,-0.5896915169468527,0.25222298238427715,1.087783947709745,1.0043026997512277,-0.33475757948902096,1.0024741435207831,0.5315485403676434,0.166921944316964,0.0,0.0,1.0,0.0,0.0,1.0,0.0,0.0,1.0,0.0,0.0,0.0,0.0,0.0,558.72,0,2025-03-16 06:00:00
0.0,-0.6375122488088388,0.5522163761798233,0.649237664915653,-0.05090137987609324,-1.7997584701853127,0.003151801539676747,0.9892355656974258,0.4630612394013314,-1.4662878382295168,0.0,0.0,1.0,0.0,0.0,1.0,0.0,0.0,0.0,0.0,0.0,0.0,0.0,1.0,554.59,0,2025-03-16 12:00:00
0.0,-1.0993873417149371,0.37660823006552574,0.1221664484515854,-1.1060927137830712,0.0011055660716877238,-0.2929852296887749,-1.5500891430453108,-1.8784434836358042,-0.05866587624618647,0.0,1.0,0.0,1.0,0.0,0.0,0.0,0.0,1.0,0.0,0.0,0.0,0.0,0.0,457.83,0,2025-03-16 18:00:00
1.0986122886681098,-0.4065747023557897,-0.6674868355622577,-1.0672256201444603,-0.36328408036424376,-0.20442466503038687,-0.1005047943347022,-1.6121449765922984,-1.1433464532640547,0.05873186710810586,0.0,0.0,1.0,0.0,1.0,0.0,0.0,0.0,0.0,0.0,1.0,0.0,0.0,0.0,506.12,0,2025-03-17 00:00:00
0.6931471805599453,-1.5612624346210353,0.079985143882814,-0.18996923298687649,-1.722220805068455,-0.75405791760931,-3.0008163755635233,1.4939563452129256,-0.8739630694632273,-0.5765970969268885,1.0,0.0,0.0,0.0,1.0,0.0,0.0,0.0,0.0,0.0,1.0,0.0,0.0,0.0,523.38,0,2025-03-17 06:00:00
0.0,-1.0993873417149371,2.2541090253958074,1.4473740784183846,-0.33305349644603516,-0.271964344372712,0.08624218124286674,-1.146312519432911,-1.7627760420038106,1.4030511243415729,0.0,1.0,0.0,0.0,0.0,1.0,0.0,1.0,0.0,0.0,0.0,0.0,0.0,0.0,460.73,0,2025-03-17 12:00:00
1.0986122886681098,0.28623793700335765,0.7303014362721357,1.0654258792994196,-0.24524084792171646,-1.2897174434277514,0.046927028489694614,0.31075845225036025,-0.26823094091673394,-0.5915595544132198,0.0,1.0,0.0,0.0,0.0,1.0,0.0,0.0,0.0,1.0,0.0,0.0,0.0,0.0,483.65,0,2025-03-17 18:00:00
1.0986122886681098,-0.6375122488088388,0.16915404709111417,-0.23651578197331338,0.4169528950485562,0.2590372725255701,1.0502824893779477,0.9304893766062774,-0.6045796856624,-1.6412334949927763,0.0,0.0,1.0,0.0,1.0,0.0,1.0,0.0,0.0,0.0,0.0,0.0,0.0,0.0,502.86,0,2025-03-18 00:00:00
0.6931471805599453,-0.4065747023557897,1.9852880348846214,2.2989021216408525,-0.5619422032553254,-0.1205823044675004,1.3164788361442192,0.06418994029032916,1.0254180773358272,1.6700734425591797,0.0,1.0,0.0,0.0,0.0,1.0,0.0,0.0,0.0,0.0,0.0,1.0,0.0,0.0,543.07,0,2025-03-18 06:00:00
0.0,1.209988122815554,-0.12246466187071785,-0.3200257669195682,0.96542206042176,0.6107093959976773,-0.15456312937031397,-1.665099287885728,0.598513901312482,0.041467493085416154,1.0,0.0,0.0,0.0,1.0,0.0,0.0,0.0,0.0,0.0,0.0,0.0,1.0,0.0,462.32,0,2025-03-18 12:00:00
0.0,-1.330324888167986,0.8038000673746696,0.20841446569115976,-0.6152056130159776,0.24506354576508843,0.8315919521884274,-1.649378476720491,0.4037055785638609,-0.7170140056447677,1.0,0.0,0.0,0.0,0.0,1.0,0.0,0.0,0.0,0.0,0.0,0.0,0.0,1.0,499.38,0,2025-03-18 18:00:00
0.0,-0.4065747023557897,-0.7035284614055212,-0.856680096410256,-0.0033961765760520558,0.2520504091453293,-1.0530781829167746,0.6408954867203348,0.10464436434429826,-0.006872754178116342,1.0,0.0,0.0,1.0,0.0,0.0,0.0,0.0,1.0,0.0,0.0,0.0,0.0,0.0,512.27,0,2025-03-19 00:00:00
0.0,-1.0993873417149371,-0.27942012925267395,-1.5274980082736143,-1.1118509202436822,-1.4806917091543266,0.7840861426116763,1.4335553338938576,-0.9340797003114345,0.3015840616939465,1.0,0.0,0.0,0.0,1.0,0.0,0.0,0.0,1.0,0.0,0.0,0.0,0.0,0.0,512.27,0,2025-03-19 06:00:00
0.0,0.05530039055030851,1.0845001351273218,0.9039242985457473,-0.0033961765760520558,0.5524855344956727,-0.532971474619598,-0.4926577394046404,0.13356122475229687,0.8931766115381261,0.0,1.0,0.0,1.0,0.0,0.0,0.0,0.0,0.0,0.0,1.0,0.0,0.0,0.0,494.34,0,2025-03-19 12:00:00
0.0,-0.6375122488088388,-0.24484443209027293,-0.3200257669195682,0.034032165417920236,-0.3115565701940755,-1.1349847511525504,0.20402241854954145,0.4037055785638609,-1.1727934798437858,1.0,0.0,0.0,1.0,0.0,0.0,0.0,0.0,0.0,0.0,0.0,1.0,0.0,0.0,538.34,0,2025-03-19 18:00:00
0.0,-1.5612624346210353,0.35022151381000693,0.6944151977554296,-1.722220805068455,-0.13921394014814145,-0.1529249980055982,1.558494412101793,0.46230026939059476,-1.8863876061149754,1.0,0.0,0.0,0.0,0.0,1.0,0.0,0.0,0.0,0.0,0.0,0.0,0.0,1.0,522.19,0,2025-03-20 00:00:00
0.0,-1.330324888167986,-0.9914065247679138,-1.816360415218857,-1.1881471558467787,1.1347241495157185,1.4065760612035731,1.1811949441361076,-0.6570866164032391,-1.142868564871123,1.0,0.0,0.0,0.0,1.0,0.0,1.0,0.0,0.0,0.0,0.0,0.0,0.0,0.0,504.75,0,2025-03-20 06:00:00
0.6931471805599453,1.209988122815554,-0.8625058993817663,-0.23925381426663292,0.959663853961149,-0.7191236007081075,0.20746390223181527,0.19243866295410372,-1.036049681750166,0.026505035599084875,1.0,0.0,0.0,0.0,1.0,0.0,0.0,1.0,0.0,0.0,0.0,0.0,0.0,0.0,505.84,0,2025-03-20 12:00:00
0.6931471805599453,-1.5612624346210353,1.3210706946595445,1.5688086555468406,-0.7332488454585043,1.4514619560866233,1.5007686146747148,0.5920782309967045,-2.19576797811305,1.4893729944550236,1.0,0.0,0.0,1.0,0.0,0.0,0.0,0.0,1.0,0.0,0.0,0.0,0.0,0.0,515.38,0,2025-03-20 18:00:00
0.0,0.9790505763625049,-0.5796827625051089,0.05919170570522887,0.7005445632336513,1.5492780434099913,-0.7057943335970849,1.654474101321134,0.07877138397924677,-0.7849205434673489,1.0,0.0,0.0,1.0,0.0,0.0,0.0,0.0,1.0,0.0,0.0,0.0,0.0,0.0,554.38,0,2025-03-21 00:00:00
0.6931471805599453,1.4409256692686032,0.11410589766149966,0.06056072185188803,2.311402820589598,0.8249732063250546,1.059292211883883,1.0827330215748872,-1.5748164493518209,-0.4476897708908026,0.0,1.0,0.0,1.0,0.0,0.0,0.0,0.0,0.0,1.0,0.0,0.0,0.0,0.0,518.72,0,2025-03-21 06:00:00
0.6931471805599453,-0.1756371559027406,0.7378838260007308,1.1352383969799227,-0.2711527769944666,-0.9916112725374877,-0.6116017801259429,-0.2411247607608503,1.559619024873061,-0.7020515481584364,1.0,0.0,0.0,1.0,0.0,0.0,0.0,0.0,0.0,0.0,0.0,0.0,1.0,0.0,510.27,0,2025-03-21 12:00:00
0.6931471805599453,-0.6375122488088388,-0.7493766446311012,-1.3988104904875829,-0.6986996066948379,-2.2562335443610286,0.25087438339677653,0.7219817758883987,0.28271134685670934,-0.5869557213405024,0.0,0.0,1.0,1.0,0.0,0.0,1.0,0.0,0.0,0.0,0.0,0.0,0.0,0.0,517.77,0,2025-03-21 18:00:00
0.0,0.9790505763625049,-0.506436877726863,-0.13247055482716022,0.6544789115487628,1.1650005574967615,0.24268372657319887,-0.5431298173561905,-0.2035484900041058,-0.28655561334569535,0.0,0.0,1.0,1.0,0.0,0.0,0.0,0.0,0.0,0.0,0.0,0.0,1.0,0.0,489.45,0,2025-03-22 00:00:00
0.6931471805599453,1.6718632157216522,0.8633976506414381,0.3932316454902482,0.47453495965466697,0.15190536736188145,0.6800648009522414,1.5146416230619215,-0.3625912222480974,-0.9529604506215321,0.0,1.0,0.0,0.0,0.0,1.0,0.0,0.0,0.0,0.0,1.0,0.0,0.0,0.0,551.33,1,2025-03-22 06:00:00
0.0,-1.330324888167986,-0.3312836749962756,-1.1072100512490206,-1.7783633180594134,0.0011055660716877238,0.27626541954986666,-1.3614394090624682,0.40294460855312425,0.2072054837032405,1.0,0.0,0.0,0.0,1.0,0.0,0.0,0.0,0.0,0.0,1.0,0.0,0.0,0.0,512.27,0,2025-03-22 12:00:00
1.0986122886681098,1.6718632157216522,0.6099941859117355,-0.0010199822602967896,0.9826966798035933,1.2651455992802092,-0.6967846110911496,-0.9022262408147592,-0.3656351022910445,0.046071326158133516,0.0,1.0,0.0,0.0,1.0,0.0,0.0,0.0,0.0,0.0,0.0,1.0,0.0,0.0,540.05,0,2025-03-22 18:00:00
0.6931471805599453,1.6718632157216522,-1.748432315271019,-1.5928844764958365,2.0623603911681685,-0.8681766861532394,0.8946600097299744,-0.4835562171510822,-0.2788845210670492,3.4298886346053874,0.0,0.0,1.0,0.0,1.0,0.0,1.0,0.0,0.0,0.0,0.0,0.0,0.0,0.0,499.63,0,2025-03-23 00:00:00
0.0,-1.0993873417149371,0.31291615634530834,-0.1297325225338395,-0.940544278040503,-0.40937265751744195,1.731745137099603,-0.9841399410967829,-1.1441074232747916,-1.6654036186245424,0.0,1.0,0.0,1.0,0.0,0.0,0.0,0.0,0.0,0.0,0.0,1.0,0.0,0.0,439.84,0,2025-03-23 06:00:00
0.6931471805599453,-1.5612624346210353,0.006284315720857921,0.030442366625370754,-1.6070566758562341,0.5850908969367954,-0.5444383941726066,0.3819158080509062,-0.5231558945135623,0.5881726704706018,0.0,0.0,1.0,0.0,0.0,1.0,0.0,1.0,0.0,0.0,0.0,0.0,0.0,0.0,495.82,0,2025-03-23 12:00:00
0.0,0.7481130299094558,2.4916400209603164,1.365233109618789,1.3728151675099936,-1.1313485401422991,-1.773855983391602,0.7898294872331053,0.8526778848985732,2.804918294984007,0.0,1.0,0.0,0.0,0.0,1.0,0.0,0.0,0.0,0.0,1.0,0.0,0.0,0.0,597.62,0,2025-03-23 18:00:00
0.0,-1.330324888167986,0.4553134354483563,-0.625385234692712,-0.10128568640643965,-0.07866112418605717,0.5203469928924789,1.4079055893611028,0.5528557006682739,-0.9253374521852279,0.0,1.0,0.0,1.0,0.0,0.0,0.0,0.0,0.0,0.0,0.0,1.0,0.0,0.0,551.84,0,2025-03-24 00:00:00
0.6931471805599453,0.5171754834564067,-2.345772978089876,-1.4768444108471974,1.2043876285371198,1.1766453297971617,-0.29544242673584825,0.0559158291507308,1.1486952190751887,1.354710877078041,1.0,0.0,0.0,1.0,0.0,0.0,0.0,0.0,0.0,0.0,1.0,0.0,0.0,0.0,552.39,0,2025-03-24 06:00:00
1.3862943611198906,-1.5612624346210353,0.3079117791244338,0.6944151977554296,-1.8460222439715932,0.2567083180654903,-0.09886666296998643,0.4729310305864881,2.7076374073208673,-1.0519428616849553,0.0,1.0,0.0,1.0,0.0,0.0,0.0,0.0,1.0,0.0,0.0,0.0,0.0,0.0,514.17,0,2025-03-24 12:00:00
0.6931471805599453,0.7481130299094558,1.8092249453866032,1.1134704757948135,0.2571626657665988,1.342001096462855,0.5760434592928064,0.3959817969882234,1.217943490052238,0.11052498917617651,1.0,0.0,0.0,1.0,0.0,0.0,0.0,0.0,0.0,1.0,0.0,0.0,0.0,0.0,544.42,0,2025-03-24 18:00:00
0.6931471805599453,-0.8684497952618879,1.685480345015907,1.5035037404314406,0.44286482412130573,1.223224418998766,-0.4191213447718696,-1.6742008101392862,-0.9660404407623803,0.7964961170110616,0.0,1.0,0.0,0.0,0.0,1.0,0.0,0.0,0.0,1.0,0.0,0.0,0.0,0.0,468.94,0,2025-03-25 00:00:00
0.0,-1.330324888167986,-1.2802955734274535,-0.684184061931106,-0.9491815877314196,0.0424445077381131,-0.234831566241374,0.7757634982957881,-2.1988118581559974,0.18994110968055078,0.0,0.0,1.0,0.0,1.0,0.0,1.0,0.0,0.0,0.0,0.0,0.0,0.0,0.0,467.95,0,2025-03-25 06:00:00
0.0,-1.5612624346210353,0.049958880557572055,0.2289497078910581,-1.4659806175712629,-2.4146024476464802,-0.06856123272274958,-1.6055256876806199,-1.2399896446276286,-2.24318466925057,1.0,0.0,0.0,1.0,0.0,0.0,0.0,0.0,0.0,0.0,0.0,1.0,0.0,0.0,441.15,0,2025-03-25 12:00:00
1.0986122886681098,-1.0993873417149371,0.3684192491586383,0.38638656475694877,-0.45397583211886766,-1.1243616767620583,1.474558512839267,0.21643358525893897,-1.1813949538008948,1.453693288141464,0.0,1.0,0.0,0.0,0.0,1.0,1.0,0.0,0.0,0.0,0.0,0.0,0.0,0.0,503.18,0,2025-03-25 18:00:00
0.6931471805599453,0.28623793700335765,-1.1788431988588273,-0.5568655602917338,0.8560161376701503,0.8366179786254548,0.05921301372506087,1.7885147017826273,-0.47369284381567034,0.3142446026439194,1.0,0.0,0.0,0.0,1.0,0.0,0.0,0.0,0.0,1.0,0.0,0.0,0.0,0.0,529.7,0,2025-03-26 00:00:00
0.6931471805599453,-1.330324888167986,0.4634013178255275,0.05097760882526906,-1.4760574788773324,-1.5901525687780949,-1.1849477577763736,1.0512913992444135,-1.4119688670541455,-0.39589664882273273,0.0,1.0,0.0,0.0,1.0,0.0,0.0,0.0,0.0,0.0,0.0,1.0,0.0,0.0,487.34,0,2025-03-26 06:00:00
0.6931471805599453,1.209988122815554,0.004919485569706563,-0.0010199822602967896,1.0949817057855096,-0.3068986612739144,-1.1456326050232015,0.0741188736578472,0.0475716135390382,-0.9495075758169942,1.0,0.0,0.0,1.0,0.0,0.0,1.0,0.0,0.0,0.0,0.0,0.0,0.0,0.0,520.47,0,2025-03-26 12:00:00
0.6931471805599453,0.5171754834564067,-1.9217657444667398,-1.7605214182950888,0.9913339894945102,0.38945872229006084,0.16651061811392737,-0.5778810841425035,0.7606005135994203,1.011725313160598,0.0,0.0,1.0,0.0,0.0,1.0,0.0,0.0,0.0,0.0,0.0,0.0,0.0,1.0,534.63,0,2025-03-26 18:00:00
0.0,-0.6375122488088388,-1.0109690902676913,-1.0606635022625837,-1.2961135269832365,1.5748965424708732,-1.0801073504345804,1.2233929109480592,1.303933101265496,-0.35331119290009677,1.0,0.0,0.0,0.0,1.0,0.0,0.0,0.0,0.0,1.0,0.0,0.0,0.0,0.0,500.95,0,2025-03-27 00:00:00
0.0,1.6718632157216522,-0.9713890158844157,-1.081198744462482,1.3353868255160213,-0.567741560802896,-1.506021505260615,1.2986873223184043,-0.9241870901718565,0.36028293337109246,0.0,0.0,1.0,1.0,0.0,0.0,1.0,0.0,0.0,0.0,0.0,0.0,0.0,0.0,515.09,0,2025-03-27 06:00:00
0.6931471805599453,0.5171754834564067,0.006284315720857921,-0.6347298615159823,-0.33017439321572994,-0.6399391490653805,0.6546737647991513,-0.40743439466677733,-0.9812598409771163,-0.19332799362316902,0.0,0.0,1.0,0.0,0.0,1.0,0.0,0.0,0.0,0.0,0.0,1.0,0.0,0.0,514.62,0,2025-03-27 12:00:00
0.0,0.7481130299094558,0.7082619567943487,0.6382855357423737,-0.05953868956700953,-0.02043726268405258,0.7021795743759012,-1.3117947422248781,-0.4371662833003036,0.27856489633035975,0.0,1.0,0.0,1.0,0.0,0.0,0.0,0.0,0.0,0.0,1.0,0.0,0.0,0.0,472.23,0,2025-03-27 18:00:00
0.0,-1.0993873417149371,-1.3834160737363643,-0.0010199822602967896,-1.2831575624468614,0.4034324490505408,0.003151801539676747,0.337235607897075,0.2545554564594479,0.44775576175272225,0.0,0.0,1.0,0.0,0.0,1.0,0.0,0.0,0.0,0.0,0.0,1.0,0.0,0.0,482.82,0,2025-03-28 00:00:00
0.0,0.7481130299094558,0.19599570673034836,0.5438234216228395,0.8876862732035109,-0.12524021338765984,0.31803776935011274,0.5167838196263594,0.09855660425840398,0.05642995057174744,0.0,0.0,1.0,0.0,0.0,1.0,0.0,0.0,0.0,0.0,0.0,0.0,1.0,0.0,541.77,0,2025-03-28 06:00:00
1.0986122886681098,0.28623793700335765,-1.9495172908734049,-2.2448624691234107,-0.004835728191204664,0.0011055660716877238,0.21483549337303479,1.5601492343297125,-0.5581605150074552,1.046254061205978,0.0,0.0,1.0,1.0,0.0,0.0,0.0,0.0,0.0,1.0,0.0,0.0,0.0,0.0,509.98,0,2025-03-28 12:00:00
0.6931471805599453,1.6718632157216522,1.2751214129042483,1.0298241536871093,0.9064004442004967,-0.8029659612709941,0.003151801539676747,1.4070781782471429,1.3054550412869699,0.7746279099156546,1.0,0.0,0.0,0.0,1.0,0.0,0.0,0.0,0.0,0.0,0.0,0.0,1.0,0.0,579.71,0,2025-03-28 18:00:00
1.0986122886681098,0.05530039055030851,-1.0200679579420096,-1.079590732405554,-0.0033961765760520558,0.16122118520220197,0.6243683345519139,-0.8898150741053616,0.8853995953602556,0.05642995057174744,0.0,1.0,0.0,1.0,0.0,0.0,0.0,0.0,1.0,0.0,0.0,0.0,0.0,0.0,499.77,0,2025-03-29 00:00:00
0.6931471805599453,0.7481130299094558,-1.328974515485042,-1.0451383203803708,-0.16462595747316144,0.501248536373909,-2.531491739572528,-0.8079013738233379,0.2682529166527103,1.1625008462920912,1.0,0.0,0.0,1.0,0.0,0.0,0.0,0.0,0.0,0.0,1.0,0.0,0.0,0.0,455.53,0,2025-03-29 06:00:00
0.6931471805599453,-0.4065747023557897,0.7265102414078407,-0.3761554289326253,-0.0796924121791486,-0.38375415845656,-0.20698333304121053,1.7785857684151092,-0.9158164200537517,0.044920367889953794,0.0,1.0,0.0,1.0,0.0,0.0,0.0,1.0,0.0,0.0,0.0,0.0,0.0,0.0,529.8,0,2025-03-29 12:00:00
0.6931471805599453,-1.5612624346210353,1.5203358967270686,1.7827830343500632,-0.5605026516401728,0.9158024302681819,0.5383664379043495,-0.550576517381829,-0.3808545025057808,0.36028293337109246,1.0,0.0,0.0,0.0,0.0,1.0,0.0,0.0,0.0,0.0,1.0,0.0,0.0,0.0,482.92,0,2025-03-29 18:00:00
0.0,-1.330324888167986,0.6427501095392698,0.23853282091767827,-1.1579165719285707,0.19149759318324497,-0.3740727322421931,-0.09301817136203967,-0.749163987702392,-0.5788990134632472,0.0,1.0,0.0,1.0,0.0,0.0,0.0,0.0,1.0,0.0,0.0,0.0,0.0,0.0,485.07,0,2025-03-30 00:00:00
1.0986122886681098,1.4409256692686032,1.4370812575070737,1.8649240031496588,1.0086086088763435,0.8622364776863367,0.0649464735015652,-0.6250435176382142,0.3397840976619694,0.8160624075701107,0.0,1.0,0.0,0.0,0.0,1.0,0.0,0.0,0.0,0.0,0.0,1.0,0.0,0.0,568.8,0,2025-03-30 06:00:00
0.6931471805599453,0.9790505763625049,0.39935539925131613,0.11406735655467055,1.0071690572611909,0.23807668238484764,0.7677048289645221,-0.3189014054730749,-0.09092492841505954,-0.12887433060512604,0.0,1.0,0.0,1.0,0.0,0.0,0.0,0.0,0.0,0.0,0.0,0.0,1.0,0.0,557.16,0,2025-03-30 12:00:00
0.6931471805599453,-0.4065747023557897,-0.09198345516176051,-0.12288744180054005,-1.6718364985381085,0.42905094811142275,0.10917602034888407,0.2743523632361275,0.6738499323754249,-0.786071501735528,0.0,1.0,0.0,0.0,1.0,0.0,0.0,0.0,0.0,0.0,0.0,0.0,1.0,0.0,527.28,0,2025-03-30 18:00:00
1.0986122886681098,0.7481130299094558,-1.0173382976397172,-0.0010199822602967896,0.9265541668126358,-0.6282943767649802,1.5122355342277234,-0.6697237177920453,0.5140462301206972,0.09210965688530708,0.0,0.0,1.0,0.0,1.0,0.0,0.0,0.0,0.0,0.0,0.0,0.0,0.0,1.0,551.0,0,2025-03-31 00:00:00
0.0,-1.5612624346210353,-1.3808380612286437,-1.3960724581942634,0.7163796310003313,-0.6259654223049006,1.1371034517078702,-0.2510536941283683,0.3184769373613394,1.1337268895876078,0.0,0.0,1.0,0.0,0.0,1.0,1.0,0.0,0.0,0.0,0.0,0.0,0.0,0.0,505.05,0,2025-03-31 06:00:00
0.6931471805599453,-1.5612624346210353,-0.07105605951083166,0.5123360502496607,-1.372409762586333,0.0011055660716877238,-0.08658067773462018,-0.4603887059602068,0.5931871112373244,-0.09204366602338718,0.0,1.0,0.0,0.0,0.0,1.0,0.0,1.0,0.0,0.0,0.0,0.0,0.0,0.0,512.27,0,2025-03-31 12:00:00
0.0,0.05530039055030851,1.0776759843715857,0.9750635078207125,-0.06097824118216214,0.7015386199408046,-0.16521098324096503,-1.3109673311109182,0.43110049895038566,1.3949944164643173,0.0,1.0,0.0,0.0,1.0,0.0,0.0,0.0,0.0,0.0,0.0,0.0,0.0,1.0,452.78,0,2025-03-31 18:00:00
0.0,0.5171754834564067,-1.5359737550757382,-1.2044101976618742,0.8732907570519829,-1.0358614072790124,-2.771477984503351,1.0479817547885741,-0.26823094091673394,0.22101698292139255,0.0,0.0,1.0,0.0,1.0,0.0,0.0,0.0,0.0,1.0,0.0,0.0,0.0,0.0,545.78,0,2025-04-01 00:00:00
1.3862943611198906,1.6718632157216522,0.41891796475109366,0.3946006616369086,2.392017711038153,0.22410295562436766,0.003151801539676747,1.4112152338169421,1.6007114054528486,1.1429345557330426,1.0,0.0,0.0,0.0,0.0,1.0,1.0,0.0,0.0,0.0,0.0,0.0,0.0,0.0,591.79,0,2025-04-01 06:00:00
0.6931471805599453,0.9790505763625049,-1.1362301685841105,-0.6366176649146219,1.3972875449675906,-2.4518657190077633,-1.3004360189888178,0.023646795706297203,0.8024538641899446,-0.8712424135807991,1.0,0.0,0.0,0.0,1.0,0.0,0.0,0.0,1.0,0.0,0.0,0.0,0.0,0.0,562.07,0,2025-01-04 12:00:00
0.0,-0.8684497952618879,0.17233865077712712,-0.18977460045647632,-2.1281743605415353,-0.5654126063428146,0.24677905498498742,-0.9750384188432248,2.02381073142251,-0.1760636196004788,1.0,0.0,0.0,0.0,1.0,0.0,0.0,0.0,0.0,0.0,0.0,0.0,1.0,0.0,523.76,0,2025-04-01 18:00:00
0.0,1.209988122815554,0.34840174027514537,-0.17391705190789827,1.3181122061341881,1.0415659711125116,0.003151801539676747,0.5482254419568332,0.7514688734705788,-1.405287050016012,0.0,1.0,0.0,0.0,1.0,0.0,0.0,0.0,1.0,0.0,0.0,0.0,0.0,0.0,512.2,0,2025-04-02 00:00:00
0.0,0.05530039055030851,1.309242166682934,0.8586971353546197,1.6823187647678381,-0.09496380540661851,0.7136464939289098,0.17009856287718816,0.6487379220211106,-0.05176012663711018,1.0,0.0,0.0,0.0,0.0,1.0,1.0,0.0,0.0,0.0,0.0,0.0,0.0,0.0,541.75,0,2025-02-04 06:00:00
0.6931471805599453,1.209988122815554,-0.7149020459984112,-0.61436423845145,1.3555405481281604,0.15889223074212225,1.4024807327917848,0.22967216308229635,0.7339665632236326,0.5478891310843249,0.0,0.0,1.0,1.0,0.0,0.0,0.0,0.0,0.0,0.0,0.0,1.0,0.0,0.0,582.61,0,2025-04-02 12:00:00
0.0,-1.0993873417149371,1.3967934934158,1.1379764292732435,-1.66751784369265,-3.1249335579709365,0.0035165473247333393,0.38108839693694635,-0.5353314146853514,-0.26123453144574965,0.0,1.0,0.0,1.0,0.0,0.0,0.0,1.0,0.0,0.0,0.0,0.0,0.0,0.0,535.95,0,2025-04-02 18:00:00
0.0,-1.5612624346210353,-0.4613974827389975,-0.09276908657402155,-1.1104113686285295,-0.3767672950763209,2.270690356091008,0.8088599428541815,-0.8640704593236488,-1.1624348554301716,1.0,0.0,0.0,0.0,0.0,1.0,0.0,0.0,1.0,0.0,0.0,0.0,0.0,0.0,482.73,0,2025-03-04 00:00:00
0.0,-1.5612624346210353,-0.3426067103243152,0.29876953137071405,-2.1224161540809243,0.38945872229006084,0.2582459745379961,-1.544297265247592,-0.3587863721944136,-1.047339028612238,0.0,0.0,1.0,0.0,0.0,1.0,1.0,0.0,0.0,0.0,0.0,0.0,0.0,0.0,442.19,0,2025-04-03 06:00:00
0.0,1.6718632157216522,-1.1920871062514395,-1.5607918187189513,2.12570066223489,0.5222091265146314,-1.257844603506214,-1.3407541312134723,1.1266270887638214,1.4111078322188284,0.0,0.0,1.0,0.0,0.0,1.0,0.0,0.0,0.0,0.0,1.0,0.0,0.0,0.0,500.5,0,2025-04-03 12:00:00
0.0,-1.330324888167986,-0.18115235837006072,-0.5322232696518556,-1.7250999082987608,1.0438949255725913,-0.5223236207489476,-1.3539927090368296,0.517851080174381,-1.5503077918066086,1.0,0.0,0.0,1.0,0.0,0.0,0.0,0.0,0.0,1.0,0.0,0.0,0.0,0.0,472.84,0,2025-03-04 18:00:00
0.0,1.6718632157216522,-0.05725611020478766,-0.7567419177040815,1.3742547191251462,-0.1857930293497458,-0.33639571085373615,-1.1487947527747904,0.9333407060366742,-0.4776146858634654,1.0,0.0,0.0,0.0,0.0,1.0,0.0,0.0,0.0,0.0,0.0,0.0,1.0,0.0,528.85,0,2025-04-04 00:00:00
1.0986122886681098,0.7481130299094558,-0.6647571752599654,0.3562682095304303,0.02251575249669809,-0.13921394014814145,0.6120823493165476,1.6908801903353667,-0.1365831290592677,-0.37863227480004247,1.0,0.0,0.0,0.0,1.0,0.0,0.0,0.0,1.0,0.0,0.0,0.0,0.0,0.0,574.26,0,2025-04-04 06:00:00
0.6931471805599453,-1.0993873417149371,-1.4295170032862377,-1.1619706971154173,-1.2730807011407923,-1.359586077230158,-0.9015510316805891,0.8510579096661331,-0.7430762276164977,1.1049529328831245,1.0,0.0,0.0,1.0,0.0,0.0,0.0,1.0,0.0,0.0,0.0,0.0,0.0,0.0,464.62,0,2025-04-04 12:00:00
1.0986122886681098,1.209988122815554,-1.5916790449484954,-1.2241020825714657,1.9155261264225862,-0.17880616596950497,-0.26349886512389564,0.6226924422132184,-0.7400323475735506,2.0660030868128714,1.0,0.0,0.0,1.0,0.0,0.0,0.0,1.0,0.0,0.0,0.0,0.0,0.0,0.0,536.46,0,2025-04-04 18:00:00
0.0,-1.0993873417149371,-2.5322997654133585,-2.645813073076436,-0.0033961765760520558,-1.2873884889676717,-0.1283530275348657,0.7426670537373946,1.071837247990772,-0.19678086842770717,0.0,0.0,1.0,0.0,1.0,0.0,0.0,1.0,0.0,0.0,0.0,0.0,0.0,0.0,505.47,0,2025-04-05 00:00:00
0.0,-1.0993873417149371,-0.11639875008784592,-0.12288744180054005,-1.2817180108317088,-1.9022324664288404,0.003151801539676747,-1.5699470097803467,-0.9386455203758556,-0.014929462055371332,0.0,1.0,0.0,0.0,1.0,0.0,0.0,0.0,0.0,1.0,0.0,0.0,0.0,0.0,450.73,0,2025-05-04 06:00:00
0.0,0.28623793700335765,0.44368710453117305,0.6273334065690943,-0.5374698257977285,-1.1010721321612578,0.8274966237766377,-0.9452516187406707,0.9866086067882499,-1.09567927587577,1.0,0.0,0.0,0.0,1.0,0.0,1.0,0.0,0.0,0.0,0.0,0.0,0.0,0.0,511.15,0,2025-04-05 12:00:00
0.0,-0.6375122488088388,-0.5601201970053262,-0.0010199822602967896,-1.7567700438321217,1.6168177227523166,0.6604072245756556,1.073631499321329,-0.009501137266221846,-0.2738950723957225,0.0,1.0,0.0,0.0,1.0,0.0,0.0,0.0,0.0,1.0,0.0,0.0,0.0,0.0,535.03,0,2025-04-05 18:00:00
0.6931471805599453,-0.6375122488088388,-0.37177363614698195,-0.0010199822602967896,-1.3551351432044998,0.0011055660716877238,1.176418604461043,-0.07812477131076262,0.014849903077355796,-1.248756725543622,0.0,1.0,0.0,0.0,1.0,0.0,0.0,0.0,0.0,0.0,0.0,0.0,1.0,0.0,529.87,0,2025-06-04 00:00:00
0.6931471805599453,-1.0993873417149371,0.4867045289247496,-0.0010199822602967896,-0.0033961765760520558,0.26602413590581087,-0.29544242673584825,0.08073816256952589,-0.5520727549215609,-0.12887433060512604,0.0,0.0,1.0,1.0,0.0,0.0,0.0,0.0,0.0,0.0,0.0,0.0,1.0,0.0,495.97,0,2025-04-06 06:00:00
0.6931471805599453,0.5171754834564067,-0.9099716590827857,-1.292027231048109,1.0258832282581767,-0.5025308359206506,1.2116384288024271,0.9213878543527192,-0.5246778345350361,2.3974790680485207,0.0,0.0,1.0,0.0,0.0,1.0,0.0,0.0,0.0,0.0,0.0,1.0,0.0,0.0,512.27,0,2025-04-06 12:00:00
0.0,-1.5612624346210353,0.6477544867601442,0.07835793175846803,-1.6560014307714281,-1.8416796504667559,-1.3110838728594683,-1.4251500648373756,-1.5116559384606665,-0.32108436139107527,0.0,1.0,0.0,1.0,0.0,0.0,0.0,0.0,0.0,0.0,0.0,0.0,0.0,1.0,434.18,0,2025-06-04 18:00:00
0.0,-0.8684497952618879,0.6832400706899762,0.17966512661130166,0.28595369806965415,1.0159474720516297,-1.3348367776478431,1.089352310486566,1.2247922201488688,-0.6525603426267249,1.0,0.0,0.0,0.0,0.0,1.0,0.0,0.0,0.0,0.0,0.0,0.0,1.0,0.0,513.0,0,2025-04-07 00:00:00
1.3862943611198906,0.28623793700335765,-0.0733307764294138,0.6862011008754709,-0.26107591568839705,-2.2399308631404673,-1.163652050035072,0.6797838090764471,0.20737531579376645,-0.6675228001130562,0.0,0.0,1.0,0.0,1.0,0.0,0.0,0.0,0.0,0.0,0.0,1.0,0.0,0.0,559.94,1,2025-04-07 06:00:00
1.0986122886681098,0.05530039055030851,-0.27032126157835573,0.23853282091767827,-0.13727447678525934,-0.5467809706621736,0.03873637166611692,-0.2833227275728019,1.0391155375290895,-1.6274219957746243,0.0,1.0,0.0,0.0,0.0,1.0,0.0,0.0,0.0,0.0,0.0,0.0,1.0,0.0,584.7,0,2025-07-04 12:00:00
0.0,0.7481130299094558,-0.5778629889702421,-0.6034121092781708,-0.12143940901857872,-0.0227662171441323,1.2116384288024271,0.04929654023905212,1.5504873847442189,0.7193819130430462,0.0,0.0,1.0,0.0,0.0,1.0,1.0,0.0,0.0,0.0,0.0,0.0,0.0,0.0,489.18,0,2025-04-07 18:00:00
0.0,-0.8684497952618879,-1.7592498579504878,-1.5877874073195077,-0.0897692734852175,0.27766890820621115,-0.5624578391844772,-1.428459709293215,-0.7286177974124987,0.8505911556154907,1.0,0.0,0.0,1.0,0.0,0.0,0.0,0.0,0.0,0.0,0.0,0.0,1.0,0.0,448.91,0,2025-04-08 00:00:00
1.0986122886681098,0.5171754834564067,1.0230827783256866,0.5150740825429814,1.7499776906800184,-0.7261104640883483,-0.43877892114845596,-0.9742110077292649,0.5810115910655353,-0.05866587624618647,0.0,0.0,1.0,1.0,0.0,0.0,0.0,0.0,1.0,0.0,0.0,0.0,0.0,0.0,537.4,0,2025-08-04 06:00:00
1.0986122886681098,0.9790505763625049,-0.9213452436756809,-0.4227019779190622,-0.3762400449006185,-1.89058769412844,-0.18241136257047802,-0.8302414739002535,0.4181640087678599,-0.6870890906721051,0.0,1.0,0.0,1.0,0.0,0.0,0.0,0.0,0.0,0.0,0.0,1.0,0.0,0.0,512.27,0,2025-04-08 12:00:00
0.0,-0.4065747023557897,-1.2921746506689196,-1.3659541029677449,-0.0033961765760520558,-0.8029659612709941,0.5924247729399612,1.3640528003212316,-1.2278141244558398,0.19684685928962656,1.0,0.0,0.0,1.0,0.0,0.0,0.0,0.0,0.0,0.0,0.0,0.0,0.0,1.0,470.1,0,2025-04-08 18:00:00
1.0986122886681098,-0.8684497952618879,-0.10335703975465574,-0.235146765826653,0.08729557517857249,-0.7494000086891489,-0.4395979868308135,-1.2944191088317214,-0.5231558945135623,0.20145069236234392,0.0,1.0,0.0,0.0,1.0,0.0,0.0,0.0,0.0,1.0,0.0,0.0,0.0,0.0,465.45,0,2025-09-04 00:00:00
0.0,0.28623793700335765,-0.24939386592743204,0.04960859267860869,-0.7332488454585043,-0.7750185077500308,-0.49447538754878345,-0.6738607733618445,0.6396062818922692,-1.6665545768927215,0.0,1.0,0.0,0.0,0.0,1.0,1.0,0.0,0.0,0.0,0.0,0.0,0.0,0.0,467.74,0,2025-04-09 06:00:00
1.3862943611198906,0.28623793700335765,1.0373882202803066,0.8294504544693897,0.5709849178699019,1.0532107434129119,-1.29224536216524,-1.2282262197149345,-0.35269861210851877,1.4387308306551325,1.0,0.0,0.0,0.0,1.0,0.0,0.0,0.0,1.0,0.0,0.0,0.0,0.0,0.0,555.79,0,2025-04-09 12:00:00
0.0,-1.330324888167986,2.613053036489475,2.3370502486234876,-0.3143393254490493,-1.236151490845908,-0.5321524089372404,-0.6970282845527199,-0.8328706888834402,1.3489560857371439,0.0,1.0,0.0,0.0,1.0,0.0,0.0,0.0,0.0,1.0,0.0,0.0,0.0,0.0,472.47,0,2025-09-04 18:00:00
1.0986122886681098,0.28623793700335765,-1.3694644766357484,-1.2484547464139242,0.2542835625362936,0.34986649646869733,1.1870664583316934,-1.649378476720491,-0.05515933791042999,-0.12081762272787053,0.0,0.0,1.0,1.0,0.0,0.0,0.0,0.0,0.0,0.0,0.0,0.0,0.0,1.0,479.49,0,2025-04-10 00:00:00
0.6931471805599453,0.28623793700335765,-1.082850144894791,-0.0010199822602967896,-0.0033961765760520558,1.0415659711125116,-0.6976036767735078,0.8287178095892176,-1.5717725693088738,2.010757089940264,0.0,1.0,0.0,0.0,1.0,0.0,0.0,0.0,0.0,0.0,1.0,0.0,0.0,0.0,488.2,0,2025-10-04 12:00:00
0.6931471805599453,1.4409256692686032,0.006284315720857921,0.43036881599684285,2.4020945723442217,-0.10427962324693904,1.244401056096737,0.9809614545578274,1.017808377228459,-0.9932439900078088,0.0,1.0,0.0,1.0,0.0,0.0,0.0,0.0,0.0,0.0,0.0,0.0,0.0,1.0,575.14,1,2025-04-10 18:00:00
0.0,0.28623793700335765,-0.3290089580776986,0.07014383487850821,-0.0033961765760520558,0.0011055660716877238,-0.5452574598549649,-0.3677186611967052,-0.12821245894116293,-1.1889068955982964,1.0,0.0,0.0,0.0,1.0,0.0,0.0,0.0,0.0,1.0,0.0,0.0,0.0,0.0,517.03,0,2025-04-11 00:00:00
0.6931471805599453,0.9790505763625049,-1.5132265858899479,-1.4791443217277618,0.4198319982788614,-0.14387184906830255,1.425414571897802,0.7674893871561898,-0.20811431006852676,1.441032747191491,0.0,0.0,1.0,1.0,0.0,0.0,0.0,0.0,0.0,1.0,0.0,0.0,0.0,0.0,539.09,0,2025-11-04 06:00:00
0.0,-0.6375122488088388,-0.43501076648347875,-0.7485278208241217,-0.0033961765760520558,0.4896037640735087,0.003151801539676747,0.4638295083329299,-0.5155461944061942,-0.40050048189545007,0.0,0.0,1.0,0.0,1.0,0.0,0.0,0.0,0.0,0.0,0.0,0.0,1.0,0.0,462.05,0,2025-04-11 12:00:00
1.0986122886681098,1.4409256692686032,0.25331857307853983,0.5246571955696003,1.773010516522462,-1.538915570656331,0.08460404987815155,1.452585789514934,1.1692414093650825,-0.5248039748588185,1.0,0.0,0.0,0.0,1.0,0.0,0.0,0.0,0.0,0.0,0.0,1.0,0.0,0.0,574.86,0,2025-04-11 18:00:00
0.0,1.209988122815554,-0.7152558908524156,-0.5815078509316121,0.0642627493361282,-2.7290112997573055,-1.4429534477190673,1.1100375883355618,1.1296709688067688,0.48573738460264027,0.0,0.0,1.0,1.0,0.0,0.0,0.0,0.0,0.0,0.0,1.0,0.0,0.0,0.0,545.45,0,2025-12-04 00:00:00
0.6931471805599453,1.4409256692686032,-1.2388957255093163,-1.8177294313655175,0.9754989217278296,0.4313799025715041,2.2797000785969432,-0.8889876629914019,0.7294007431592117,1.4318250810460562,0.0,0.0,1.0,1.0,0.0,0.0,0.0,0.0,0.0,1.0,0.0,0.0,0.0,0.0,548.75,0,2025-04-12 06:00:00
0.6931471805599453,0.9790505763625049,-0.9722989026518517,-1.0524494053826239,-0.0033961765760520558,0.4872748096134273,0.410592191456539,0.3595757079739906,1.3747033122640184,0.599682253152395,1.0,0.0,0.0,0.0,1.0,0.0,0.0,0.0,0.0,0.0,0.0,1.0,0.0,0.0,527.66,0,2025-04-12 12:00:00
0.0,0.5171754834564067,-0.434859118688907,-0.4487132847056008,0.06570230095128081,0.5338538988150316,-0.2888899012769863,1.0463269325606543,1.353396151963388,-1.0323765711259063,0.0,0.0,1.0,1.0,0.0,0.0,0.0,0.0,0.0,0.0,0.0,0.0,1.0,0.0,512.27,0,2025-12-04 18:00:00
0.6931471805599453,0.05530039055030851,0.167789216939968,-0.11056629648060154,0.19814104954533548,-0.5141756082210508,0.9691949868245301,-0.6242161065242543,0.7575566335564731,-0.9989987813487057,1.0,0.0,0.0,0.0,0.0,1.0,0.0,0.0,0.0,1.0,0.0,0.0,0.0,0.0,529.87,0,2025-04-13 00:00:00
0.6931471805599453,1.4409256692686032,0.338797379952251,0.9983367823139316,2.6518567775732276,1.5958571326115958,0.7201990193877718,0.3049665744526414,0.061269073732300595,0.6250033350523402,0.0,0.0,1.0,1.0,0.0,0.0,1.0,0.0,0.0,0.0,0.0,0.0,0.0,0.0,556.34,0,2025-04-13 06:00:00
0.0,1.209988122815554,1.0317267026162895,1.1442416711926504,0.8732907570519829,-0.4466359288787257,1.3181169675089355,-0.29490648316823964,0.9196432458434118,-0.8332607907308811,0.0,1.0,0.0,1.0,0.0,0.0,1.0,0.0,0.0,0.0,0.0,0.0,0.0,0.0,542.58,0,2025-04-13 12:00:00
0.0,-0.1756371559027406,-0.4156503980431286,0.265913143850876,-0.452536280503715,0.47563003731302705,-0.6214305683142364,-0.6134597620427765,0.3763106581773361,0.4776806767253853,0.0,1.0,0.0,0.0,1.0,0.0,0.0,1.0,0.0,0.0,0.0,0.0,0.0,0.0,477.33,0,2025-04-13 18:00:00
0.6931471805599453,-1.330324888167986,-1.2448099894976217,-1.0141169532761456,-0.44821762565825657,0.6596174396593614,0.34260973982084525,-0.9932414633503411,-1.2810820252074158,1.6505071520001304,1.0,0.0,0.0,0.0,1.0,0.0,0.0,0.0,0.0,1.0,0.0,0.0,0.0,0.0,452.18,0,2025-04-14 00:00:00
0.0,-1.5612624346210353,-1.007329543197968,-0.8881674677834337,-1.137762849316432,1.8357394419998532,-1.135803816834908,-1.5633277208686682,-2.0603153162018994,-0.257781656641212,0.0,0.0,1.0,0.0,0.0,1.0,0.0,0.0,0.0,0.0,1.0,0.0,0.0,0.0,428.07,0,2025-04-14 06:00:00
0.0,-0.8684497952618879,0.006284315720857921,-1.3098244409546878,0.20102015277564134,-0.29758284343359387,0.6849791950463882,0.9197330321247995,-2.200333798177471,0.23597944040772434,1.0,0.0,0.0,0.0,1.0,0.0,0.0,0.0,0.0,0.0,0.0,0.0,1.0,0.0,498.55,0,2025-04-14 12:00:00
0.6931471805599453,-1.5612624346210353,0.18416717875373773,0.15502283597142222,-0.0033961765760520558,-0.6492549669057011,0.006792810054164302,1.159682255173152,-0.5634873050826128,0.26014956403949036,1.0,0.0,0.0,1.0,0.0,0.0,0.0,1.0,0.0,0.0,0.0,0.0,0.0,0.0,517.89,0,2025-04-14 18:00:00
1.0986122886681098,-0.8684497952618879,-0.1464755626779382,-0.1434226840004396,-0.0033961765760520558,-1.5342576617361716,0.3057517841147459,0.5788396531733472,-0.08103231827548094,1.0220839375742121,1.0,0.0,0.0,1.0,0.0,0.0,0.0,0.0,0.0,0.0,0.0,0.0,1.0,0.0,533.84,0,2025-04-15 00:00:00
0.0,-1.330324888167986,0.511726415029117,-0.2105044751867748,-2.262052660750743,1.6633968119539209,-0.11442891093478365,-0.8484445184073699,2.7076374073208673,0.7101742468976115,0.0,0.0,1.0,0.0,0.0,1.0,0.0,0.0,0.0,0.0,0.0,1.0,0.0,0.0,425.33,0,2025-04-15 06:00:00
0.0,1.6718632157216522,0.254683403229686,-0.04582959131015836,0.2773163883787379,0.47795899177310674,-0.2168121212295034,-1.620419087731897,1.6060381955280056,-2.062484221146414,1.0,0.0,0.0,0.0,1.0,0.0,1.0,0.0,0.0,0.0,0.0,0.0,0.0,0.0,546.19,0,2025-04-15 12:00:00
1.0986122886681098,-1.330324888167986,-0.8091764249573022,-0.9018576292500325,-2.2951623478992564,0.5105643542142295,-0.8237397918566025,0.5093371196007209,-0.3968348727312536,-0.22095099205947316,0.0,0.0,1.0,1.0,0.0,0.0,0.0,0.0,1.0,0.0,0.0,0.0,0.0,0.0,518.0,0,2025-04-15 18:00:00
0.6931471805599453,0.5171754834564067,1.3674749197985563,1.415330239237389,0.6372042921669295,3.3029807518503698,0.8070199817176936,-0.9915866411224216,1.4264492729941207,0.9829513564561148,0.0,1.0,0.0,1.0,0.0,0.0,0.0,0.0,1.0,0.0,0.0,0.0,0.0,0.0,563.35,0,2025-04-16 00:00:00
0.6931471805599453,-0.4065747023557897,0.5422076217380796,0.6930461816087704,-1.2399710139922784,0.37548499552957926,1.494216089215853,0.221398051942698,0.1678048752354526,-0.7768638355900933,1.0,0.0,0.0,0.0,0.0,1.0,0.0,0.0,0.0,0.0,0.0,0.0,0.0,1.0,523.67,0,2025-04-16 06:00:00
0.6931471805599453,-1.0993873417149371,-0.014289235076076975,-0.3090736377462889,-0.1056043412518981,-1.329309669249115,-0.5174092266548008,1.685088312537648,-1.4188175971507766,0.6273052515886991,1.0,0.0,0.0,0.0,1.0,0.0,0.0,0.0,0.0,0.0,0.0,0.0,0.0,1.0,521.31,0,2025-04-16 12:00:00
1.0986122886681098,0.7481130299094558,0.7783232378865816,0.9107197489276969,0.5983363985578046,-0.16949034812918445,0.5735862622457331,-1.6708911656834469,0.7042887328048973,1.4962787440640992,1.0,0.0,0.0,1.0,0.0,0.0,0.0,0.0,0.0,0.0,0.0,0.0,1.0,0.0,490.36,0,2025-04-16 18:00:00
1.6094379124341003,1.6718632157216522,1.0703968902321341,0.8614351676479393,-0.0033961765760520558,-0.9869533636173283,0.4548217383038579,0.31985997450391845,1.2628407206857089,0.2520928561622348,0.0,1.0,0.0,0.0,0.0,1.0,0.0,0.0,0.0,0.0,1.0,0.0,0.0,0.0,554.15,0,2025-04-17 00:00:00
0.0,0.9790505763625049,-0.8653872074786356,-2.1736736294970953,0.21829477215747456,-0.3790962495364006,0.03791730598375932,1.769484246161551,-0.1228856688660053,-0.23706440781398366,1.0,0.0,0.0,0.0,1.0,0.0,0.0,0.0,0.0,1.0,0.0,0.0,0.0,0.0,548.65,0,2025-04-17 06:00:00
0.0,1.6718632157216522,-0.5287291035289381,-0.7266235624775631,-0.0033961765760520558,-0.38608311291664144,-1.4708016809192312,-0.5240993617351142,-0.666218256532081,-0.5006338512270522,1.0,0.0,0.0,0.0,0.0,1.0,0.0,0.0,1.0,0.0,0.0,0.0,0.0,0.0,486.07,0,2025-04-17 12:00:00
0.0,0.28623793700335765,-0.40452955977452143,0.1344875937715239,-0.3172184286793552,-0.5793863331032962,-1.2496539466826364,1.143961444007915,0.1944388256112407,-0.7584485032992239,0.0,0.0,1.0,1.0,0.0,0.0,0.0,0.0,0.0,0.0,0.0,0.0,1.0,0.0,529.15,0,2025-04-17 18:00:00
1.0986122886681098,0.7481130299094558,0.5790580358190576,-0.30085954086632904,-0.05953868956700953,-1.4247968021124033,-0.7377378952090375,1.1919512886175856,-0.6281697559952409,-0.3889908992136564,1.0,0.0,0.0,1.0,0.0,0.0,1.0,0.0,0.0,0.0,0.0,0.0,0.0,0.0,514.16,0,2025-04-18 00:00:00
0.6931471805599453,-1.0993873417149371,-0.4300063892626042,-0.3513705713800803,-0.14879088970648147,1.705317992235364,-2.0728149574521835,0.004616340085220975,0.5787286810333249,0.32805610186207096,0.0,0.0,1.0,0.0,0.0,1.0,0.0,0.0,1.0,0.0,0.0,0.0,0.0,0.0,503.81,0,2025-04-18 06:00:00
0.0,1.209988122815554,0.6823301839225453,1.3585073569383175,1.1827943543098283,0.34753754200861764,1.4139476523447934,-0.6200790509544551,0.09627369422619349,-0.697447715085719,0.0,0.0,1.0,0.0,0.0,1.0,0.0,1.0,0.0,0.0,0.0,0.0,0.0,0.0,530.97,0,2025-04-18 12:00:00
1.0986122886681098,0.9790505763625049,-2.229307471858631,-2.394085229109342,0.6127319147093326,-0.19976675611022576,0.3909346150799527,0.6781289868485274,1.9522795504132497,-0.5984653040222959,0.0,0.0,1.0,0.0,1.0,0.0,0.0,0.0,0.0,1.0,0.0,0.0,0.0,0.0,601.37,0,2025-04-18 18:00:00
0.6931471805599453,-0.8684497952618879,0.9307292714313786,0.8244717316881225,-0.31577887706420193,0.0011055660716877238,0.00024028459530237646,0.46631174167480943,-2.2931721394873605,-1.327021887779817,0.0,1.0,0.0,0.0,0.0,1.0,0.0,0.0,1.0,0.0,0.0,0.0,0.0,0.0,475.1,0,2025-04-19 00:00:00
0.0,-0.4065747023557897,-0.648834156829911,-1.2276834721550933,-0.3517676674430216,0.5291959898948705,-2.1227779640760067,-0.030134926701092135,-0.04754963780306188,-1.2142279774982419,0.0,0.0,1.0,0.0,1.0,0.0,0.0,1.0,0.0,0.0,0.0,0.0,0.0,0.0,506.73,0,2025-04-19 06:00:00
0.6931471805599453,0.5171754834564067,-0.6656670620273961,0.16186791670472286,0.6386438437820822,0.32424799740781546,-1.763208129520951,-1.0164089745412166,1.4995023940248542,-0.5328606827360737,1.0,0.0,0.0,0.0,1.0,0.0,0.0,0.0,0.0,1.0,0.0,0.0,0.0,0.0,531.37,0,2025-04-19 12:00:00
0.0,-1.5612624346210353,2.109487578639038,1.8471267932430802,-1.822989418129149,0.7527756180625683,0.027269452113108255,0.9015299876176831,-1.4401247574514071,1.0220839375742121,1.0,0.0,0.0,0.0,0.0,1.0,0.0,0.0,0.0,0.0,0.0,0.0,1.0,0.0,497.37,0,2025-04-19 18:00:00
1.0986122886681098,1.209988122815554,0.10318725645231983,0.09889317395836635,2.294128201207764,0.1751949119626836,1.96681698793628,-0.9518709076523494,0.32304275742575983,-0.714712089108409,1.0,0.0,0.0,0.0,0.0,1.0,0.0,0.0,0.0,0.0,1.0,0.0,0.0,0.0,572.27,0,2025-04-20 00:00:00
0.6931471805599453,-0.6375122488088388,0.41487402356250547,1.0063376329219804,-0.9203905554283642,0.7388018913020884,-0.6566503926556199,-1.2191246974613763,-0.6304526660274514,-1.4674387964976963,0.0,1.0,0.0,0.0,1.0,0.0,0.0,0.0,0.0,0.0,0.0,0.0,1.0,0.0,474.63,0,2025-04-20 06:00:00
0.0,-1.330324888167986,0.40617955000705225,0.6664386309968057,-0.09840658317613443,0.8249732063250546,0.8790977617651772,-1.4524546315980502,-1.1608487635110012,-1.3857207594569634,0.0,1.0,0.0,1.0,0.0,0.0,0.0,0.0,0.0,0.0,0.0,0.0,0.0,1.0,486.43,0,2025-04-20 12:00:00
0.0,-0.6375122488088388,-0.8913189803504338,-1.241373633621692,-0.6670294711614774,0.20547131994372492,-0.4420551838778869,-0.1352161381739913,-0.038417997674220467,-1.0692072357076452,0.0,1.0,0.0,0.0,1.0,0.0,0.0,0.0,0.0,0.0,0.0,0.0,0.0,1.0,496.06,0,2025-04-20 18:00:00
0.6931471805599453,1.209988122815554,-1.2384407821255958,-1.4453570394740198,1.4750233321858397,-0.19510884719006633,0.08378498419579337,-1.2687693642989666,-0.7149203372192363,0.3372637680075057,0.0,0.0,1.0,0.0,1.0,0.0,0.0,0.0,1.0,0.0,0.0,0.0,0.0,0.0,512.27,0,2025-04-21 00:00:00
0.0,-0.6375122488088388,0.3711489094609358,0.5547755507961188,-0.06961555087307907,1.6401072673531187,1.223924414037793,-0.519962306165315,-0.36335219225883403,-1.1497743144801988,1.0,0.0,0.0,1.0,0.0,0.0,0.0,0.0,0.0,0.0,0.0,0.0,0.0,1.0,520.42,1,2025-04-21 06:00:00
0.6931471805599453,0.28623793700335765,0.4611266009069505,0.10019200157466385,0.9467078894247742,-0.4652675645593668,-0.3101856090182879,-0.8459622850654904,0.5741628609689043,0.4362461790709291,0.0,1.0,0.0,0.0,0.0,1.0,0.0,0.0,0.0,0.0,0.0,0.0,0.0,1.0,525.33,0,2025-04-21 12:00:00
0.0,1.209988122815554,-1.1128764082200329,-2.0367720148311044,0.4083155853576393,0.4453536293319841,-0.6484597358320422,-0.08888111579224049,0.27205776670639464,-0.6214844693858826,1.0,0.0,0.0,1.0,0.0,0.0,0.0,0.0,0.0,0.0,0.0,0.0,0.0,1.0,493.09,0,2025-04-21 18:00:00
0.0,-1.5612624346210353,0.6382006757021158,-0.0010199822602967896,-0.5964914420189918,0.46864317393278626,1.4237764405330857,1.0165401324581003,-1.5405727988686648,-0.7193159221811264,1.0,0.0,0.0,1.0,0.0,0.0,0.0,0.0,1.0,0.0,0.0,0.0,0.0,0.0,512.27,0,2025-04-22 00:00:00
0.0,0.9790505763625049,2.0735470513254906,1.145751913911562,1.961591778107475,-0.6026758777040984,0.07477526168985808,-0.1211501492366741,1.3176305614587585,1.072726101374103,0.0,1.0,0.0,0.0,0.0,1.0,0.0,1.0,0.0,0.0,0.0,0.0,0.0,0.0,512.27,1,2025-04-22 06:00:00
0.6931471805599453,-0.6375122488088388,-0.556480649935603,0.2549610146775967,-0.7116555712312133,-0.8122817791113146,1.1018836273664874,0.2495300298173324,0.4044665485745975,0.3234522687893536,0.0,0.0,1.0,1.0,0.0,0.0,0.0,0.0,0.0,0.0,1.0,0.0,0.0,0.0,550.69,0,2025-04-22 12:00:00
0.0,0.7481130299094558,0.37615328668180514,0.4069218069568471,0.6012155017881106,-0.33484611479487764,-0.6435453417378955,-1.1893378973588222,-0.6646963165106072,-0.5731442221223504,0.0,1.0,0.0,0.0,1.0,0.0,0.0,0.0,0.0,0.0,0.0,0.0,0.0,1.0,413.77624999999995,0,2025-04-22 18:00:00
0.0,-1.0993873417149371,-0.266226771124912,-0.6910291426644055,-1.2586851849892646,-0.47924129131984844,1.412309520980077,-1.2935916977177617,-1.6265624100819234,0.12203457185796963,1.0,0.0,0.0,0.0,1.0,0.0,0.0,0.0,0.0,0.0,0.0,0.0,0.0,1.0,449.07,0,2025-04-23 00:00:00
0.0,-1.0993873417149371,0.09044884170827842,-0.27038380557841496,-1.143521055777043,-1.4923364814547284,0.29838019297352636,1.7074284126145634,-1.3138037356690981,-1.8449531084605193,0.0,1.0,0.0,0.0,1.0,0.0,0.0,0.0,0.0,0.0,1.0,0.0,0.0,0.0,507.96,0,2025-04-23 06:00:00
0.0,0.9790505763625049,0.006284315720857921,-2.0490931601510427,1.8737791295831563,-0.6469260124456213,0.4572789353509313,0.4679665639027291,0.8747460152099403,0.7493068280157088,1.0,0.0,0.0,1.0,0.0,0.0,0.0,1.0,0.0,0.0,0.0,0.0,0.0,0.0,522.17,0,2025-04-23 12:00:00
1.0986122886681098,1.209988122815554,-1.8353265015607372,-2.2010539524302932,-0.0033961765760520558,0.3149321795674949,0.15913902697270726,-1.6320028433273346,0.7202691030303697,0.5927765035433192,0.0,0.0,1.0,1.0,0.0,0.0,0.0,0.0,0.0,1.0,0.0,0.0,0.0,0.0,512.82,0,2025-04-23 18:00:00
1.0986122886681098,1.6718632157216522,-0.12109983171957167,0.3603752579704102,0.7163796310003313,1.3629616866035774,-0.4674462200309776,0.27766200769196686,1.3724204022318078,-1.309757513757127,1.0,0.0,0.0,1.0,0.0,0.0,0.0,0.0,0.0,0.0,0.0,1.0,0.0,0.0,571.41,0,2025-04-24 00:00:00
1.0986122886681098,0.7481130299094558,-1.2812054601948843,-0.10509023189396127,1.6218575969314217,0.6153673049178384,0.02808851779546585,-1.6510332989484107,-0.011784047298432335,0.9553283580198106,1.0,0.0,0.0,1.0,0.0,0.0,0.0,0.0,0.0,0.0,1.0,0.0,0.0,0.0,517.99,0,2025-04-24 06:00:00
0.0,-0.1756371559027406,-1.3505590515791188,-0.8881674677834337,0.2341298399241545,-2.689419073935942,-0.40519722817178816,-1.417703364811737,-0.9241870901718565,1.7241684811636082,1.0,0.0,0.0,0.0,1.0,0.0,0.0,0.0,1.0,0.0,0.0,0.0,0.0,0.0,446.3,0,2025-04-24 12:00:00
0.0,-1.0993873417149371,0.33702815568225014,0.24263986935765697,0.45438123704252786,0.7085254833210454,0.9724712495539617,-0.3884039390457011,0.3945739384350195,-1.2188318105709592,1.0,0.0,0.0,0.0,0.0,1.0,0.0,0.0,1.0,0.0,0.0,0.0,0.0,0.0,540.61,0,2025-04-24 18:00:00
0.6931471805599453,-0.6375122488088388,-0.788046832246946,-0.9360830329165309,-0.8368965617495037,-0.5491099251222532,-0.17012537733511118,0.5953878754525438,-0.7674272679600754,-0.22670578340036973,0.0,0.0,1.0,1.0,0.0,0.0,1.0,0.0,0.0,0.0,0.0,0.0,0.0,0.0,519.52,0,2025-04-25 00:00:00
1.0986122886681098,0.5171754834564067,2.1413336154991467,1.4579002058767259,0.47309540803951433,0.5105643542142295,-1.4413153163543522,0.4696213861306488,0.3648961080162842,0.2912254372803326,0.0,1.0,0.0,0.0,1.0,0.0,0.0,0.0,1.0,0.0,0.0,0.0,0.0,0.0,574.97,0,2025-04-25 06:00:00
0.6931471805599453,-0.4065747023557897,-0.9358023334248728,0.12490448074490493,-0.7850727036040039,0.021483917597390653,-1.620690700790701,1.0628751548398512,-1.5862309995128727,-1.1681896467710684,0.0,0.0,1.0,0.0,0.0,1.0,0.0,0.0,0.0,0.0,0.0,1.0,0.0,0.0,510.82,0,2025-04-25 12:00:00
0.0,0.05530039055030851,0.627282034492936,0.4589444205299243,0.10888884940586417,-0.16716139366910307,-1.667377444685093,-1.0619165858090076,-0.5086974643095633,-1.0254708215168302,0.0,1.0,0.0,1.0,0.0,0.0,0.0,1.0,0.0,0.0,0.0,0.0,0.0,0.0,504.67,0,2025-04-25 18:00:00
0.6931471805599453,-1.0993873417149371,0.6409303360044082,1.574692580057757,-2.0677131927051193,-0.07167426080581635,0.6374733854696383,-1.019718618997056,0.4767586995945938,-0.6537113008949041,0.0,1.0,0.0,1.0,0.0,0.0,0.0,0.0,0.0,0.0,0.0,0.0,0.0,1.0,528.78,0,2025-04-26 00:00:00
1.0986122886681098,-0.1756371559027406,-0.05043195944904639,0.6054291482225357,0.2729977335332794,0.012168099757070117,-1.1022221238582401,0.16678891842134883,-0.7339445874876563,-0.8597328308990058,1.0,0.0,0.0,0.0,0.0,1.0,1.0,0.0,0.0,0.0,0.0,0.0,0.0,0.0,521.6,0,2025-04-26 06:00:00
0.0,-0.8684497952618879,-2.6092420651842936,-0.8571131018758017,-0.521634758031048,1.4444750927063825,0.32459029480897467,1.3326111779907577,0.3900081183705985,-1.135962815262047,0.0,0.0,1.0,0.0,1.0,0.0,0.0,0.0,0.0,0.0,1.0,0.0,0.0,0.0,549.79,0,2025-04-26 12:00:00
0.0,-1.330324888167986,0.20054514056750747,-0.15437481317371893,-1.143521055777043,0.014497054217149837,0.164053421066854,0.8254081651333782,-2.6645255047269196,-2.1465041747235056,1.0,0.0,0.0,1.0,0.0,0.0,0.0,0.0,0.0,1.0,0.0,0.0,0.0,0.0,467.21,0,2025-04-26 18:00:00
0.0,-1.330324888167986,1.0167135709536659,0.5807868575826575,-1.359453798049958,1.1719874208770023,-0.034160474063723606,0.640068075606375,-1.046703261900481,-0.6007672205586546,0.0,1.0,0.0,0.0,1.0,0.0,0.0,0.0,0.0,0.0,0.0,0.0,1.0,0.0,537.25,0,2025-04-27 00:00:00
1.3862943611198906,0.05530039055030851,0.539477961435782,0.43156409759672654,-0.563381754870478,1.020605380971789,0.4605551980803622,-1.3589571757205887,-0.14495379917737244,0.2992821451575876,0.0,1.0,0.0,0.0,1.0,0.0,0.0,0.0,0.0,0.0,0.0,0.0,0.0,1.0,542.94,1,2025-04-27 06:00:00
0.6931471805599453,-0.4065747023557897,0.4557683788320717,0.3658513225570505,-0.0033961765760520558,0.7341439823819272,0.18534912880815554,1.3648802114351912,1.4203615129082265,-1.497363711470359,0.0,1.0,0.0,0.0,1.0,0.0,0.0,0.0,0.0,0.0,1.0,0.0,0.0,0.0,557.88,0,2025-04-27 12:00:00
0.6931471805599453,-1.330324888167986,-2.10010355088334,-0.47728705806938554,-1.864736414968579,-1.8370217415465948,-2.633874949867248,1.734732979375238,-1.6037333097598192,0.7516087445520677,0.0,0.0,1.0,1.0,0.0,0.0,0.0,0.0,0.0,0.0,0.0,1.0,0.0,0.0,550.69,0,2025-04-27 18:00:00
0.0,0.05530039055030851,-1.0942237294876862,-1.5209591670076428,0.34785441752122337,1.204592783318125,-0.28807083559462876,0.337235607897075,0.624386881677533,0.37524539085742425,1.0,0.0,0.0,1.0,0.0,0.0,0.0,0.0,0.0,0.0,0.0,1.0,0.0,0.0,465.14,0,2025-04-28 00:00:00
0.0,-1.0993873417149371,0.2392153281833471,0.308352644397333,0.4255902047394725,-0.44430697441864603,0.44745014716263837,-0.5158252505955159,0.5201339902065915,-1.259115349957236,0.0,1.0,0.0,0.0,1.0,0.0,0.0,0.0,0.0,0.0,1.0,0.0,0.0,0.0,521.43,0,2025-04-28 06:00:00
0.0,-1.5612624346210353,-1.354602992767702,-0.9442971297964907,-0.3316139448308825,0.785380980503691,1.6416479120402503,0.6160731533015398,-1.2864088152825734,0.5145113413071242,1.0,0.0,0.0,1.0,0.0,0.0,0.0,1.0,0.0,0.0,0.0,0.0,0.0,0.0,464.08,0,2025-04-28 12:00:00
0.0,-1.330324888167986,1.3365387697058784,1.1886300266996603,-0.0033961765760520558,-0.9846244091572486,1.6875155902522836,0.5465706197289135,-0.8770069495061745,-1.0392823207349824,0.0,1.0,0.0,0.0,0.0,1.0,0.0,0.0,0.0,1.0,0.0,0.0,0.0,0.0,538.25,0,2025-04-28 18:00:00
0.0,-0.1756371559027406,0.9097513265155942,0.8573281192079605,-0.518755654800742,-1.205875082864865,-1.3102648071771106,1.542773600936556,0.04985452357124869,0.5248699657207381,1.0,0.0,0.0,0.0,1.0,0.0,0.0,1.0,0.0,0.0,0.0,0.0,0.0,0.0,542.02,0,2025-04-29 00:00:00
1.0986122886681098,1.6718632157216522,-1.1776805657671083,-1.5808896379933517,-0.0033961765760520558,2.1058981593691555,0.003151801539676747,-1.3010383977434001,-0.7019838470367106,1.2050863022147267,1.0,0.0,0.0,1.0,0.0,0.0,0.0,0.0,0.0,1.0,0.0,0.0,0.0,0.0,512.27,0,2025-04-29 06:00:00
0.6931471805599453,-0.8684497952618879,0.16187495295165752,0.17966512661130166,-0.7778749455282403,-0.9683217279366872,-1.509297767990046,0.10473308487436113,-0.7689492079815486,-0.6698247166494149,1.0,0.0,0.0,0.0,1.0,0.0,0.0,0.0,0.0,0.0,1.0,0.0,0.0,0.0,496.37,0,2025-04-29 12:00:00
0.6931471805599453,-0.6375122488088388,-0.9167958098385218,-0.5993050608381908,-1.4515851014197352,1.237198145759246,1.523702453780732,0.7790731427516274,2.7076374073208673,0.8966294863426643,1.0,0.0,0.0,0.0,1.0,0.0,0.0,1.0,0.0,0.0,0.0,0.0,0.0,0.0,518.67,0,2025-04-29 18:00:00
0.0,-0.8684497952618879,0.4989880002850756,0.5903699706092764,-0.482766864421923,0.15889223074212225,1.0248914532248583,-0.4736272837835642,0.12366861461271828,-0.8206002497809082,0.0,1.0,0.0,0.0,1.0,0.0,0.0,1.0,0.0,0.0,0.0,0.0,0.0,0.0,491.96,0,2025-04-30 00:00:00
0.0,-0.4065747023557897,0.41083008237392765,0.6273334065690943,-0.36472363197939633,-0.4047147485972825,0.37455330143279786,1.2341492554295372,-0.3138891415609421,-1.13020802392115,0.0,1.0,0.0,0.0,0.0,1.0,0.0,0.0,0.0,0.0,0.0,0.0,1.0,0.0,514.74,0,2025-04-30 06:00:00
0.0,0.7481130299094558,1.241455602509278,1.7800450020567435,1.817636616592198,-0.011121444843732047,0.19272071994937565,-1.4615561538516084,0.38924714835986185,1.8323585583724662,0.0,1.0,0.0,0.0,1.0,0.0,0.0,0.0,0.0,1.0,0.0,0.0,0.0,0.0,488.3,0,2025-04-30 12:00:00
0.6931471805599453,-0.6375122488088388,-0.3984636479916443,0.07151285102516737,-0.7087764680009074,-1.3269807147890353,1.3869184848269862,-1.3200688533644764,0.2682529166527103,1.0140272296969566,1.0,0.0,0.0,0.0,0.0,1.0,0.0,1.0,0.0,0.0,0.0,0.0,0.0,0.0,499.09,0,2025-04-30 18:00:00
0.6931471805599453,0.5171754834564067,0.7583057290030887,0.701260278488729,1.1482451155461617,0.0011055660716877238,1.2206481513083625,1.0620477437258913,0.8998580255642552,-0.346405443291021,1.0,0.0,0.0,0.0,1.0,0.0,0.0,0.0,0.0,0.0,0.0,1.0,0.0,0.0,572.83,0,2025-05-01 00:00:00
1.0986122886681098,1.4409256692686032,-0.27123114834578654,-0.823510201380006,-0.0033961765760520558,-1.0987431777011765,1.168227947637466,-1.2489114975639304,0.051376463592721994,-0.4143119811136019,1.0,0.0,0.0,1.0,0.0,0.0,0.0,0.0,0.0,0.0,0.0,1.0,0.0,0.0,484.24,0,2025-05-01 06:00:00
0.0,1.6718632157216522,0.21692310238127205,-0.10919728033394117,0.6602371180093739,-0.3790962495364006,0.47857464309223285,-0.23202323850729212,2.052727591830508,0.2728101049894632,0.0,1.0,0.0,0.0,1.0,0.0,0.0,0.0,0.0,0.0,0.0,0.0,1.0,0.0,503.54,0,2025-01-05 12:00:00
0.0,0.28623793700335765,-1.4605037026437657,-0.0010199822602967896,0.671753530930596,1.0043026997512277,-0.31346187174771883,-0.7094394512621175,1.3054550412869699,0.5099075082344068,1.0,0.0,0.0,1.0,0.0,0.0,0.0,0.0,0.0,0.0,0.0,0.0,1.0,0.0,512.24,0,2025-05-01 18:00:00
0.0,0.7481130299094558,-0.22684889380106893,-0.10098318345398136,1.2806838641402165,0.30095845280701333,0.7840861426116763,0.705433553609202,0.9044238456286756,0.16346906951242585,1.0,0.0,0.0,1.0,0.0,0.0,0.0,0.0,0.0,0.0,0.0,0.0,0.0,1.0,548.89,0,2025-05-02 00:00:00
0.6931471805599453,1.4409256692686032,0.29881291145012073,0.023641573759803216,0.5191610597244023,-1.5179549805156103,0.8315919521884274,-1.6444140100367322,-0.21039722010073728,0.2233188994577515,1.0,0.0,0.0,1.0,0.0,0.0,0.0,0.0,0.0,0.0,1.0,0.0,0.0,0.0,503.06,1,2025-02-05 06:00:00
1.0986122886681098,0.9790505763625049,1.2000557545911357,0.6177502935424741,0.7811594536822064,0.927447202568582,-0.15783939209974493,-0.4463227170228896,-0.5543556649537714,0.16462002778060505,0.0,1.0,0.0,0.0,0.0,1.0,0.0,0.0,1.0,0.0,0.0,0.0,0.0,0.0,535.86,0,2025-05-02 12:00:00
0.6931471805599453,-0.6375122488088388,1.9907473554892163,1.210692350824786,-1.440068688498513,0.028470780977631466,-0.31510000311243463,1.7405248571729568,-0.5604434250396657,1.2419169667964653,1.0,0.0,0.0,0.0,0.0,1.0,0.0,0.0,0.0,0.0,0.0,0.0,1.0,0.0,578.71,0,2025-05-02 18:00:00
1.0986122886681098,-1.330324888167986,2.147247879487452,1.1297623323932837,-1.224135946225598,-0.5328072439016919,0.003151801539676747,-0.40412475021093797,-0.4805415739123013,1.175161387242064,0.0,1.0,0.0,0.0,0.0,1.0,0.0,0.0,1.0,0.0,0.0,0.0,0.0,0.0,543.96,1,2025-03-05 00:00:00
0.0,-1.330324888167986,0.7241849752244031,0.5246571955696003,-0.563381754870478,0.8179863429448138,1.6654008168286245,0.39349956364634386,-2.150870747479579,-1.3362295539252516,0.0,1.0,0.0,0.0,0.0,1.0,0.0,0.0,1.0,0.0,0.0,0.0,0.0,0.0,531.72,0,2025-05-03 06:00:00
1.0986122886681098,1.4409256692686032,0.4884232039299001,-0.28032429866643077,-0.0033961765760520558,-0.13921394014814145,-0.7066133992794431,1.7471441460846355,1.0117206171425648,-0.7837695851991694,0.0,1.0,0.0,0.0,1.0,0.0,0.0,0.0,0.0,0.0,0.0,0.0,1.0,0.0,512.27,0,2025-05-03 12:00:00
1.3862943611198906,0.28623793700335765,1.1331790771849157,0.5260262117162607,0.04266947510883652,-1.187243447184224,-0.22909810646486967,0.4249411859768176,1.2788210909111817,-0.07593025026887669,0.0,1.0,0.0,0.0,1.0,0.0,0.0,0.0,0.0,0.0,0.0,0.0,0.0,1.0,544.34,1,2025-03-05 18:00:00
1.0986122886681098,-0.6375122488088388,-0.30125741167103365,-0.4774626237854589,-1.2759598043710978,1.9731477551445848,0.003151801539676747,0.9371086655179561,0.2644480665990265,0.3315089766666091,0.0,1.0,0.0,1.0,0.0,0.0,0.0,0.0,1.0,0.0,0.0,0.0,0.0,0.0,494.95,0,2025-05-04 00:00:00
0.6931471805599453,-0.4065747023557897,0.8847799896760824,0.14133267450482334,-0.0033961765760520558,0.016826008677231212,0.5080610076571127,1.6461999901815354,-0.7879734582499687,0.6998156224839976,1.0,0.0,0.0,0.0,1.0,0.0,0.0,0.0,0.0,0.0,0.0,1.0,0.0,0.0,532.36,0,2025-05-04 06:00:00
0.0,-0.6375122488088388,-0.31991009040338036,-0.12425645794720042,0.5940177437123462,-0.050713670665093906,-0.48382753367813297,0.4588650416491709,-0.9873476010630108,0.14044990414883907,0.0,0.0,1.0,0.0,1.0,0.0,0.0,0.0,0.0,0.0,0.0,0.0,0.0,1.0,505.2,0,2025-04-05 12:00:00
0.0,1.209988122815554,1.1864074530796633,1.4090416263119063,0.9999712991854265,-0.3884120673767211,1.8808150912887145,1.2051898664409428,0.7423372333417374,0.7573635358929643,0.0,1.0,0.0,0.0,0.0,1.0,0.0,0.0,0.0,0.0,0.0,0.0,1.0,0.0,552.22,0,2025-05-04 18:00:00
0.6931471805599453,0.5171754834564067,0.9475621766288638,0.5753107929960172,-0.25819681245809123,1.2721324626604502,0.444992950115565,0.07991075145556605,0.05442034363566913,0.31309364437573967,0.0,1.0,0.0,1.0,0.0,0.0,1.0,0.0,0.0,0.0,0.0,0.0,0.0,0.0,539.72,0,2025-05-05 00:00:00
0.0,1.4409256692686032,2.159531350847778,1.7225463238970273,0.935191476503552,-0.5141756082210508,0.5522905545044315,1.1431340328939552,0.9645404764768828,1.4675047873596159,0.0,1.0,0.0,0.0,1.0,0.0,0.0,0.0,0.0,0.0,0.0,1.0,0.0,0.0,512.27,0,2025-05-05 06:00:00
0.0,-0.6375122488088388,0.06997638944107012,0.30341403743828677,2.6518567775732276,0.0011055660716877238,1.758774304617409,0.5449157975009938,0.2872771669211303,-0.6065220118995513,1.0,0.0,0.0,0.0,1.0,0.0,0.0,1.0,0.0,0.0,0.0,0.0,0.0,0.0,496.64,0,2025-05-05 12:00:00
1.3862943611198906,0.05530039055030851,0.6563984110507471,0.23305675633103798,-0.6396779904735745,-0.6748734659665829,-0.4117497536306501,-0.5067237283419577,1.0086767370996177,0.3821511404665,0.0,1.0,0.0,0.0,1.0,0.0,0.0,0.0,0.0,0.0,0.0,0.0,1.0,0.0,542.76,0,2025-05-05 18:00:00
0.0,-1.330324888167986,1.9843781481171905,1.3994585132852875,-0.22508712530957803,1.4258434570257414,-0.05709431316974092,0.2536670853871316,-1.5702506292874001,-0.3717265251909662,0.0,1.0,0.0,1.0,0.0,0.0,1.0,0.0,0.0,0.0,0.0,0.0,0.0,0.0,486.86,0,2025-06-05 00:00:00
0.6931471805599453,1.6718632157216522,0.1762814934359939,0.714950439955329,1.2346182124553278,0.9064866124278613,-1.2021481371058866,-0.5224445395071945,0.8534388549093098,-0.9115259529670758,0.0,0.0,1.0,0.0,1.0,0.0,0.0,0.0,0.0,0.0,0.0,0.0,0.0,1.0,512.27,0,2025-05-06 06:00:00
1.0986122886681098,0.05530039055030851,-0.6515638171322033,-0.18156265567239227,1.2418159705310916,-0.23237211855134846,-0.13981994708787435,-0.30649023876367737,-0.3199769016468364,-0.5052376842997696,0.0,0.0,1.0,0.0,0.0,1.0,0.0,1.0,0.0,0.0,0.0,0.0,0.0,0.0,511.4,0,2025-05-06 12:00:00
0.0,0.28623793700335765,0.9803181002564032,1.1557736391798223,0.14199853655437736,1.4747515006874254,-1.433943725213132,-0.6722059511339248,0.013327963055881959,0.8252700737155455,0.0,1.0,0.0,0.0,0.0,1.0,0.0,0.0,0.0,1.0,0.0,0.0,0.0,0.0,494.03,0,2025-06-05 18:00:00
0.0,-0.1756371559027406,1.1363636808709234,1.4514811268583634,-0.1934169897762168,0.8203152974048934,0.7644285662350906,0.020337151250457857,0.709615522880055,1.342050336128068,0.0,1.0,0.0,0.0,0.0,1.0,0.0,1.0,0.0,0.0,0.0,0.0,0.0,0.0,538.54,0,2025-05-07 00:00:00
0.0,-0.6375122488088388,-0.31991009040338036,-1.253694778941632,-0.130076718709495,-0.24401689085175038,0.44253575306849163,-0.48107398380920274,0.6266697917097435,-2.423885117354726,0.0,0.0,1.0,0.0,1.0,0.0,0.0,0.0,0.0,0.0,0.0,0.0,1.0,0.0,494.09,0,2025-05-07 06:00:00
1.0986122886681098,1.6718632157216522,-1.5450726227500513,-0.763586998437381,-0.4050310772036739,-0.13921394014814145,-0.2422031573825941,0.48947925286568483,1.9279285100696728,1.9451524686540413,1.0,0.0,0.0,1.0,0.0,0.0,0.0,0.0,0.0,1.0,0.0,0.0,0.0,0.0,588.46,0,2025-07-05 12:00:00
0.0,0.05530039055030851,-1.651529374539552,-1.320776570127967,0.14919629463014167,0.3801429044497387,-0.06938029840510718,-0.40246992798301834,0.40066169852091377,0.6365129177341339,0.0,0.0,1.0,0.0,0.0,1.0,0.0,0.0,0.0,0.0,0.0,1.0,0.0,0.0,471.3,0,2025-05-07 18:00:00
0.0,0.7481130299094558,0.022207334150907095,0.4876937596097824,0.546512540412305,-0.8355713237121167,0.7783526828351726,0.020337151250457857,0.1853071854823993,0.03571270174451908,0.0,1.0,0.0,0.0,1.0,0.0,1.0,0.0,0.0,0.0,0.0,0.0,0.0,0.0,486.45,0,2025-05-08 00:00:00
0.0,-1.5612624346210353,-1.2241858894358364,-0.9360830329165309,-0.33017439321572994,0.04011555327803337,-1.086659875893443,-1.1992668307263403,-0.8579826992377545,0.5317757153298138,1.0,0.0,0.0,1.0,0.0,0.0,0.0,0.0,0.0,1.0,0.0,0.0,0.0,0.0,461.61,0,2025-08-05 06:00:00
0.0,-0.6375122488088388,-0.5974255544700248,-0.5335922857985148,0.0800978171028088,0.35918231430901787,0.2303977413378326,-0.3428963277779101,-1.8464827431848587,0.7700240768429372,1.0,0.0,0.0,0.0,1.0,0.0,0.0,0.0,0.0,0.0,0.0,0.0,0.0,1.0,467.34,0,2025-05-08 12:00:00
1.0986122886681098,1.209988122815554,0.13103990138869587,-0.0311633599743254,0.21829477215747456,-1.7322187908429876,0.7169227566583407,-0.449632361478729,1.6920278067412649,-0.34870735982737944,0.0,0.0,1.0,0.0,0.0,1.0,0.0,0.0,0.0,0.0,0.0,0.0,0.0,1.0,536.26,0,2025-05-08 18:00:00
0.0,-1.330324888167986,-0.20844896139300512,-0.029794343827666242,-0.0033961765760520558,-0.16250348474894363,-1.722254845403063,1.653646690207174,-0.8298268088404931,-1.8737270651650026,1.0,0.0,0.0,0.0,1.0,0.0,0.0,1.0,0.0,0.0,0.0,0.0,0.0,0.0,544.71,0,2025-09-05 00:00:00
0.0,-1.330324888167986,0.09090378509199382,-0.08462395115221473,-1.2759598043710978,-0.28128016221303254,0.003151801539676747,-0.13356131594607162,-0.07418358817885001,-1.0013006978850643,1.0,0.0,0.0,0.0,1.0,0.0,0.0,0.0,0.0,1.0,0.0,0.0,0.0,0.0,512.27,0,2025-05-09 06:00:00
1.3862943611198906,1.209988122815554,-1.436796097425689,-0.8977505808100527,0.36656858851820917,1.1137635593749977,-1.6157763066965547,-1.6113175654783387,1.0885785882269814,1.2787476313782042,1.0,0.0,0.0,1.0,0.0,0.0,0.0,0.0,0.0,1.0,0.0,0.0,0.0,0.0,514.16,0,2025-05-09 12:00:00
0.6931471805599453,-0.6375122488088388,-0.44820412461123554,-1.1825059393153154,-0.416547490124896,-1.897574557508679,-0.085761612052262,-0.6109775287008969,-1.39903237687162,-0.5984653040222959,1.0,0.0,0.0,0.0,1.0,0.0,0.0,0.0,0.0,0.0,1.0,0.0,0.0,0.0,503.96,0,2025-09-05 18:00:00
0.0,-0.6375122488088388,0.04677427687156429,-0.23377774967999385,-0.6756667808523936,-0.365122522775919,-1.1136890434112487,0.8485756763242537,-1.1052979527272146,-0.42582156379539526,1.0,0.0,0.0,1.0,0.0,0.0,0.0,0.0,0.0,0.0,1.0,0.0,0.0,0.0,441.41,0,2025-05-10 00:00:00
0.6931471805599453,0.28623793700335765,1.4634679737625924,2.2838429440275934,1.2000689736916614,-0.4699254734795279,1.4360624257684524,-1.1115612526465977,1.5154827642503266,0.801099950083779,0.0,1.0,0.0,0.0,0.0,1.0,1.0,0.0,0.0,0.0,0.0,0.0,0.0,0.0,569.58,0,2025-05-10 06:00:00
0.6931471805599453,-1.0993873417149371,-0.43592065325090956,-0.7101953687176447,-0.0033961765760520558,0.0011055660716877238,-1.1079555836347446,-1.1198353637861962,-0.17919744966052817,-0.914978827771614,1.0,0.0,0.0,0.0,0.0,1.0,0.0,0.0,0.0,0.0,0.0,0.0,1.0,0.0,466.26,0,2025-10-05 12:00:00
0.0,-1.5612624346210353,0.8206329725721547,0.3001385475173744,-0.7102160196160601,1.91725284810266,0.16077715833742304,-0.4463227170228896,-0.7430762276164977,-0.5858047630723233,0.0,0.0,1.0,1.0,0.0,0.0,0.0,0.0,1.0,0.0,0.0,0.0,0.0,0.0,461.03,0,2025-05-11 00:00:00
0.6931471805599453,-1.330324888167986,-0.44865906799495614,-0.26113356892507633,-0.3978333191279102,0.7294860734617662,-0.3765299292892665,-0.015241526649815087,0.4554515392939633,-0.2600835731775704,1.0,0.0,0.0,1.0,0.0,0.0,0.0,0.0,0.0,0.0,0.0,0.0,1.0,0.0,518.65,0,2025-11-05 06:00:00
0.0,-1.0993873417149371,-0.6379155156207311,-0.9456661459431499,-0.41078928366428497,-0.395398930756962,-1.4495059731779298,-1.5674647764384673,0.4082713986282819,-1.9738604344966049,1.0,0.0,0.0,0.0,1.0,0.0,0.0,0.0,0.0,0.0,0.0,1.0,0.0,0.0,455.61,0,2025-05-11 12:00:00
0.0,0.7481130299094558,0.8338263306999115,0.6464996326223335,1.4980561580282838,0.2869847260465317,0.5465570947279272,0.8187888762216996,-1.0527910219863756,-0.370575566922787,0.0,1.0,0.0,0.0,0.0,1.0,0.0,0.0,0.0,1.0,0.0,0.0,0.0,0.0,506.95,0,2025-05-11 18:00:00
0.0,-0.6375122488088388,0.23284612081132638,0.5999530836358954,-0.0033961765760520558,-0.33484611479487764,-1.9278403316748602,-0.9427693853987912,1.2301190102240265,-2.39971499372296,1.0,0.0,0.0,0.0,0.0,1.0,0.0,0.0,0.0,0.0,0.0,0.0,0.0,1.0,551.39,0,2025-12-05 00:00:00
0.0,-1.330324888167986,-0.5578454800867492,-0.8553110802635956,-0.9981263426466137,0.9367630204089026,-0.9883719940105117,0.7856924316633062,0.3458718577478642,-0.9633190750351462,1.0,0.0,0.0,1.0,0.0,0.0,0.0,0.0,0.0,1.0,0.0,0.0,0.0,0.0,510.42,0,2025-05-12 06:00:00
0.6931471805599453,-1.5612624346210353,-0.41408337083254987,-0.01336615006774662,-0.4899646224976867,-1.359586077230158,-0.5354286716666714,0.2760071854640472,-0.7666662979493387,0.5099075082344068,0.0,0.0,1.0,0.0,0.0,1.0,0.0,0.0,0.0,0.0,1.0,0.0,0.0,0.0,550.11,0,2025-05-12 12:00:00
0.0,0.05530039055030851,-1.7981727918906156,-1.2468496982083312,-0.04226407018517631,-0.8285844603318759,0.8184869012707023,-0.9816577077549035,-1.0763810923192163,-0.32338627792743424,0.0,0.0,1.0,0.0,1.0,0.0,0.0,1.0,0.0,0.0,0.0,0.0,0.0,0.0,444.18,0,2025-12-05 18:00:00
0.0,1.209988122815554,-1.7684498241545172,-1.1085790673956797,0.974059370112677,0.5128933086743092,1.3033737852264953,-0.05412984900592738,1.431015093058542,1.5135431180867895,0.0,0.0,1.0,1.0,0.0,0.0,0.0,1.0,0.0,0.0,0.0,0.0,0.0,0.0,554.07,0,2025-05-13 00:00:00
0.6931471805599453,-0.4065747023557897,0.03499629815980404,0.08246498019844672,0.758126627839762,1.3210405063221342,1.113350546919496,-1.559190665298869,0.2644480665990265,1.735678063845402,1.0,0.0,0.0,0.0,0.0,1.0,0.0,0.0,0.0,1.0,0.0,0.0,0.0,0.0,461.86,0,2025-05-13 06:00:00
0.0,-1.5612624346210353,0.6136337329814586,2.089442651201885,-0.24236174469141122,-2.2725362255815886,-0.12098143639364616,0.7525959871049127,-1.9583453347631683,0.7170799965066873,0.0,1.0,0.0,0.0,1.0,0.0,0.0,0.0,0.0,0.0,1.0,0.0,0.0,0.0,484.27,0,2025-05-13 12:00:00
0.0,-0.8684497952618879,-0.07879009703400372,0.416965411866497,-0.7375675003039628,0.0011055660716877238,-2.3562116835479676,-0.630835395435933,-0.5650092451040861,-0.7826186269309902,0.0,1.0,0.0,1.0,0.0,0.0,0.0,0.0,0.0,0.0,0.0,0.0,1.0,0.0,512.27,0,2025-05-13 18:00:00
0.6931471805599453,0.05530039055030851,-0.21527311214874637,-0.05580565061420483,-0.27691098345507764,-0.11126648662717986,0.41386845418597,-0.353652672259388,2.7076374073208673,0.05988282537628558,1.0,0.0,0.0,0.0,1.0,0.0,0.0,0.0,0.0,1.0,0.0,0.0,0.0,0.0,594.58,0,2025-05-14 00:00:00
0.6931471805599453,-1.0993873417149371,0.434840983181148,-0.04485352144092549,-0.0033961765760520558,-1.9394957377901223,1.4753775785216252,-1.140520641635192,-0.42955658319293605,-1.5537606666111465,1.0,0.0,0.0,1.0,0.0,0.0,0.0,0.0,0.0,0.0,0.0,0.0,0.0,1.0,494.03,0,2025-05-14 06:00:00
0.0,1.6718632157216522,0.6582181845856088,0.5301332601562394,1.844988097280101,-3.110959831210456,1.2427629247320215,-0.4181907391482552,-0.026242477502431374,-1.0484899868804172,1.0,0.0,0.0,0.0,1.0,0.0,0.0,0.0,0.0,0.0,1.0,0.0,0.0,0.0,462.68,0,2025-05-14 12:00:00
1.0986122886681098,0.9790505763625049,-0.151581038428529,0.5301332601562394,0.9697407152672185,-1.5668630241772945,0.48512716855109533,-0.3106272943334765,-0.5437020848034562,-0.18757320228227245,1.0,0.0,0.0,0.0,1.0,0.0,1.0,0.0,0.0,0.0,0.0,0.0,0.0,0.0,492.76,0,2025-05-14 18:00:00
0.0,-0.4065747023557897,1.0754012674530036,1.7731999213234442,-0.5662608581007839,0.014497054217149837,-1.1390800795643394,-0.9047084741566387,1.4477564332947512,0.27626297979400083,0.0,1.0,0.0,0.0,1.0,0.0,0.0,0.0,0.0,0.0,0.0,1.0,0.0,0.0,499.83,0,2025-05-15 00:00:00
1.0986122886681098,1.6718632157216522,-0.8776706788389615,-0.10098318345398136,1.5412427064828673,-0.03441098944453255,-0.4862847307252058,1.7173573459820815,1.4249273329726475,1.5066373684777132,1.0,0.0,0.0,1.0,0.0,0.0,0.0,0.0,0.0,0.0,1.0,0.0,0.0,0.0,612.3062500000001,1,2025-05-15 06:00:00
0.0,-0.6375122488088388,0.6259172043417898,0.9244099103942958,-0.5590631000250196,0.6992096654807248,1.9307780979125377,-0.7135765068319166,1.0231351673036166,-0.9011673285534619,1.0,0.0,0.0,0.0,0.0,1.0,0.0,0.0,0.0,1.0,0.0,0.0,0.0,0.0,530.13,0,2025-05-15 12:00:00
0.0,-1.0993873417149371,-0.30853650581048514,-0.8977505808100527,-1.3493769367438888,-0.5397941072819327,0.003151801539676747,-1.0569521191252484,-0.2180069202081054,-0.530558766199715,0.0,0.0,1.0,0.0,1.0,0.0,0.0,0.0,0.0,1.0,0.0,0.0,0.0,0.0,461.5,0,2025-05-15 18:00:00
1.0986122886681098,1.6718632157216522,-0.27123114834578654,-0.028425327681005867,1.4102435095039652,-1.1266906312221396,-1.0981267954464515,0.2189158186008185,1.796280698212206,0.17152577738968136,0.0,0.0,1.0,1.0,0.0,0.0,0.0,0.0,1.0,0.0,0.0,0.0,0.0,0.0,561.47,0,2025-05-16 00:00:00
1.0986122886681098,1.6718632157216522,0.968944515663508,0.26317511155755646,1.4980561580282838,-0.39772788521704167,0.9560899359068062,-0.5778810841425035,-0.12364663887674195,0.549040089352504,0.0,1.0,0.0,1.0,0.0,0.0,0.0,0.0,0.0,0.0,1.0,0.0,0.0,0.0,546.11,0,2025-05-16 06:00:00
0.0,-0.6375122488088388,-0.4977929534362602,-1.1793611420236918,-0.7879518068343095,0.0703919612590747,-0.3937303086187795,-0.10873898252727655,-0.11375402873716334,-0.5777480551950678,0.0,0.0,1.0,1.0,0.0,0.0,0.0,0.0,0.0,0.0,1.0,0.0,0.0,0.0,463.15,0,2025-05-16 12:00:00
0.0,0.28623793700335765,-0.6966032121200688,-0.5314670156103604,0.7897967633731227,0.27766890820621115,-1.1317084884231194,0.8336822762729766,0.3648961080162842,-0.7526937119583273,0.0,0.0,1.0,0.0,1.0,0.0,0.0,0.0,0.0,1.0,0.0,0.0,0.0,0.0,533.6,0,2025-05-16 18:00:00
0.6931471805599453,-1.0993873417149371,0.1304838594752694,0.35079214494379124,-0.08401106702460642,-0.7913211889705921,1.5318931106043103,-1.4143937203558976,0.8176732644046802,-0.5178982252497424,1.0,0.0,0.0,0.0,1.0,0.0,0.0,0.0,1.0,0.0,0.0,0.0,0.0,0.0,516.06,0,2025-05-17 00:00:00
0.0,0.5171754834564067,1.8469852462350171,2.0825975704685855,1.0186854701824128,0.9810131551504272,0.48266997150402197,0.08322039591140538,0.48589033972343526,1.1521422218784771,0.0,1.0,0.0,0.0,0.0,1.0,0.0,0.0,0.0,1.0,0.0,0.0,0.0,0.0,528.36,0,2025-05-17 06:00:00
1.0986122886681098,0.7481130299094558,-0.6042497052257609,-0.3242805926095935,0.399678275666723,-0.6166496044645784,-0.34540543335967144,-1.6104901543643788,-0.2857332511636807,-0.3556131094364557,1.0,0.0,0.0,0.0,1.0,0.0,0.0,0.0,0.0,1.0,0.0,0.0,0.0,0.0,503.34,0,2025-05-17 12:00:00
0.6931471805599453,0.7481130299094558,-0.3572154478680738,-0.08490712166201099,1.0676302250976069,-0.8751635495334786,-1.0964886640817357,-1.5335409207661141,0.34434991772639034,0.40286838929372837,1.0,0.0,0.0,0.0,0.0,1.0,0.0,0.0,0.0,1.0,0.0,0.0,0.0,0.0,501.06,0,2025-05-17 18:00:00
1.0986122886681098,0.28623793700335765,1.1249900962780282,0.5260262117162607,0.2542835625362936,-0.5328072439016919,2.0421710307131926,-1.3647490535183076,-1.4279492372796183,1.2027843856783682,0.0,1.0,0.0,0.0,0.0,1.0,0.0,0.0,1.0,0.0,0.0,0.0,0.0,0.0,498.72,0,2025-05-18 00:00:00
0.0,0.7481130299094558,1.3165212608223853,1.1208329090495113,-0.22220802207927215,1.1626716030366817,0.0059737443718067065,-1.1239724193559952,-1.833546253002333,0.7147780799703289,0.0,1.0,0.0,0.0,0.0,1.0,0.0,0.0,0.0,0.0,1.0,0.0,0.0,0.0,428.28,0,2025-05-18 06:00:00
0.0,0.28623793700335765,0.3015425717524131,-0.4678795107588387,0.6400833953972348,-0.10427962324693904,1.4032997984741418,-0.47197246155564454,0.8625704950381518,-1.340833386997969,0.0,1.0,0.0,0.0,0.0,1.0,0.0,1.0,0.0,0.0,0.0,0.0,0.0,0.0,526.01,1,2025-05-18 12:00:00
1.0986122886681098,1.209988122815554,-0.4955182365176832,-1.4248217972741215,1.0474765024854678,-0.6935051016472257,0.9077650606476982,1.5642862898995118,0.12595152464492876,0.2002997340941647,1.0,0.0,0.0,1.0,0.0,0.0,0.0,0.0,0.0,0.0,1.0,0.0,0.0,0.0,581.23,0,2025-05-18 18:00:00
0.0,-1.0993873417149371,-0.14723380165080238,0.20430741725117987,0.7610057310700673,1.0066316542113092,-0.4821894023134172,1.4633421339964117,-0.6837205667790272,-1.2947950562707955,1.0,0.0,0.0,0.0,1.0,0.0,1.0,0.0,0.0,0.0,0.0,0.0,0.0,0.0,527.87,0,2025-05-19 00:00:00
0.0,0.05530039055030851,-2.430392447461017,-2.572057328175131,0.9611034055763022,2.280569743875169,-0.4748178111721971,-1.3275155533901148,0.7704931237389988,1.6056197795411367,0.0,0.0,1.0,0.0,1.0,0.0,0.0,0.0,0.0,1.0,0.0,0.0,0.0,0.0,490.36,0,2025-05-19 06:00:00
0.0,-0.1756371559027406,-0.022377117453243004,0.3806251964426728,0.2902723529151126,0.25437936360540897,1.4516246737332497,1.7579004905661133,1.1958753597408702,-1.5595154579520432,1.0,0.0,0.0,0.0,0.0,1.0,0.0,0.0,0.0,0.0,0.0,0.0,1.0,0.0,512.27,0,2025-05-19 12:00:00
0.0,0.28623793700335765,0.028424893728355997,0.539672632778113,0.3651290369030566,1.3280273697023732,1.4671869216980469,0.5209208751961586,0.5909042012051139,0.1933939844850884,1.0,0.0,0.0,0.0,0.0,1.0,0.0,0.0,0.0,0.0,0.0,0.0,1.0,0.0,546.97,0,2025-05-19 18:00:00
0.0,-1.0993873417149371,-0.5655795176099161,-0.8242653227394618,-0.8124241842919068,1.120750422755237,-1.81480926750949,0.2379462742218947,1.316108621437285,0.17152577738968136,1.0,0.0,0.0,1.0,0.0,0.0,0.0,0.0,0.0,0.0,0.0,1.0,0.0,0.0,523.14,0,2025-05-20 00:00:00
0.6931471805599453,-0.6375122488088388,1.9084026030366523,1.9881354563490512,-1.1953449139225427,-0.6003469232440171,0.5703099995163021,1.0670122104096504,0.1967217356434512,1.7598481874771679,0.0,1.0,0.0,0.0,1.0,0.0,0.0,0.0,0.0,0.0,0.0,1.0,0.0,0.0,524.74,0,2025-05-20 06:00:00
0.0,1.6718632157216522,-0.2466642056251345,-0.5568655602917338,0.1995806011604881,0.06340509787883389,-0.08903787478169355,-0.0028303599404175483,0.92725294595078,0.18648823487601263,0.0,1.0,0.0,0.0,1.0,0.0,1.0,0.0,0.0,0.0,0.0,0.0,0.0,0.0,535.55,0,2025-05-20 12:00:00
0.6931471805599453,-1.330324888167986,0.07361593651079329,-0.8352145824515755,-1.6718364985381085,-1.3083490791083943,-0.9859147969634383,-0.7640485847834666,-0.31693302160388925,-1.0116593222986783,0.0,1.0,0.0,0.0,1.0,0.0,0.0,0.0,1.0,0.0,0.0,0.0,0.0,0.0,449.86,0,2025-05-20 18:00:00
0.6931471805599453,0.5171754834564067,-2.5732446699477802,-2.280456888936569,0.3608103820575981,-0.17880616596950497,0.2869132734205177,0.15437775171195128,-0.9797379009556427,1.2488227164055417,1.0,0.0,0.0,1.0,0.0,0.0,0.0,0.0,0.0,0.0,0.0,1.0,0.0,0.0,512.27,0,2025-05-21 00:00:00
0.6931471805599453,0.5171754834564067,-0.828081850013937,-0.9908436787829277,-0.9722144135738638,-0.6213075133847394,-1.2971597562593868,0.8336822762729766,1.067271427926351,1.314427337691764,1.0,0.0,0.0,1.0,0.0,0.0,0.0,0.0,0.0,0.0,0.0,0.0,1.0,0.0,530.96,0,2025-05-21 06:00:00
0.0,0.05530039055030851,-1.3039526293806747,-1.4052368186709956,-0.335932599676341,-0.38608311291664144,-0.42895013296016304,0.6864030979881258,-2.2216409584781016,0.062184741912644004,0.0,0.0,1.0,1.0,0.0,0.0,0.0,0.0,0.0,0.0,1.0,0.0,0.0,0.0,451.84,0,2025-05-21 12:00:00
0.0,-1.5612624346210353,-0.032840815278702265,0.8997676197544175,-1.453024653034888,-0.7494000086891489,-0.7549382745385506,-1.095840441481361,-1.1631316735432116,-2.022200681760137,0.0,1.0,0.0,1.0,0.0,0.0,0.0,0.0,0.0,0.0,0.0,0.0,1.0,0.0,462.0,0,2025-05-21 18:00:00
0.0,-1.5612624346210353,1.2919543181017334,0.4178739361301264,-1.4328709304227494,-0.26497748099247115,-0.4617127602544733,1.5742152232670297,-0.6061016256838738,0.9587812328243482,0.0,1.0,0.0,1.0,0.0,0.0,0.0,0.0,1.0,0.0,0.0,0.0,0.0,0.0,504.55,0,2025-05-22 00:00:00
0.0,-0.6375122488088388,1.0895045123481963,1.150297574593182,-0.9736539651890165,0.5944067147771159,-0.04071299952258553,-0.6970282845527199,-0.9835427510093268,0.08405294900805158,0.0,1.0,0.0,1.0,0.0,0.0,0.0,1.0,0.0,0.0,0.0,0.0,0.0,0.0,487.85,0,2025-05-22 06:00:00
0.0,-1.330324888167986,-0.5523861594821593,-0.9922126949295869,-0.0033961765760520558,-0.09030589648645741,-0.9687144176339254,1.1629918996289914,-0.9485381305154339,0.742401078406633,0.0,0.0,1.0,0.0,1.0,0.0,1.0,0.0,0.0,0.0,0.0,0.0,0.0,0.0,512.27,0,2025-05-22 12:00:00
0.6931471805599453,-1.330324888167986,-0.7375481166544906,-0.24782455496466457,0.010999339575475945,-1.9185351476494017,1.5761226574516287,-0.6027034175612986,1.143368429000031,0.044920367889953794,1.0,0.0,0.0,1.0,0.0,0.0,0.0,0.0,0.0,0.0,1.0,0.0,0.0,0.0,509.48,0,2025-05-22 18:00:00
0.0,-1.0993873417149371,0.40617955000705225,0.4931698241964227,-0.4899646224976867,-0.7470710542290692,0.5146135331159746,-1.4656932094214075,0.5635092808185892,-0.6537113008949041,1.0,0.0,0.0,1.0,0.0,0.0,0.0,0.0,0.0,0.0,0.0,1.0,0.0,0.0,517.41,0,2025-05-23 00:00:00
0.6931471805599453,-1.0993873417149371,0.7323739561312853,0.8259580181819054,-0.0033961765760520558,-1.557547206336974,1.793175063276435,1.7769309461871896,-1.0710543022440586,1.0197820210378536,0.0,1.0,0.0,0.0,1.0,0.0,0.0,0.0,1.0,0.0,0.0,0.0,0.0,0.0,534.04,0,2025-05-23 06:00:00
0.0,1.209988122815554,-0.5128060850988837,-0.9333450006232115,0.9078399958156493,0.2916426349666928,-0.1275339618525081,0.3595757079739906,0.03996191343167009,-1.4271552571114192,1.0,0.0,0.0,0.0,0.0,1.0,0.0,0.0,0.0,0.0,0.0,0.0,1.0,0.0,522.42,0,2025-05-23 12:00:00
0.6931471805599453,0.5171754834564067,-2.0213983455005047,-2.209268049310253,0.37232679497882026,0.5618013523359933,-0.5100376355135813,-0.9402871520569117,-0.971367230837538,0.6353619594659546,0.0,0.0,1.0,0.0,1.0,0.0,0.0,0.0,0.0,0.0,0.0,1.0,0.0,0.0,497.56,0,2025-05-23 18:00:00
0.0,-1.5612624346210353,0.6149985631326048,0.981908588554012,-1.791319282595788,0.303287407267093,1.7579552389350508,-1.684957154620764,0.016371843098829095,-1.167038688502889,0.0,1.0,0.0,0.0,0.0,1.0,0.0,0.0,1.0,0.0,0.0,0.0,0.0,0.0,501.31,0,2025-05-24 00:00:00
0.6931471805599453,0.5171754834564067,0.0017348818836987973,0.833037280926807,-0.0033961765760520558,-0.7889922345105124,-0.5387049343961023,-1.2373277419684927,-0.033852177609799486,-2.59192502450891,0.0,0.0,1.0,0.0,1.0,0.0,0.0,1.0,0.0,0.0,0.0,0.0,0.0,0.0,509.58,0,2025-05-24 06:00:00
0.6931471805599453,-1.0993873417149371,1.4757514451229186,1.5452111130638382,-0.26395501891870227,0.2939715894267725,-0.14555340686437868,-1.095840441481361,-2.2406652087465213,1.1509912636102981,0.0,0.0,1.0,0.0,0.0,1.0,0.0,0.0,0.0,0.0,0.0,1.0,0.0,0.0,512.27,0,2025-05-24 12:00:00
0.0,-0.1756371559027406,1.0267728746602705,0.47947966272982256,-0.44245941919764553,-0.45828070117912595,0.7373993987172847,1.5303624342271585,0.012566993045145308,-0.5363135575406118,0.0,1.0,0.0,0.0,0.0,1.0,0.0,0.0,0.0,0.0,0.0,1.0,0.0,0.0,503.33,0,2025-05-24 18:00:00
0.0,-1.5612624346210353,-1.2428891174330439,-0.9767054471796601,-2.002933370023245,-1.156967039203181,-1.1865858891410894,-1.0710181080625658,-0.22637759032621013,0.8701574461745393,0.0,0.0,1.0,0.0,1.0,0.0,0.0,1.0,0.0,0.0,0.0,0.0,0.0,0.0,465.03,0,2025-05-25 00:00:00
0.0,-1.330324888167986,0.005829372337137353,1.1516665907398425,-1.1334441944709734,0.8133284340246543,0.729208741893707,-1.1231450082420353,0.3435889477156537,-0.6514093843585455,0.0,1.0,0.0,0.0,0.0,1.0,0.0,0.0,1.0,0.0,0.0,0.0,0.0,0.0,512.29,0,2025-05-25 06:00:00
0.0,-1.330324888167986,0.06360718206904942,0.08914835169261967,-0.0033961765760520558,0.8925128856673796,0.6030726268106124,1.225047733175979,-0.6030577456409262,-0.45114264569534074,0.0,0.0,1.0,0.0,0.0,1.0,0.0,0.0,0.0,1.0,0.0,0.0,0.0,0.0,517.39,0,2025-05-25 12:00:00
0.6931471805599453,-0.1756371559027406,-1.2876252168317657,-0.4791748614680252,-1.4487059981894297,1.0299211988121113,1.2771636833910476,1.3690172670049905,-0.41966397305335745,-0.04830725183257255,1.0,0.0,0.0,0.0,0.0,1.0,0.0,0.0,0.0,0.0,1.0,0.0,0.0,0.0,444.01,0,2025-05-25 18:00:00
0.6931471805599453,-0.1756371559027406,0.8356461042347731,0.3822795163169689,-0.19629609300652265,-0.6026758777040984,0.9044887979182679,-0.9601450187919477,1.734642127342525,-0.7342783796674579,0.0,1.0,0.0,1.0,0.0,0.0,0.0,1.0,0.0,0.0,0.0,0.0,0.0,0.0,554.47,0,2025-05-26 00:00:00
0.0,-0.4065747023557897,1.418428578774727,1.2431625692813992,0.20533880762109916,1.2721324626604502,1.3074691136382839,0.5738751864895881,-0.1647390194565291,0.4143779719755215,0.0,1.0,0.0,0.0,1.0,0.0,0.0,0.0,0.0,0.0,0.0,0.0,0.0,1.0,542.6,0,2025-05-26 06:00:00
0.0,0.5171754834564067,-0.07697032349913696,0.20978348183781892,0.6832699438518182,-0.48157024577992813,-0.07920908659340006,0.170925973991148,0.8511559448770999,0.09210965688530708,1.0,0.0,0.0,1.0,0.0,0.0,0.0,0.0,0.0,1.0,0.0,0.0,0.0,0.0,518.91,0,2025-05-26 12:00:00
0.6931471805599453,0.7481130299094558,-0.6138035162837945,-0.38163149351926434,2.0220529459438907,0.7201702556214457,-0.8180063320800982,0.3182051522759988,-0.20659237004705347,0.3740944325892445,1.0,0.0,0.0,1.0,0.0,0.0,0.0,0.0,0.0,1.0,0.0,0.0,0.0,0.0,546.36,0,2025-05-26 18:00:00
0.0,0.7481130299094558,-0.5173555189360428,-0.8514496916798803,1.3886502352766736,-0.5002018814605692,2.1036009568900247,-0.6043582397892183,0.9158383957897275,-0.5869557213405024,0.0,0.0,1.0,1.0,0.0,0.0,1.0,0.0,0.0,0.0,0.0,0.0,0.0,0.0,523.67,0,2025-05-27 00:00:00
0.0,0.28623793700335765,0.8888744801295261,0.39733869393022814,-0.0033961765760520558,-0.19976675611022576,-1.4708016809192312,0.9246974988085586,-1.2262921844343662,-0.7780147938582728,0.0,1.0,0.0,0.0,1.0,0.0,0.0,0.0,0.0,0.0,0.0,0.0,0.0,1.0,492.74,0,2025-05-27 06:00:00
1.0986122886681098,0.28623793700335765,-1.0714765603018959,-0.510319011305297,2.017734291098433,-2.503102717129527,-1.3725137990363,1.3756365559166692,-0.3184549616253631,1.1210663486376349,1.0,0.0,0.0,1.0,0.0,0.0,0.0,1.0,0.0,0.0,0.0,0.0,0.0,0.0,581.31,0,2025-05-27 12:00:00
0.0,0.05530039055030851,1.445270238413956,1.8580789224163594,0.5076446468031801,-0.28128016221303254,0.003151801539676747,0.8369919207288159,-1.0916004925339524,0.0207502442581878,1.0,0.0,0.0,0.0,1.0,0.0,0.0,0.0,0.0,0.0,0.0,0.0,0.0,1.0,486.13,1,2025-05-27 18:00:00
0.0,-0.8684497952618879,-0.3581253346355097,0.38364853246362923,-0.0033961765760520558,0.130944777221159,0.003151801539676747,1.452585789514934,-0.9059238099141731,-0.7009005898902569,1.0,0.0,0.0,0.0,1.0,0.0,0.0,0.0,0.0,1.0,0.0,0.0,0.0,0.0,508.44,0,2025-05-28 00:00:00
0.0,0.05530039055030851,0.20100008395122287,1.02845513754045,-0.0033961765760520558,0.0011055660716877238,0.21565455905539296,-1.30186580885736,1.1540220091503464,-0.7803167103946315,1.0,0.0,0.0,1.0,0.0,0.0,0.0,0.0,0.0,0.0,0.0,0.0,1.0,0.0,505.34,0,2025-05-28 06:00:00
0.6931471805599453,-1.5612624346210353,-2.5969017259010014,-2.296885082696488,-1.6560014307714281,1.8753316678212166,1.0117864023071332,0.5970426976804635,-1.1867217438760524,1.1199153903694559,0.0,0.0,1.0,0.0,1.0,0.0,0.0,1.0,0.0,0.0,0.0,0.0,0.0,0.0,612.3062500000001,0,2025-05-28 12:00:00
1.3862943611198906,1.6718632157216522,1.4302571067513377,1.1242862678066434,1.395847993352438,-1.1825855382640629,-1.931935660086649,1.7868598795547077,1.306976981308443,1.4030511243415729,0.0,1.0,0.0,1.0,0.0,0.0,0.0,1.0,0.0,0.0,0.0,0.0,0.0,0.0,612.3062500000001,0,2025-05-28 18:00:00
0.6931471805599453,-0.4065747023557897,0.7687694268285532,1.324162625218991,-0.7764353939130874,-0.5560967885024941,-0.46089369457211565,0.1750630295609472,1.2148996100092901,0.26820627191674584,1.0,0.0,0.0,1.0,0.0,0.0,0.0,0.0,0.0,0.0,0.0,0.0,1.0,0.0,576.08,0,2025-05-29 00:00:00
1.0986122886681098,0.9790505763625049,0.7732683114008516,1.0229790729538097,1.0230041250278707,-0.9124268208947623,0.003151801539676747,1.5866263899764272,0.35195961783375845,1.9048689292677643,0.0,1.0,0.0,0.0,1.0,0.0,0.0,0.0,0.0,0.0,0.0,0.0,1.0,0.0,605.92,0,2025-05-29 06:00:00
0.6931471805599453,1.6718632157216522,0.38752687127470037,-0.13814317750366537,0.9049608925853441,-0.5560967885024941,0.7963721278470431,-0.47528210601148385,1.5588580548623248,0.4120760554391631,1.0,0.0,0.0,0.0,1.0,0.0,0.0,0.0,0.0,0.0,1.0,0.0,0.0,0.0,558.19,0,2025-05-29 12:00:00
0.0,0.05530039055030851,0.023117220918337882,-0.4913511933892556,-0.0033961765760520558,1.1160925138350775,-1.4912783229781752,1.4294182783240585,0.4965439198737505,0.3073388530348431,1.0,0.0,0.0,1.0,0.0,0.0,1.0,0.0,0.0,0.0,0.0,0.0,0.0,0.0,496.53,0,2025-05-29 18:00:00
1.0986122886681098,1.209988122815554,0.4498541148437664,0.6245953742757748,-0.0033961765760520558,1.5842123603111937,-1.2259010418942615,1.5758700454949495,0.5749238309796411,-0.5581817646360191,0.0,1.0,0.0,0.0,0.0,1.0,0.0,0.0,0.0,0.0,0.0,0.0,0.0,1.0,550.97,0,2025-05-30 00:00:00
0.0,0.05530039055030851,0.8329164439324808,0.649237664915653,-0.07249465410338428,-0.6981630105673852,0.5350901751749185,0.4762406750423275,0.6966790326975293,-1.5491568335384291,0.0,1.0,0.0,1.0,0.0,0.0,0.0,0.0,0.0,1.0,0.0,0.0,0.0,0.0,533.67,0,2025-05-30 06:00:00
0.0,-1.330324888167986,-1.0510041080346824,-0.9785225334629879,-2.35418396412052,-0.7214525551681873,1.073216328483965,0.7625249204724307,1.1441293990107677,-0.04140150222349626,0.0,0.0,1.0,0.0,0.0,1.0,0.0,0.0,0.0,0.0,0.0,0.0,0.0,1.0,517.23,0,2025-05-30 12:00:00
0.0,-1.5612624346210353,0.47780785830985867,0.9285169588342757,-2.236140731677993,-1.1779276293439034,0.003151801539676747,0.13038282940711604,-1.2095508441981564,0.11743073878525229,0.0,1.0,0.0,1.0,0.0,0.0,0.0,0.0,0.0,0.0,0.0,0.0,1.0,0.0,466.97,0,2025-05-30 18:00:00
0.0,-1.0993873417149371,1.8988487919786186,2.0609590015723516,-0.0033961765760520558,1.4048828668850206,0.5899675758928885,-0.5845003730541822,-1.3206524657657295,1.249973674673721,0.0,1.0,0.0,0.0,0.0,1.0,0.0,0.0,0.0,0.0,0.0,0.0,1.0,0.0,518.05,0,2025-05-31 00:00:00
1.6094379124341003,1.6718632157216522,0.40956635075249254,0.9901226854339717,0.7552475246094562,1.2092506922382844,0.5580240142809358,0.17754526290282668,-0.2781235510563126,1.161349888023912,0.0,0.0,1.0,0.0,0.0,1.0,0.0,0.0,0.0,0.0,0.0,1.0,0.0,0.0,568.77,0,2025-05-31 06:00:00
1.0986122886681098,0.05530039055030851,-1.5582659808778134,-2.3489076962695647,0.28451414645450157,-0.07633216972597578,-0.18241136257047802,1.658611156890933,0.9196432458434118,-1.2372471428618288,0.0,0.0,1.0,1.0,0.0,0.0,0.0,0.0,0.0,0.0,0.0,1.0,0.0,0.0,575.05,0,2025-05-31 12:00:00
0.0,-0.6375122488088388,0.14822665144018532,0.23853282091767827,-0.402151973973368,-1.427125756572483,-1.0465256574579127,-1.634485076669214,0.768971183717525,0.14390277895337722,0.0,1.0,0.0,0.0,1.0,0.0,0.0,0.0,0.0,0.0,1.0,0.0,0.0,0.0,508.75,0,2025-05-31 18:00:00
0.6931471805599453,-0.1756371559027406,-1.1447224450801416,-0.7170404494509441,0.5191610597244023,-1.3339675781692761,0.5850531817987418,-0.9733835966153052,-0.5695750651685071,0.6503244169522859,0.0,0.0,1.0,0.0,1.0,0.0,1.0,0.0,0.0,0.0,0.0,0.0,0.0,0.0,484.9,0,2025-06-01 00:00:00
1.3862943611198906,-0.8684497952618879,-0.01605845934607784,-0.763586998437381,-0.24380129630656383,0.21478713778404712,0.6325589913754915,0.04929654023905212,-2.303825719637676,-1.7747446541015794,0.0,0.0,1.0,0.0,1.0,0.0,0.0,0.0,0.0,1.0,0.0,0.0,0.0,0.0,555.89,0,2025-01-06 06:00:00
0.0,1.4409256692686032,-1.7989310308634745,-1.9546310460315086,1.8334716843588788,0.6107093959976773,0.9085841263300565,-0.5067237283419577,-0.05668127793190329,1.8450190993224387,0.0,0.0,1.0,1.0,0.0,0.0,0.0,0.0,0.0,0.0,0.0,1.0,0.0,0.0,465.47,0,2025-06-01 12:00:00
1.3862943611198906,1.6718632157216522,0.449399171460051,-0.014114494213002255,1.721186658376963,-2.1304700035166975,0.3360572143619833,0.48120514172608647,1.1509781291073993,0.5432852980116075,1.0,0.0,0.0,0.0,0.0,1.0,0.0,0.0,0.0,0.0,0.0,0.0,1.0,0.0,571.52,0,2025-06-01 18:00:00
0.6931471805599453,-1.330324888167986,1.5876675175170092,1.4268388362184852,-0.9707748619587109,-0.30224075235375497,-1.1186034375053955,-0.43308413919953226,-0.5969699855550319,0.8540440304200289,0.0,1.0,0.0,0.0,0.0,1.0,0.0,0.0,0.0,0.0,1.0,0.0,0.0,0.0,512.27,0,2025-02-06 00:00:00
0.0,0.7481130299094558,0.31246121296159296,1.0448833313003685,1.2907607254462854,1.730936491296246,0.7079130341524055,0.6028345754781824,0.4501247492188057,0.5317757153298138,0.0,1.0,0.0,1.0,0.0,0.0,0.0,0.0,0.0,0.0,0.0,1.0,0.0,0.0,568.4,0,2025-06-02 06:00:00
0.0,-0.4065747023557897,1.2118842825677463,2.0461397448930243,0.23844849476961297,-0.19277989272998494,0.02808851779546585,-1.316759208908637,-0.6487159462851343,0.5168132578434825,0.0,1.0,0.0,1.0,0.0,0.0,1.0,0.0,0.0,0.0,0.0,0.0,0.0,0.0,499.32,0,2025-06-02 12:00:00
0.6931471805599453,-1.5612624346210353,0.7270157340564168,0.24904529955744736,-0.0033961765760520558,1.5958571326115958,-0.44451238092496026,-0.5323734728747126,0.29869171708218223,-1.401834175211474,0.0,1.0,0.0,0.0,0.0,1.0,0.0,0.0,0.0,1.0,0.0,0.0,0.0,0.0,499.56,0,2025-02-06 18:00:00
1.0986122886681098,1.4409256692686032,-0.791231435932959,-0.4788316399321181,1.9630313297226276,0.7155123467012862,-0.2602226023944647,0.721154364774439,0.873224075188467,0.5743611712524498,1.0,0.0,0.0,0.0,1.0,0.0,0.0,0.0,0.0,0.0,1.0,0.0,0.0,0.0,545.38,0,2025-06-03 00:00:00
0.0,-1.5612624346210353,-1.7802783521311278,-1.3563709899411247,-2.6284185468071226,-1.1010721321612578,-0.6484597358320422,-0.04833797120820853,-0.09168589842579619,-0.6870890906721051,0.0,0.0,1.0,1.0,0.0,0.0,0.0,0.0,0.0,0.0,0.0,0.0,0.0,1.0,504.3,0,2025-06-03 06:00:00
1.0986122886681098,-0.8684497952618879,0.7628551628402427,0.8573281192079605,-0.9203905554283642,-0.271964344372712,0.9036697322359097,0.7939665428029045,-0.20811431006852676,0.4776806767253853,1.0,0.0,0.0,0.0,1.0,0.0,0.0,0.0,1.0,0.0,0.0,0.0,0.0,0.0,551.56,0,2025-03-06 12:00:00
0.6931471805599453,-1.5612624346210353,0.34840174027514537,0.48906277575644275,-1.4918925466440127,-0.09962171432677795,-1.3643231422127229,0.5250579307659577,-0.14875864923105625,0.5766630877888083,0.0,1.0,0.0,0.0,0.0,1.0,0.0,1.0,0.0,0.0,0.0,0.0,0.0,0.0,550.88,0,2025-06-03 18:00:00
1.0986122886681098,0.05530039055030851,1.0351135033617298,1.0626805412069473,-0.0033961765760520558,-0.9636638190165261,-0.9465996442102662,-0.54478463958411,0.43033952893964905,-0.5340116410042531,0.0,1.0,0.0,0.0,1.0,0.0,0.0,0.0,1.0,0.0,0.0,0.0,0.0,0.0,539.9,0,2025-06-04 00:00:00
0.0,0.28623793700335765,0.09909276599888127,0.8806013937011784,1.2216622479189525,-0.9799665002370875,-0.29380429537113306,-0.19809938283493883,-0.7445981676379716,-1.0266217797850097,1.0,0.0,0.0,0.0,0.0,1.0,0.0,1.0,0.0,0.0,0.0,0.0,0.0,0.0,506.9,0,2025-04-06 06:00:00
0.0,-0.6375122488088388,-0.7047921930269563,-0.12562547409385957,-1.4846947885682487,1.6144887682922369,1.6162568758871596,1.6660578569165716,0.07877138397924677,-1.0461880703440585,1.0,0.0,0.0,0.0,0.0,1.0,0.0,0.0,0.0,0.0,1.0,0.0,0.0,0.0,530.58,0,2025-06-04 12:00:00
0.6931471805599453,-1.330324888167986,-0.3412924294380246,-0.833406821917037,-0.1919774381610642,-0.9892823180774081,1.0658447373427462,1.6569563346630134,0.1868291255038726,-0.8850539127989512,1.0,0.0,0.0,0.0,0.0,1.0,0.0,0.0,0.0,0.0,0.0,1.0,0.0,0.0,530.79,0,2025-06-04 18:00:00
1.0986122886681098,-1.330324888167986,0.5162758488662761,0.8302999659987773,-1.864736414968579,1.1650005574967615,-1.583013679402244,-1.5625003097547083,0.5186120501851177,0.0690904915217203,0.0,0.0,1.0,0.0,1.0,0.0,0.0,0.0,0.0,0.0,0.0,0.0,1.0,0.0,505.4,0,2025-05-06 00:00:00
0.0,1.6718632157216522,1.141368058091798,1.440528997685084,0.5868199856365826,-0.42101742981784385,1.3582511859444653,0.7650071538143102,1.0307448674109847,-0.13232720540966417,0.0,1.0,0.0,0.0,0.0,1.0,0.0,0.0,0.0,0.0,0.0,0.0,0.0,1.0,523.12,0,2025-06-05 06:00:00
0.6931471805599453,1.209988122815554,0.006284315720857921,-0.9634633558497286,0.8013131762943448,0.007510190836910677,1.3557939888973918,0.020337151250457857,-0.412815242956726,1.0623674769604892,0.0,0.0,1.0,0.0,0.0,1.0,1.0,0.0,0.0,0.0,0.0,0.0,0.0,0.0,515.51,0,2025-06-05 12:00:00
1.0986122886681098,1.6718632157216522,1.2264424708466544,1.6321912582174731,1.120893634858259,0.624683122758159,0.003151801539676747,-1.6816475101649246,-0.09016395840432288,1.6136764874183915,0.0,1.0,0.0,0.0,0.0,1.0,0.0,1.0,0.0,0.0,0.0,0.0,0.0,0.0,532.69,0,2025-05-06 18:00:00
0.6931471805599453,0.05530039055030851,-0.7356272445899179,-0.5910909639582322,-0.9923681361860026,-0.5910311054036965,-2.4487661056543946,0.5176112307403192,-0.3854203225702012,0.7170799965066873,0.0,0.0,1.0,1.0,0.0,0.0,0.0,0.0,1.0,0.0,0.0,0.0,0.0,0.0,530.69,0,2025-06-06 00:00:00
0.0,0.28623793700335765,2.39438323537485,2.240034427334476,0.6242483276305548,0.6316699861383998,-0.041532065204943125,-1.6055256876806199,0.2758626167600784,0.446604803484543,1.0,0.0,0.0,1.0,0.0,0.0,0.0,1.0,0.0,0.0,0.0,0.0,0.0,0.0,512.27,0,2025-06-06 06:00:00
0.0,0.9790505763625049,-0.15522058549825732,-0.0996141673073222,1.2058271801522724,-2.1095094133759766,1.1330081232960818,-0.5778810841425035,0.26520903660976314,0.7124761634339699,0.0,0.0,1.0,0.0,0.0,1.0,0.0,0.0,0.0,0.0,0.0,0.0,1.0,0.0,499.28,0,2025-06-06 12:00:00
0.6931471805599453,0.5171754834564067,-0.15431069873082653,-1.1235765515938712,1.0733884315582178,0.4965906274537478,1.5941421024634992,0.7128802536348405,-0.8313487488619663,0.8701574461745393,1.0,0.0,0.0,0.0,0.0,1.0,0.0,1.0,0.0,0.0,0.0,0.0,0.0,0.0,548.48,0,2025-06-06 18:00:00
0.0,-0.1756371559027406,1.91158720672266,1.6705237103239503,-0.45109672888856245,-2.552010760791211,-0.8261969889036759,1.1381695662101963,-1.1113857128131093,1.946303426922221,0.0,1.0,0.0,0.0,1.0,0.0,1.0,0.0,0.0,0.0,0.0,0.0,0.0,0.0,535.13,0,2025-06-07 00:00:00
0.0,-0.6375122488088388,-1.896288914978657,-2.0490931601510427,-0.5705795129462418,-0.20209571057030715,1.751402713476189,-0.25188110524232815,-2.178265667866104,0.5916255452751394,0.0,0.0,1.0,0.0,0.0,1.0,0.0,0.0,0.0,0.0,0.0,0.0,1.0,0.0,469.81,0,2025-07-06 06:00:00
0.0,0.05530039055030851,-0.3112661661127775,-0.866263209436875,-0.0033961765760520558,0.9297761570286635,-2.1604549854644635,1.1241035772728791,-2.7325371994365213,-1.2775306822481054,0.0,0.0,1.0,0.0,0.0,1.0,0.0,0.0,0.0,0.0,0.0,0.0,0.0,1.0,498.06,0,2025-06-07 12:00:00
0.0,-1.5612624346210353,1.0171685143373812,1.5882530305528346,-0.19917519623682786,0.6875648931803229,-0.3323003824419476,1.2308396109736979,-0.7476420476809187,-0.8885067876034891,0.0,0.0,1.0,0.0,1.0,0.0,0.0,1.0,0.0,0.0,0.0,0.0,0.0,0.0,512.27,0,2025-06-07 18:00:00
0.0,-1.0993873417149371,0.062242351917898064,0.28097232146413526,-2.6284185468071226,0.0011055660716877238,-0.38062525770105504,-0.13107908260419213,1.673764526483581,-1.8288396927060082,1.0,0.0,0.0,0.0,0.0,1.0,0.0,0.0,1.0,0.0,0.0,0.0,0.0,0.0,527.86,0,2025-08-06 00:00:00
0.6931471805599453,1.4409256692686032,-0.7584755123054194,-0.9716774527296885,1.1424869090855507,-0.6865182382669849,1.3058309822735688,0.604489397706102,-0.3336743618400988,0.9300072761198649,1.0,0.0,0.0,1.0,0.0,0.0,0.0,0.0,0.0,0.0,1.0,0.0,0.0,0.0,494.84,0,2025-06-08 12:00:00
0.0,-1.330324888167986,0.7569408988519374,0.8082126662346877,-1.8100334535927742,0.23108981900460848,0.967556855459815,-1.6377947211250534,-0.3991177827634636,0.7262876626521221,1.0,0.0,0.0,1.0,0.0,0.0,0.0,0.0,0.0,0.0,0.0,0.0,0.0,1.0,438.65,0,2025-08-06 18:00:00
0.0,-1.330324888167986,0.6927938817480098,1.0832157834068468,-0.0033961765760520558,-2.0932067321554153,-1.2979788219417443,1.4178345227286209,-1.873116693560647,-0.7745619190537346,0.0,1.0,0.0,1.0,0.0,0.0,0.0,0.0,0.0,1.0,0.0,0.0,0.0,0.0,466.65,0,2025-06-09 00:00:00
1.0986122886681098,-1.330324888167986,0.2892591003920871,-0.15163678088039817,-1.1881471558467787,0.021483917597390653,0.8774596304004608,-0.33793186109415113,-1.7346201516065491,-0.49603001815433484,0.0,1.0,0.0,0.0,0.0,1.0,1.0,0.0,0.0,0.0,0.0,0.0,0.0,0.0,485.18,0,2025-06-09 06:00:00
0.6931471805599453,0.9790505763625049,-1.1770234253239658,-1.082139266993719,0.3392171078303064,0.3615112687690976,0.5301757810807718,0.9553117100250725,-0.7164422772407096,0.2647533971122077,0.0,0.0,1.0,0.0,1.0,0.0,0.0,0.0,0.0,1.0,0.0,0.0,0.0,0.0,506.08,0,2025-09-06 12:00:00
0.6931471805599453,-0.6375122488088388,-1.0743073191339043,-0.5705557217583327,-0.5029205870340621,-0.2603195720723117,-1.6125000439671233,0.871743187515129,-0.4683660537405127,-0.3820851496045806,0.0,0.0,1.0,0.0,1.0,0.0,0.0,0.0,0.0,0.0,1.0,0.0,0.0,0.0,483.35,0,2025-06-09 18:00:00
0.0,-0.6375122488088388,0.6805104103876838,-0.33032156348524166,-0.13727447678525934,0.5850908969367954,-2.001556243087059,-0.04254609341048968,-0.4287956131821989,0.19914877582598547,0.0,1.0,0.0,1.0,0.0,0.0,0.0,0.0,0.0,0.0,1.0,0.0,0.0,0.0,498.11,0,2025-06-10 00:00:00
0.0,-1.5612624346210353,0.7073520700269179,0.5931080029025959,-1.445826894959124,0.2706820448259703,1.0502824893779477,1.6908801903353667,-0.3968348727312536,-0.0782321668052351,0.0,0.0,1.0,0.0,0.0,1.0,0.0,0.0,0.0,0.0,1.0,0.0,0.0,0.0,522.4,0,2025-10-06 06:00:00
0.0,1.6718632157216522,0.4275618890416965,0.16323693285138202,1.0330809863339403,-0.5328072439016919,-0.14719153822909387,1.0810781993469676,1.2567529605998145,-0.1426858298232781,1.0,0.0,0.0,1.0,0.0,0.0,0.0,0.0,0.0,0.0,0.0,0.0,0.0,1.0,579.0,0,2025-06-10 12:00:00
0.6931471805599453,-0.1756371559027406,0.30336234528727984,0.19198627193124015,-0.2783505350702303,0.0011055660716877238,-1.2332726330354815,1.3847380781702274,-0.386942262591675,-0.30151807083202664,1.0,0.0,0.0,1.0,0.0,0.0,0.0,0.0,0.0,0.0,0.0,0.0,1.0,0.0,579.79,0,2025-06-10 18:00:00
0.6931471805599453,0.9790505763625049,-0.705702079794387,-0.0010199822602967896,0.7610057310700673,0.1751949119626836,-0.17503977142925792,-1.3597845868345486,0.40979333864975515,0.5686063799115527,0.0,1.0,0.0,1.0,0.0,0.0,0.0,0.0,1.0,0.0,0.0,0.0,0.0,0.0,506.92,0,2025-11-06 00:00:00
0.6931471805599453,0.7481130299094558,-1.4759212284252492,-1.2838131341681491,-0.5489862387189507,-0.9636638190165261,0.3876583523505217,-0.0036577710543773843,-0.7133983971977624,0.9725927320425003,0.0,0.0,1.0,0.0,0.0,1.0,0.0,0.0,1.0,0.0,0.0,0.0,0.0,0.0,474.4,0,2025-06-11 06:00:00
0.0,1.209988122815554,-0.12564926555673078,-0.2858003632530698,0.6602371180093739,0.538511807735191,-1.4953736513899638,1.1381695662101963,-0.9005970198390155,0.10937403090799679,0.0,1.0,0.0,0.0,0.0,1.0,0.0,0.0,0.0,1.0,0.0,0.0,0.0,0.0,508.64,0,2025-11-06 18:00:00
0.0,0.28623793700335765,0.7915165960143437,0.836792877008061,1.0215645734127181,1.5213305898890297,1.883272288335788,-0.10791157141331671,0.6959180626867926,0.2659043553803869,0.0,1.0,0.0,0.0,0.0,1.0,0.0,0.0,0.0,1.0,0.0,0.0,0.0,0.0,520.07,1,2025-06-12 00:00:00
0.0,0.5171754834564067,0.17870785814914783,1.0996439771667652,0.773961695606442,-0.004134581463491232,1.01670079640128,-1.4416982871165722,-0.11375402873716334,-0.914978827771614,1.0,0.0,0.0,0.0,1.0,0.0,0.0,1.0,0.0,0.0,0.0,0.0,0.0,0.0,512.27,0,2025-06-12 06:00:00
0.6931471805599453,-0.8684497952618879,-1.365723831036304,-1.5135023435830135,0.026834407342156554,0.6153673049178384,-0.2995377551476374,-0.7053023956923182,-2.0618372562233733,0.5985312948842157,1.0,0.0,0.0,1.0,0.0,0.0,0.0,0.0,1.0,0.0,0.0,0.0,0.0,0.0,444.24,0,2025-12-06 12:00:00
1.0986122886681098,1.209988122815554,-1.4549938327743255,-0.4610344300255393,0.29747011099087634,-1.4783627546942468,-0.2602226023944647,0.30248434111076195,0.41055430866049236,0.9956118974060871,0.0,0.0,1.0,0.0,1.0,0.0,0.0,0.0,0.0,0.0,0.0,1.0,0.0,0.0,533.73,0,2025-06-12 18:00:00
0.0,1.4409256692686032,0.8993381779549854,0.7970914087549236,0.8992026861247331,0.2916426349666928,0.3827439582563756,0.544088386387034,-0.580989615329559,0.9864042312606525,0.0,1.0,0.0,0.0,0.0,1.0,0.0,0.0,0.0,0.0,0.0,0.0,1.0,0.0,531.04,0,2025-06-13 00:00:00
0.0,-0.1756371559027406,0.34233582849226823,1.1461905261532022,-0.9750935168041693,-0.027424126064293397,-1.0809264161169385,1.5262253786573592,1.4363418831336994,-1.5364962925884567,1.0,0.0,0.0,0.0,1.0,0.0,0.0,0.0,0.0,0.0,0.0,0.0,1.0,0.0,569.67,0,2025-06-13 06:00:00
0.0,-1.330324888167986,0.25331857307853983,0.5709157790256094,-1.562430575786498,1.323369460782214,0.003151801539676747,-1.3630942312903878,-1.0649665421581644,0.2946783120848703,0.0,0.0,1.0,0.0,1.0,0.0,0.0,0.0,1.0,0.0,0.0,0.0,0.0,0.0,494.55,0,2025-06-13 12:00:00
1.0986122886681098,1.209988122815554,0.42710694565797597,0.5155087492755179,1.7629336552163932,-0.5304782894416122,-1.278321245565158,-0.30897247210555684,1.090861498259192,0.2820177711348979,1.0,0.0,0.0,0.0,1.0,0.0,0.0,1.0,0.0,0.0,0.0,0.0,0.0,0.0,512.27,0,2025-06-13 18:00:00
0.0,1.4409256692686032,0.006284315720857921,-0.8788228409601646,2.102667836392446,-0.21839839179086848,-0.039893933840227935,-0.7408810735925913,1.5542922347979038,0.166921944316964,0.0,0.0,1.0,1.0,0.0,0.0,0.0,1.0,0.0,0.0,0.0,0.0,0.0,0.0,530.22,0,2025-06-14 00:00:00
0.6931471805599453,0.05530039055030851,-1.045089844046377,-1.2596871766358329,-0.7274906389978932,1.144039967356039,-1.1186034375053955,1.6503370457513347,-0.860265609269965,-0.32914106926833075,1.0,0.0,0.0,1.0,0.0,0.0,0.0,0.0,0.0,1.0,0.0,0.0,0.0,0.0,511.21,0,2025-06-14 06:00:00
1.0986122886681098,0.28623793700335765,-0.49233363283167025,-0.42544001021238176,-0.09264837671552335,-0.06002948850541444,-1.06945949656393,-1.1090790193047182,0.17237069529987356,-1.054244778221314,0.0,1.0,0.0,1.0,0.0,0.0,0.0,0.0,0.0,0.0,1.0,0.0,0.0,0.0,486.91,0,2025-06-14 12:00:00
0.0,-0.8684497952618879,-0.8523960464103061,-0.3569892028793861,-0.7807540487585458,-1.1266906312221396,1.647381371816754,-0.9196018742079158,0.1518245050099797,-1.6078557052155757,1.0,0.0,0.0,1.0,0.0,0.0,0.0,0.0,0.0,0.0,0.0,0.0,0.0,1.0,467.77,0,2025-06-14 18:00:00
0.6931471805599453,-1.330324888167986,0.4930737362967703,0.42198098457010635,-0.7260510873827407,2.709097364529922,0.08788031260758251,-0.6515206732849289,-0.4303175532036727,0.12318553012614886,1.0,0.0,0.0,0.0,0.0,1.0,0.0,0.0,0.0,0.0,0.0,0.0,0.0,1.0,481.94,0,2025-06-15 00:00:00
1.3862943611198906,1.6718632157216522,-0.3403825426705938,-0.4761543760302005,0.18662463662411333,-1.094085268781017,0.23367400406726357,-1.3192414422505165,0.9805208467023556,1.4283722062415187,0.0,0.0,1.0,0.0,1.0,0.0,1.0,0.0,0.0,0.0,0.0,0.0,0.0,0.0,480.19,0,2025-06-15 06:00:00
1.0986122886681098,0.05530039055030851,-1.7898321631891563,-1.7533856724725005,-1.021159168489058,-0.032082034984452834,-1.9474979080514465,0.5498802641847529,-1.2027021141015253,-0.40165144016362925,1.0,0.0,0.0,0.0,1.0,0.0,0.0,0.0,0.0,0.0,0.0,1.0,0.0,0.0,512.27,0,2025-06-15 12:00:00
0.0,-0.6375122488088388,-0.4859644254596496,0.01949023745209141,-0.22796622853988324,0.3987745401303814,-0.5567243794079729,0.13782952943275456,0.24390187630913265,-1.2947950562707955,1.0,0.0,0.0,0.0,0.0,1.0,0.0,0.0,1.0,0.0,0.0,0.0,0.0,0.0,542.15,0,2025-06-15 18:00:00
0.6931471805599453,0.7481130299094558,1.143794422804952,1.6024115560426364,-0.6843040905433105,0.0011055660716877238,0.48266997150402197,0.25201226315921194,-0.15789028935989818,0.7596654524293227,1.0,0.0,0.0,0.0,0.0,1.0,0.0,1.0,0.0,0.0,0.0,0.0,0.0,0.0,512.27,0,2025-06-16 00:00:00
0.0,-1.5612624346210353,0.8138088218164135,-0.0010199822602967896,-1.582584298398637,0.0011055660716877238,0.22056895314953914,1.466651778452251,-0.3085623514857845,-0.3130276535138203,0.0,1.0,0.0,0.0,1.0,0.0,0.0,0.0,0.0,0.0,1.0,0.0,0.0,0.0,512.7,0,2025-06-16 06:00:00
0.0,-1.330324888167986,-1.7766388050613995,-1.9409408845649097,-0.0033961765760520558,-0.15784557582878253,-2.0875581397346235,-0.18072374944178227,0.30401850715733986,1.2856533809872805,0.0,0.0,1.0,0.0,1.0,0.0,1.0,0.0,0.0,0.0,0.0,0.0,0.0,0.0,512.27,1,2025-06-16 12:00:00
0.0,-0.8684497952618879,0.94892700678001,1.0215344502810344,-0.4626131418097846,-0.21141152841062769,0.23367400406726357,-0.6043582397892183,0.257599336502395,-0.23821536608216337,0.0,0.0,1.0,1.0,0.0,0.0,0.0,0.0,1.0,0.0,0.0,0.0,0.0,0.0,459.5,0,2025-06-16 18:00:00
0.6931471805599453,-0.1756371559027406,0.13366846316128234,0.8353970351751062,-0.2625154673035497,-1.1336774946023804,0.3901155493975951,-0.3817846501340224,0.23857508623397503,-1.208473186157345,1.0,0.0,0.0,0.0,0.0,1.0,0.0,0.0,0.0,0.0,1.0,0.0,0.0,0.0,523.34,0,2025-06-17 00:00:00
0.6931471805599453,-0.4065747023557897,0.24467464878793702,0.7532828920618062,-0.5950518904038387,2.2898855617154896,1.2919068656734867,1.0943167771703248,0.41588109873564943,-0.8240531245854463,1.0,0.0,0.0,0.0,1.0,0.0,0.0,0.0,1.0,0.0,0.0,0.0,0.0,0.0,573.72,0,2025-06-17 06:00:00
0.0,-1.0993873417149371,-0.1069965868243789,-0.7129334010109641,-0.37192139005516006,-0.19510884719006633,-0.6140589771730163,0.1502406961421521,0.18378524546092545,-2.7047189347904848,1.0,0.0,0.0,1.0,0.0,0.0,0.0,0.0,0.0,0.0,1.0,0.0,0.0,0.0,501.05,0,2025-06-17 12:00:00
0.0,-0.4065747023557897,0.6750510897830938,0.4657895012632237,-0.17326326716407836,0.661946394119441,-2.1735600363821876,-1.0983226748232404,1.1951143897301335,-1.320116138170741,0.0,1.0,0.0,0.0,0.0,1.0,0.0,0.0,0.0,1.0,0.0,0.0,0.0,0.0,469.75,1,2025-06-17 18:00:00
0.6931471805599453,-0.4065747023557897,-1.2120540658700822,-1.5571106020916026,-0.7764353939130874,-0.31621447911423495,-0.9498759069396971,0.7112254314069208,-0.2020265499826325,1.0151781879651363,0.0,0.0,1.0,0.0,1.0,0.0,0.0,0.0,0.0,0.0,0.0,0.0,1.0,0.0,501.77,0,2025-06-18 00:00:00
0.0,0.05530039055030851,2.4861807003557317,2.099025764228505,0.041229923493683915,-0.3371750692549574,-1.0481637888226278,0.9048396320735225,0.1617171151495583,2.192608496312599,0.0,1.0,0.0,0.0,1.0,0.0,0.0,1.0,0.0,0.0,0.0,0.0,0.0,0.0,569.31,1,2025-06-18 06:00:00
0.0,0.28623793700335765,1.5703796689358034,2.1688455877081596,0.45150213381222265,-0.4419780199585646,0.7537807123644401,-0.8178303071908559,0.9538868963265675,1.6919416496545867,0.0,1.0,0.0,0.0,1.0,0.0,1.0,0.0,0.0,0.0,0.0,0.0,0.0,0.0,528.88,0,2025-06-18 12:00:00
0.0,1.4409256692686032,0.6027150917722788,-0.15437481317371893,2.2523812043683336,-1.587823614318015,-2.64042747532611,0.2495300298173324,0.11225406445166637,0.6629849579022588,1.0,0.0,0.0,0.0,1.0,0.0,0.0,0.0,0.0,0.0,1.0,0.0,0.0,0.0,490.93,0,2025-06-18 18:00:00
0.0,1.209988122815554,-0.5082566512617246,-1.2509567466483111,1.4620673676494649,-0.13222707676790066,-0.41093068794829246,0.2726975410082078,-0.7506859277238659,-1.8230849013651116,0.0,0.0,1.0,1.0,0.0,0.0,0.0,0.0,1.0,0.0,0.0,0.0,0.0,0.0,545.88,0,2025-06-19 00:00:00
0.0,-0.6375122488088388,-0.4368305400183403,-0.8087645312771587,0.24276714961507145,-0.3907410218368009,1.4311480316743057,-1.0776373969742445,0.18835106552534644,-0.9897911152032709,0.0,1.0,0.0,1.0,0.0,0.0,0.0,0.0,0.0,0.0,0.0,1.0,0.0,0.0,455.23,0,2025-06-19 06:00:00
0.6931471805599453,1.4409256692686032,1.203442555336576,1.2064272366062392,0.7437311116882341,0.0011055660716877238,0.03709824030140173,-1.65434294340425,0.37174483811291514,1.5377132417185555,1.0,0.0,0.0,0.0,0.0,1.0,1.0,0.0,0.0,0.0,0.0,0.0,0.0,0.0,501.86,0,2025-06-19 12:00:00
0.0,0.05530039055030851,-0.533278537366092,-0.20092136216015583,-0.3229766351399663,-1.2198488096253466,0.9110413233771298,0.8088599428541815,-1.0908395225232157,0.8195152823746483,1.0,0.0,0.0,0.0,0.0,1.0,0.0,0.0,0.0,0.0,1.0,0.0,0.0,0.0,470.1,0,2025-06-19 18:00:00
0.6931471805599453,-1.0993873417149371,0.3893466448095671,0.5438234216228395,-1.0715434750194046,-0.5700705152629757,-1.5838327450846021,0.45224575273749223,0.012566993045145308,0.5835688373978845,1.0,0.0,0.0,0.0,0.0,1.0,0.0,0.0,0.0,0.0,0.0,0.0,0.0,1.0,501.13,0,2025-06-20 00:00:00
0.0,-0.4065747023557897,-1.185212406230848,-0.5240091727718958,-0.45109672888856245,-0.9054399575145216,-1.5445175923314294,0.7939665428029045,1.135758728892663,-0.1012513321688219,1.0,0.0,0.0,0.0,0.0,1.0,1.0,0.0,0.0,0.0,0.0,0.0,0.0,0.0,519.11,0,2025-06-20 06:00:00
1.0986122886681098,0.9790505763625049,-1.5141364726573787,-2.228434275363492,0.11176795263616938,1.5469490889499118,1.4426149512273143,-0.37516536122234373,-1.1113857128131093,-0.34410352675466205,1.0,0.0,0.0,0.0,0.0,1.0,0.0,0.0,1.0,0.0,0.0,0.0,0.0,0.0,502.73,0,2025-06-20 12:00:00
0.0,1.209988122815554,1.0094344768142145,1.4635636160726473,1.773010516522462,-0.8751635495334786,0.12883359672547043,0.10473308487436113,1.4020982326505431,0.47307684365266794,0.0,1.0,0.0,0.0,1.0,0.0,0.0,0.0,0.0,0.0,0.0,0.0,1.0,0.0,577.76,0,2025-06-20 18:00:00
1.3862943611198906,-0.4065747023557897,-0.2776003557178072,-0.4172259133324219,0.21541566892716868,0.624683122758159,0.1312907937725438,1.7248040460077199,-2.487219492225245,-0.20138470150042453,0.0,1.0,0.0,1.0,0.0,0.0,0.0,0.0,0.0,0.0,1.0,0.0,0.0,0.0,520.05,0,2025-06-21 00:00:00
0.6931471805599453,-1.0993873417149371,-2.063253136802357,-1.5288670244202747,-1.1176091267042934,1.0532107434129119,-1.06945949656393,-0.9030536519287191,-0.8100415885613363,2.2662698254760767,1.0,0.0,0.0,1.0,0.0,0.0,0.0,1.0,0.0,0.0,0.0,0.0,0.0,0.0,443.29,0,2025-06-21 06:00:00
1.0986122886681098,-1.0993873417149371,0.8274571233278909,0.09615514166504681,-0.5029205870340621,-0.11825335000741902,0.12883359672547043,0.5821492976291864,1.2362067703099207,0.19569590102144735,0.0,1.0,0.0,1.0,0.0,0.0,0.0,1.0,0.0,0.0,0.0,0.0,0.0,0.0,575.92,0,2025-06-21 12:00:00
0.0,-1.330324888167986,0.7560310120845066,0.668403890968891,-0.9621375522677943,-1.408494120891842,-1.0964886640817357,-1.226571397487015,-0.8359145689263874,-0.3141786117819995,0.0,0.0,1.0,1.0,0.0,0.0,0.0,0.0,0.0,0.0,0.0,0.0,1.0,0.0,477.57,0,2025-06-21 18:00:00
1.0986122886681098,0.7481130299094558,1.8865653206182926,1.7993094505208136,-0.0033961765760520558,0.0011055660716877238,1.1960761808376288,-1.458246509395769,0.36793998805923134,1.3742771676370895,0.0,1.0,0.0,0.0,1.0,0.0,0.0,0.0,0.0,0.0,0.0,0.0,1.0,0.0,536.65,0,2025-06-22 00:00:00
0.6931471805599453,0.05530039055030851,0.7655848231425402,1.2283314949527977,-0.0033961765760520558,0.9367630204089026,2.7105286275171245,1.6404081123838166,0.7080935828585811,0.14160086241701828,0.0,1.0,0.0,0.0,0.0,1.0,0.0,0.0,1.0,0.0,0.0,0.0,0.0,0.0,569.78,0,2025-06-22 06:00:00
0.0,-0.1756371559027406,-0.42682178557659645,-1.1619706971154173,-0.2653945705338555,-1.2850595345075921,0.5056038106100393,-1.2348455086266132,-1.647108600371817,-0.0770812085370559,1.0,0.0,0.0,1.0,0.0,0.0,0.0,0.0,0.0,1.0,0.0,0.0,0.0,0.0,439.8,0,2025-06-22 12:00:00
0.0,0.7481130299094558,0.11092129397549189,0.09752415781170597,0.5407543339516939,0.4453536293319841,-0.5944014007964299,0.5929056421106643,0.35195961783375845,-1.2867383483935402,1.0,0.0,0.0,0.0,1.0,0.0,0.0,0.0,0.0,0.0,0.0,0.0,1.0,0.0,512.27,0,2025-06-22 18:00:00
0.6931471805599453,1.209988122815554,1.0763111542204395,0.4343021298900461,1.356980099743313,0.0011055660716877238,-2.460233025207403,0.10059602930456195,0.5269827203032225,-0.28885752988205377,1.0,0.0,0.0,0.0,0.0,1.0,0.0,1.0,0.0,0.0,0.0,0.0,0.0,0.0,537.08,0,2025-06-23 00:00:00
0.6931471805599453,0.9790505763625049,-0.7152558908524156,-0.420747346280109,0.35793127882729286,0.4313799025715041,-1.6256050948848477,1.1257583995007987,2.0778396021848224,1.0497069360105162,1.0,0.0,0.0,1.0,0.0,0.0,0.0,1.0,0.0,0.0,0.0,0.0,0.0,0.0,512.27,0,2025-06-23 06:00:00
1.0986122886681098,-1.0993873417149371,-0.9518264503846382,-0.5048429467186567,-0.0033961765760520558,0.5291959898948705,1.558103212439758,0.21312394080309963,-1.5732945093303472,-1.1624348554301716,0.0,0.0,1.0,1.0,0.0,0.0,0.0,0.0,0.0,0.0,0.0,0.0,1.0,0.0,536.56,0,2025-06-23 12:00:00
0.0,0.28623793700335765,0.6309215815626591,1.169463800646421,-0.497162380573451,-0.9427032288758054,-0.9818194685516498,0.736047764825716,-0.24540184059463016,0.881667028856333,0.0,1.0,0.0,1.0,0.0,0.0,0.0,1.0,0.0,0.0,0.0,0.0,0.0,0.0,520.68,0,2025-06-23 18:00:00
0.6931471805599453,1.4409256692686032,1.4298021633676221,1.0175030083671708,1.1007399122461206,-0.9869533636173283,-0.33475757948902096,1.42114416718446,-0.2880161611958912,-0.7492408371537892,0.0,1.0,0.0,0.0,0.0,1.0,0.0,0.0,0.0,0.0,0.0,0.0,1.0,0.0,552.5,0,2025-06-24 00:00:00
1.0986122886681098,0.9790505763625049,0.2758635452048978,0.6761608184998027,0.8070713827549559,0.785380980503691,0.6735122754933794,1.1960883441873849,-0.5672921551362966,-0.6629189670403389,1.0,0.0,0.0,1.0,0.0,0.0,0.0,0.0,0.0,1.0,0.0,0.0,0.0,0.0,555.61,0,2025-06-24 06:00:00
0.6931471805599453,-0.6375122488088388,0.28652944008979475,0.8929225390211181,0.546512540412305,-0.6236364678448192,1.4868444980746338,0.8220985206775389,0.7674492436960517,0.37524539085742425,0.0,1.0,0.0,1.0,0.0,0.0,0.0,0.0,0.0,0.0,0.0,0.0,0.0,1.0,538.98,0,2025-06-24 12:00:00
0.0,-0.4065747023557897,0.6959784854340227,-0.17627680615619756,0.019636649266392234,-2.8477879772213943,-0.16684911460568022,-1.1214901860141158,-0.14647573919884574,-0.3602169425091731,1.0,0.0,0.0,1.0,0.0,0.0,1.0,0.0,0.0,0.0,0.0,0.0,0.0,0.0,498.77,0,2025-06-24 18:00:00
0.0,1.4409256692686032,1.1477372654638187,1.3118414798990525,1.1928712156158978,0.7155123467012862,-0.36833927246568876,-1.0974952637092805,0.05213743360345918,-0.6272392607267795,1.0,0.0,0.0,0.0,0.0,1.0,0.0,0.0,0.0,0.0,0.0,0.0,0.0,1.0,509.54,0,2025-06-25 00:00:00
0.0,-1.5612624346210353,-0.04330451310416669,0.4028147585168672,-1.3148276979802223,-1.0498351340394922,0.10016629784294878,0.04102242909945376,-1.0999711626520574,-0.5777480551950678,1.0,0.0,0.0,1.0,0.0,0.0,0.0,1.0,0.0,0.0,0.0,0.0,0.0,0.0,469.26,0,2025-06-25 06:00:00
0.6931471805599453,0.05530039055030851,1.3374486564733143,1.0667875896469272,0.732214698767012,0.5245380809747111,-0.5870298096552103,0.6036619865921422,-0.5026097042236685,0.6388148342704922,1.0,0.0,0.0,0.0,1.0,0.0,1.0,0.0,0.0,0.0,0.0,0.0,0.0,0.0,551.78,0,2025-06-25 12:00:00
0.0,-1.330324888167986,-1.2966735352412233,-1.767695071209922,-1.489013443413707,1.4957120908281478,-0.5346096059843137,0.6317939644667766,-0.9690843208053275,0.013844494649112018,0.0,0.0,1.0,1.0,0.0,0.0,0.0,0.0,0.0,0.0,0.0,1.0,0.0,0.0,477.06,0,2025-06-25 18:00:00
0.0,1.4409256692686032,1.486215142948383,1.7759379536167637,1.0489160541006208,0.05408928003851335,0.43434509624491396,1.0479817547885741,-0.5946870755228214,0.18303536007147447,1.0,0.0,0.0,0.0,0.0,1.0,0.0,0.0,0.0,0.0,1.0,0.0,0.0,0.0,508.08,0,2025-06-26 00:00:00
0.0,-1.5612624346210353,1.420703295693304,-0.0010199822602967896,-1.9986147151777867,1.0788292424737937,0.21155923064360382,-1.3266881422761552,-0.8633094893129121,0.2336775238713654,0.0,1.0,0.0,0.0,0.0,1.0,0.0,0.0,0.0,0.0,0.0,0.0,1.0,0.0,469.48,0,2025-06-26 06:00:00
0.0,-1.5612624346210353,2.290100101974215,1.964862181855832,-0.37336094167031264,0.1961555021034044,2.124896664631327,-1.0834292747719634,-0.955386860612065,0.561700630302477,0.0,0.0,1.0,0.0,0.0,1.0,1.0,0.0,0.0,0.0,0.0,0.0,0.0,0.0,486.42,0,2025-06-26 12:00:00
0.0,-0.6375122488088388,-1.9566447372182896,-1.802670253752258,-0.2898669479914524,1.6983311288551233,0.4613742637627204,-1.165342975053987,-0.9538649205905915,2.7335588823568875,0.0,0.0,1.0,1.0,0.0,0.0,1.0,0.0,0.0,0.0,0.0,0.0,0.0,0.0,468.52,0,2025-06-26 18:00:00
0.0,-0.8684497952618879,0.18416717875373773,0.4918008080497623,-1.1895867074619317,-1.0777825875604556,1.1608563564962457,0.1940934851820234,-0.2119191601222111,-1.0266217797850097,0.0,1.0,0.0,0.0,1.0,0.0,0.0,0.0,0.0,0.0,1.0,0.0,0.0,0.0,517.8,0,2025-06-27 00:00:00
0.0,0.05530039055030851,1.0917792292667734,0.668403890968891,-0.05809913795185692,0.026141826517551744,0.003151801539676747,0.5167838196263594,0.23096538612660691,-0.3314429858046897,0.0,1.0,0.0,0.0,1.0,0.0,0.0,0.0,0.0,0.0,0.0,0.0,0.0,1.0,520.95,0,2025-06-27 06:00:00
0.0,-0.6375122488088388,-0.6547484208182163,-0.9360830329165309,-0.21501026400350848,0.741130845762168,0.545738029045569,-1.2844901754642035,-0.7704711480030225,-0.8159964167081909,0.0,0.0,1.0,1.0,0.0,0.0,0.0,0.0,0.0,1.0,0.0,0.0,0.0,0.0,447.42,0,2025-06-27 12:00:00
0.0,-0.4065747023557897,1.981648487814898,1.8193201665464003,-0.5201952064158953,-0.16483243920902335,-0.6812223631263524,1.3326111779907577,-0.3024745913998902,2.1891556215080605,0.0,1.0,0.0,1.0,0.0,0.0,0.0,0.0,0.0,0.0,0.0,0.0,1.0,0.0,534.52,0,2025-06-27 18:00:00
0.6931471805599453,0.28623793700335765,-1.1633751238124883,-0.5851750223016755,-0.1430326832458704,1.241856054679407,0.41878284828011675,-0.6316628065498928,2.0740347521311384,-1.111792691630281,0.0,0.0,1.0,0.0,1.0,0.0,0.0,0.0,0.0,0.0,0.0,0.0,0.0,1.0,543.79,0,2025-06-28 00:00:00
0.6931471805599453,0.28623793700335765,0.35249623072858394,-0.0010199822602967896,-0.21932891884896694,-0.41635952089768274,0.7062749027876897,0.6086264532759013,2.039791101647982,-0.2566306983730328,1.0,0.0,0.0,0.0,0.0,1.0,0.0,0.0,0.0,0.0,0.0,0.0,1.0,0.0,582.3,0,2025-06-28 06:00:00
1.0986122886681098,1.6718632157216522,-0.028291381441548313,-0.7649560145840414,1.5470009129434783,2.2037142466925235,0.07887059010164722,0.9255249099225183,-0.3116062315287316,-0.31878244485471685,0.0,0.0,1.0,1.0,0.0,0.0,0.0,0.0,0.0,0.0,1.0,0.0,0.0,0.0,512.27,0,2025-06-28 12:00:00
1.0986122886681098,0.05530039055030851,0.1427673308355954,-0.0010199822602967896,-0.21501026400350848,2.2596091537344467,2.396007405491745,-1.5600180764128289,-0.8229780787438616,-1.7402159060561992,1.0,0.0,0.0,1.0,0.0,0.0,0.0,0.0,0.0,0.0,0.0,1.0,0.0,0.0,486.07,0,2025-06-28 18:00:00
0.0,0.28623793700335765,0.18917155597461224,-0.36657231590600514,-0.0897692734852175,0.0011055660716877238,1.4336052287213792,1.3193726001674002,-0.8640704593236488,-1.4893070035931035,0.0,1.0,0.0,0.0,0.0,1.0,0.0,0.0,0.0,0.0,1.0,0.0,0.0,0.0,531.57,0,2025-06-29 00:00:00
0.6931471805599453,0.7481130299094558,1.0826803615924603,1.448743094565044,-0.2869878447611466,0.6153673049178384,1.1870664583316934,1.6859157236516076,1.2506652005139203,0.3556791002983751,1.0,0.0,0.0,0.0,1.0,0.0,0.0,0.0,0.0,0.0,0.0,1.0,0.0,0.0,564.63,0,2025-06-29 06:00:00
0.0,-1.0993873417149371,1.9830133179660443,1.322793609072332,-0.8685666972828645,1.2837772349608503,0.7808098798822459,1.6453725790675757,-0.8085196485398626,0.062184741912644004,0.0,1.0,0.0,0.0,0.0,1.0,0.0,0.0,0.0,0.0,1.0,0.0,0.0,0.0,581.59,0,2025-06-29 12:00:00
0.0,0.7481130299094558,-0.1251943221730154,-0.4528203331455807,0.46013944350313896,-1.2082040373249463,1.7628696330291975,-1.2017490640682198,0.5049145899918552,-0.4718598945225688,0.0,0.0,1.0,0.0,1.0,0.0,0.0,0.0,0.0,0.0,1.0,0.0,0.0,0.0,506.97,0,2025-06-29 18:00:00
0.0,1.209988122815554,1.1436427750103748,0.7327476498619079,0.7437311116882341,-1.3386254870894354,-1.3823425872245936,-0.3213836388149544,2.2916721752018634,1.672375359095538,0.0,1.0,0.0,0.0,0.0,1.0,0.0,0.0,0.0,1.0,0.0,0.0,0.0,0.0,525.65,0,2025-06-30 00:00:00
1.0986122886681098,-0.6375122488088388,0.5699591681447445,0.46031343667658464,-0.416547490124896,1.3513169143031756,1.3762706309563357,-0.878231318509924,-0.2720357909704183,-0.0782321668052351,0.0,1.0,0.0,1.0,0.0,0.0,0.0,0.0,0.0,0.0,0.0,1.0,0.0,0.0,516.2,0,2025-06-30 06:00:00
0.0,-1.0993873417149371,0.09287520642143236,0.22210462715775864,-0.4338221095067292,0.3219190429477341,-0.9441424471631928,-0.11949532700875441,0.19976561568639833,-2.0855033865100006,1.0,0.0,0.0,0.0,0.0,1.0,0.0,0.0,0.0,0.0,0.0,0.0,1.0,0.0,520.57,1,2025-06-30 12:00:00
1.0986122886681098,-0.4065747023557897,0.1359431800798593,0.3371019834771911,0.09737243648464203,-0.20209571057030715,-0.5247808177960209,1.7016365348168445,0.304779477168077,-1.2360961845936493,0.0,0.0,1.0,0.0,0.0,1.0,0.0,0.0,0.0,0.0,0.0,0.0,0.0,1.0,512.27,0,2025-06-30 18:00:00
0.0,-0.6375122488088388,-0.40862405022796516,-0.3884765742525638,-0.18621923170045313,0.047102416658272535,0.5817769190693107,0.9660680545065503,-0.7993880084110211,-0.8275059993899843,1.0,0.0,0.0,1.0,0.0,0.0,0.0,0.0,0.0,0.0,1.0,0.0,0.0,0.0,468.61,0,2025-07-01 00:00:00
0.0,0.28623793700335765,-1.1287994266500874,-1.6739827359662256,0.04842768156944759,-2.465839445768244,1.2419438590496634,0.9933726212672249,1.0703153079692982,-0.21404524245039688,1.0,0.0,0.0,1.0,0.0,0.0,1.0,0.0,0.0,0.0,0.0,0.0,0.0,0.0,506.38,0,2025-01-07 06:00:00
0.6931471805599453,1.209988122815554,-0.7011526459572279,-0.30222855701298945,0.5853804340214299,-0.16483243920902335,-1.103860255222956,-0.21961207179789458,-0.3078013814750478,0.13239319627158355,1.0,0.0,0.0,0.0,0.0,1.0,0.0,0.0,0.0,0.0,1.0,0.0,0.0,0.0,517.94,0,2025-07-01 12:00:00
1.3862943611198906,0.28623793700335765,-0.6860889650297489,-0.6622798035845474,-0.47269000311585346,-0.75405791760931,-0.4739987454898395,1.5684233454693108,1.3267622015876004,0.31309364437573967,1.0,0.0,0.0,0.0,1.0,0.0,0.0,0.0,1.0,0.0,0.0,0.0,0.0,0.0,551.29,0,2025-07-01 18:00:00
0.6931471805599453,-1.330324888167986,0.5667745644587315,1.0517284120336678,-1.4904529950288596,0.9973158363709885,0.12555733399603947,1.5113319786060821,-1.0725762422655323,1.0370463950605433,0.0,1.0,0.0,1.0,0.0,0.0,1.0,0.0,0.0,0.0,0.0,0.0,0.0,0.0,492.09,0,2025-02-07 00:00:00
0.0,-0.6375122488088388,0.9539313840008845,0.5054909695163612,-0.5317116193371174,1.0788292424737937,-0.15374406368795637,1.1166568772472405,-0.6989399669937634,-0.15534637077325095,0.0,1.0,0.0,1.0,0.0,0.0,1.0,0.0,0.0,0.0,0.0,0.0,0.0,0.0,525.39,0,2025-07-02 06:00:00
0.0,0.7481130299094558,0.3337424534665261,-0.4836111994548287,0.06858140418158666,0.6409858039787203,0.8692689735768837,1.143961444007915,-0.7080716071226049,-1.5928932477292441,1.0,0.0,0.0,0.0,0.0,1.0,0.0,0.0,0.0,0.0,1.0,0.0,0.0,0.0,505.28,0,2025-07-02 12:00:00
0.0,-0.6375122488088388,0.567229507842447,0.47947966272982256,-0.482766864421923,0.4500115382521452,3.38789594682699,0.5788396531733472,-1.1060589227379516,0.43509522080274987,1.0,0.0,0.0,0.0,0.0,1.0,0.0,0.0,0.0,0.0,0.0,0.0,0.0,1.0,479.63,0,2025-02-07 18:00:00
0.0,0.28623793700335765,-0.5837772529585474,0.07698891561180765,-0.42086614497035385,-1.5342576617361716,0.44171668738613407,-1.3548201201507895,-0.2864942211744173,0.5743611712524498,1.0,0.0,0.0,1.0,0.0,0.0,0.0,0.0,0.0,0.0,1.0,0.0,0.0,0.0,458.11,0,2025-07-03 00:00:00
1.0986122886681098,0.7481130299094558,1.1299944734989027,1.0804777511135262,-0.497162380573451,0.6549595307392002,-0.692689282679361,-0.6970282845527199,-1.9347552644303276,0.4673220523117709,1.0,0.0,0.0,0.0,1.0,0.0,0.0,0.0,0.0,1.0,0.0,0.0,0.0,0.0,456.91,0,2025-07-03 06:00:00
0.0,-0.6375122488088388,-0.289428883694423,-0.37341739663930457,-0.013473037882120953,0.6945517565605638,-1.2447395525884903,0.9850985101276266,2.7076374073208673,-0.8931106206762064,1.0,0.0,0.0,0.0,1.0,0.0,1.0,0.0,0.0,0.0,0.0,0.0,0.0,0.0,512.27,0,2025-03-07 12:00:00
0.0,0.5171754834564067,0.029941371674079155,-0.40764280030580297,0.08441647194826728,1.3396721420027753,-0.28970896695934395,-0.550576517381829,-0.2697528809382078,-0.4269725220635745,0.0,1.0,0.0,1.0,0.0,0.0,0.0,0.0,0.0,0.0,0.0,1.0,0.0,0.0,468.98,0,2025-07-03 18:00:00
0.0,-0.4065747023557897,0.5523680239743952,1.324162625218991,-0.9002368328162255,2.254951244814287,-0.8941794405393697,-1.0867389192278027,0.5505727906360635,-0.6778814245266704,1.0,0.0,0.0,0.0,0.0,1.0,1.0,0.0,0.0,0.0,0.0,0.0,0.0,0.0,484.92,0,2025-07-04 00:00:00
0.0,-1.0993873417149371,-1.346717307449958,-1.7260053495393028,-1.6272103984683728,-1.7392056542232268,0.4892224969628839,1.6056568455975035,-0.05820321795337713,-1.4237023823068813,1.0,0.0,0.0,0.0,0.0,1.0,0.0,0.0,0.0,0.0,0.0,0.0,1.0,0.0,517.97,0,2025-04-07 06:00:00
0.6931471805599453,-0.4065747023557897,-1.0814853147436447,-1.3413118123278667,-0.08401106702460642,-0.3721093861561598,0.4736602489980867,0.011235628996899663,-0.8168903186579674,0.5893236287387811,1.0,0.0,0.0,1.0,0.0,0.0,0.0,0.0,0.0,0.0,0.0,0.0,1.0,0.0,486.02,0,2025-07-04 12:00:00
1.0986122886681098,-0.1756371559027406,0.36932913592606903,0.589000954462616,0.7206982858457898,-0.7424131453089097,-0.4256738702307321,1.3044792001161232,-0.498043884159248,0.5812669208615255,1.0,0.0,0.0,1.0,0.0,0.0,0.0,0.0,0.0,0.0,0.0,0.0,0.0,1.0,537.3,0,2025-07-04 18:00:00
0.6931471805599453,-1.5612624346210353,-1.8567088405953815,-2.5827541885728458,-1.5537932660955815,0.21711609224412684,1.980741104536361,-0.6986831067806396,-0.8420023290122816,1.98313409150396,1.0,0.0,0.0,1.0,0.0,0.0,0.0,0.0,1.0,0.0,0.0,0.0,0.0,0.0,419.1,0,2025-05-07 00:00:00
0.6931471805599453,1.4409256692686032,1.0726716071507112,1.5623714347378173,0.9999712991854265,0.04943137111835391,-0.6935083483617187,-0.4372211947693314,1.9165139599086203,-0.14844062116417467,1.0,0.0,0.0,0.0,0.0,1.0,0.0,1.0,0.0,0.0,0.0,0.0,0.0,0.0,568.0,0,2025-07-05 06:00:00
0.0,0.05530039055030851,0.8488394623625352,1.047621363593688,0.7106214245397202,-0.2090825739505463,-0.08739974341697777,-0.49348515051860026,-0.7392713775628139,0.18994110968055078,0.0,0.0,1.0,0.0,0.0,1.0,0.0,0.0,1.0,0.0,0.0,0.0,0.0,0.0,493.31,0,2025-07-05 12:00:00
0.0,-1.5612624346210353,-0.7366382298870598,-0.2515749595865726,-0.0033961765760520558,1.1114346049149164,0.6579500275285822,-0.3892313501596609,-1.2848868752610998,-0.10815708177789818,1.0,0.0,0.0,1.0,0.0,0.0,0.0,0.0,0.0,0.0,0.0,0.0,1.0,0.0,444.82,0,2025-05-07 18:00:00
0.0,1.4409256692686032,0.9875971943958547,1.1420834777132223,2.4136109852654437,-1.1197037678418988,0.9061269292829831,-0.16583034939050523,-0.47064896377272325,0.7711750351111164,0.0,1.0,0.0,0.0,1.0,0.0,0.0,1.0,0.0,0.0,0.0,0.0,0.0,0.0,488.85,0,2025-07-06 00:00:00
0.0,1.209988122815554,1.6650078927486935,1.4089117076820128,2.5359728725534287,-1.056821997419733,1.2853543402146248,-0.6515206732849289,-0.8846166496135426,1.4352779558505944,0.0,1.0,0.0,0.0,1.0,0.0,0.0,0.0,0.0,0.0,0.0,0.0,0.0,1.0,499.94,0,2025-07-06 06:00:00
0.6931471805599453,-1.5612624346210353,-0.8162533220373264,-1.2632778919682508,-2.6284185468071226,-1.0381903617390922,0.45072640989206936,1.1431340328939552,-0.34737182203336114,-0.0690245006598004,1.0,0.0,0.0,1.0,0.0,0.0,0.0,1.0,0.0,0.0,0.0,0.0,0.0,0.0,512.27,0,2025-06-07 12:00:00
1.0986122886681098,-0.4065747023557897,-1.5296045477037177,-1.8652945069196225,-0.8239405972131288,-1.2524541720664693,-0.6238877653613091,-0.15176436045318803,1.000306066981513,1.2672380486964112,0.0,0.0,1.0,1.0,0.0,0.0,0.0,1.0,0.0,0.0,0.0,0.0,0.0,0.0,564.6,0,2025-07-07 00:00:00
0.6931471805599453,0.05530039055030851,-1.007329543197968,-0.693767174957725,-0.15454909616709253,-0.015779353763891488,0.9323370311184308,1.3044792001161232,0.9630185364554095,1.0531598108150544,0.0,0.0,1.0,0.0,1.0,0.0,0.0,0.0,0.0,0.0,0.0,0.0,1.0,0.0,512.27,0,2025-07-07 06:00:00
0.0,0.7481130299094558,-0.7247591526455937,-0.28443134710641066,0.30754697229694583,-0.13688498568806173,0.919231980200707,-0.16665776050446507,2.475065947789432,-0.8102416253672943,1.0,0.0,0.0,0.0,1.0,0.0,0.0,0.0,0.0,0.0,1.0,0.0,0.0,0.0,540.43,0,2025-07-07 12:00:00
0.6931471805599453,-0.1756371559027406,-0.15340081196339575,0.552037518502798,0.35505217559698704,-0.7889922345105124,1.516330862639513,-1.649378476720491,-0.14723670920958293,-0.6916929237448223,1.0,0.0,0.0,1.0,0.0,0.0,0.0,0.0,1.0,0.0,0.0,0.0,0.0,0.0,503.96,0,2025-07-07 18:00:00
0.6931471805599453,0.5171754834564067,0.8779558389203462,0.9531592494741539,0.3176238336030154,0.9507367471693843,-1.6100428469200505,-1.6841297435068041,2.7076374073208673,-0.30151807083202664,1.0,0.0,0.0,0.0,1.0,0.0,0.0,0.0,0.0,0.0,0.0,1.0,0.0,0.0,495.66,0,2025-08-07 00:00:00
0.0,-1.5612624346210353,0.5981656579351249,0.965749859851215,-1.8834505859655652,-0.027424126064293397,-0.862235878927417,-0.17079481607426425,-1.8145220027339128,-0.9230355356488692,1.0,0.0,0.0,0.0,1.0,0.0,0.0,0.0,0.0,0.0,0.0,1.0,0.0,0.0,464.67,0,2025-07-08 06:00:00
1.0986122886681098,0.5171754834564067,-0.29215854399671537,-0.4227019779190622,0.2801954916090431,1.1486978762762001,0.8389635433296463,0.5672558975779094,0.830609754587206,-1.6193652878973688,0.0,1.0,0.0,0.0,1.0,0.0,0.0,0.0,0.0,0.0,1.0,0.0,0.0,0.0,583.36,0,2025-07-08 12:00:00
0.0,1.4409256692686032,-0.9568308276055127,-1.1099843671236618,1.473583780570687,-0.16949034812918445,0.003151801539676747,1.5899360344322666,0.6677621722895306,0.41552893024370074,1.0,0.0,0.0,0.0,1.0,0.0,0.0,0.0,0.0,0.0,1.0,0.0,0.0,0.0,522.89,0,2025-08-07 18:00:00
1.0986122886681098,0.05530039055030851,0.48058806787701697,0.6437616003290128,-0.7505234648403376,0.009839145296990396,0.5129754017512588,-1.2315358641707739,0.6068845714305868,0.09095869861712735,1.0,0.0,0.0,1.0,0.0,0.0,1.0,0.0,0.0,0.0,0.0,0.0,0.0,0.0,521.19,0,2025-07-09 00:00:00
0.0,-0.1756371559027406,0.5299241503777535,0.27686527302415537,-1.237091910761973,0.0011055660716877238,1.07157819711925,0.19988536297974227,-1.119756382931214,-0.6525603426267249,0.0,0.0,1.0,1.0,0.0,0.0,0.0,0.0,1.0,0.0,0.0,0.0,0.0,0.0,509.31,0,2025-07-09 06:00:00
0.6931471805599453,-0.6375122488088388,0.2524086863111091,0.33984001577051187,0.74661021491854,0.0011055660716877238,-0.5370668030313871,-0.6821348845014429,0.058986163700090105,-0.37863227480004247,1.0,0.0,0.0,0.0,1.0,0.0,0.0,0.0,0.0,0.0,1.0,0.0,0.0,0.0,518.44,0,2025-09-07 12:00:00
1.0986122886681098,1.6718632157216522,0.6595830147367548,0.07014383487850821,2.6518567775732276,0.7830520260436113,-0.3929112429364213,-0.1211501492366741,0.8382194546945742,0.5202661326480207,0.0,1.0,0.0,0.0,0.0,1.0,0.0,1.0,0.0,0.0,0.0,0.0,0.0,0.0,543.3,0,2025-07-09 18:00:00
0.0,-1.5612624346210353,1.6035905359470584,1.0079198953405506,-1.3824866238924023,-0.395398930756962,-1.0260490153989688,-0.14762730488338885,-0.5003267941914585,1.559581448813963,0.0,1.0,0.0,0.0,0.0,1.0,0.0,0.0,0.0,1.0,0.0,0.0,0.0,0.0,457.34,0,2025-07-10 00:00:00
0.6931471805599453,-0.6375122488088388,-0.038755079267007574,0.25222298238427715,-0.8023473229858372,0.5781040335565546,-0.4830084679957748,-0.601048595333379,-0.8861385896350165,-1.1256041908484327,1.0,0.0,0.0,0.0,0.0,1.0,1.0,0.0,0.0,0.0,0.0,0.0,0.0,0.0,436.73,0,2025-10-07 06:00:00
0.0,-1.0993873417149371,-0.15249092519595978,0.27002019229085594,-0.563381754870478,0.0011055660716877238,-0.4543411691132532,-1.6229013210737764,0.6411282219137425,-1.7689898627606828,1.0,0.0,0.0,0.0,0.0,1.0,0.0,0.0,0.0,0.0,0.0,0.0,1.0,0.0,528.71,0,2025-07-10 12:00:00
0.6931471805599453,1.209988122815554,-1.2188782166258183,-1.5904727510199708,2.101228284777293,0.8319600697052953,0.003151801539676747,-1.4292871204071746,2.3403742558890186,0.90353523595174,1.0,0.0,0.0,1.0,0.0,0.0,1.0,0.0,0.0,0.0,0.0,0.0,0.0,0.0,539.46,0,2025-07-10 18:00:00
0.0,0.05530039055030851,0.537203244517205,0.7888773118749637,0.3924805175909593,-0.5723994697230554,-0.6951464797264344,0.1295554182931562,-1.0018060312670098,1.1417835974648634,0.0,0.0,1.0,0.0,1.0,0.0,1.0,0.0,0.0,0.0,0.0,0.0,0.0,0.0,481.3,0,2025-11-07 00:00:00
0.6931471805599453,1.4409256692686032,-2.5134448896215846,-2.541411294142625,0.15639405270590537,0.927447202568582,-0.23646969760608977,-0.9063632963845584,1.217943490052238,0.5340776318661727,1.0,0.0,0.0,1.0,0.0,0.0,0.0,0.0,0.0,0.0,0.0,1.0,0.0,0.0,510.57,0,2025-07-11 06:00:00
0.0,0.5171754834564067,0.5831525262725012,0.5178121148363009,-0.5057996902643673,0.09833941478003795,-0.24875568284145602,-0.5497491062678691,-2.433190621462932,0.04376940962177458,1.0,0.0,0.0,0.0,1.0,0.0,0.0,1.0,0.0,0.0,0.0,0.0,0.0,0.0,429.32,0,2025-07-11 12:00:00
0.6931471805599453,0.28623793700335765,-0.4500238981461023,0.25633003082425704,-0.05522003472155107,1.6284624950527185,1.8718053687827794,-1.372195753543946,0.7134203729337388,0.5099075082344068,1.0,0.0,0.0,0.0,1.0,0.0,0.0,0.0,1.0,0.0,0.0,0.0,0.0,0.0,496.87,0,2025-11-07 18:00:00
0.0,0.05530039055030851,-0.17887764145147855,0.20841446569115976,-0.15742819939739777,-1.1732697204237423,-0.3576914185950377,-1.513683054031078,-1.6958106810589721,-2.7047189347904848,1.0,0.0,0.0,0.0,0.0,1.0,0.0,0.0,1.0,0.0,0.0,0.0,0.0,0.0,422.93,0,2025-07-12 00:00:00
0.6931471805599453,-0.8684497952618879,2.361981156601315,2.496040446759881,-1.8474617955867458,-1.5109681171353695,0.003151801539676747,-1.2456018531080912,-0.8328706888834402,1.5630343236185011,0.0,1.0,0.0,0.0,0.0,1.0,0.0,1.0,0.0,0.0,0.0,0.0,0.0,0.0,458.81,0,2025-07-12 06:00:00
0.6931471805599453,0.28623793700335765,-1.0189558741151514,-0.022326438997087535,-0.0033961765760520558,-0.6096627410843393,-0.5370668030313871,-0.37516536122234373,-1.0961663125983734,0.8275719902519039,1.0,0.0,0.0,1.0,0.0,0.0,0.0,0.0,0.0,0.0,0.0,0.0,1.0,0.0,443.04,0,2025-12-07 12:00:00
0.0,0.7481130299094558,0.19195176554176535,-0.0010199822602967896,-0.12575806386403718,-1.4154809842720812,-0.5501718539491111,-1.1181805415582764,0.08866399411882538,-1.0427351955395205,0.0,1.0,0.0,0.0,1.0,0.0,0.0,0.0,0.0,0.0,0.0,1.0,0.0,0.0,448.46,0,2025-07-12 18:00:00
0.6931471805599453,1.6718632157216522,0.642092969096127,0.09067907707840653,-0.0033961765760520558,-1.4131520298120015,-1.645262671261434,-0.8815409629657633,1.4173176328652795,-0.02643904473716498,0.0,1.0,0.0,0.0,1.0,0.0,0.0,1.0,0.0,0.0,0.0,0.0,0.0,0.0,512.27,0,2025-07-13 00:00:00
1.3862943611198906,0.28623793700335765,-0.0496737204761874,-0.40764280030580297,1.3828920288160624,0.6875648931803229,-1.51503122776655,-0.6366272732336519,-1.5930797296095038,-0.499482892958873,0.0,0.0,1.0,0.0,0.0,1.0,0.0,0.0,0.0,0.0,0.0,1.0,0.0,0.0,487.11,0,2025-07-13 06:00:00
0.0,1.6718632157216522,-0.7957808697701181,-0.8580491125569152,1.1655197349279949,0.030799735437711185,-1.156280458893852,-0.6738607733618445,0.32304275742575983,-0.11506283138697396,1.0,0.0,0.0,1.0,0.0,0.0,0.0,0.0,0.0,0.0,0.0,1.0,0.0,0.0,507.24,1,2025-07-13 12:00:00
1.0986122886681098,1.6718632157216522,-2.268887546241907,-2.645813073076436,1.6117807356253528,-0.4675965190194465,0.20992109927888863,-1.6477236544925715,0.18226330543945216,1.6366956527819785,0.0,0.0,1.0,1.0,0.0,0.0,0.0,0.0,0.0,0.0,1.0,0.0,0.0,0.0,510.72,0,2025-07-13 18:00:00
0.6931471805599453,0.05530039055030851,0.26727017017915566,0.12490448074490493,-0.7807540487585458,-0.36978043169608005,1.0871404450840472,-1.2786982976664847,1.4553661334021195,-1.0174141136395751,0.0,1.0,0.0,0.0,0.0,1.0,0.0,0.0,0.0,0.0,1.0,0.0,0.0,0.0,518.61,0,2025-07-14 00:00:00
0.0,-0.1756371559027406,0.9792565656944007,0.6054291482225357,0.2341298399241545,-0.5910311054036965,-1.7263501738148517,1.6155857789650216,0.3146720873076551,-0.3153295700501787,1.0,0.0,0.0,0.0,1.0,0.0,0.0,0.0,0.0,0.0,0.0,0.0,0.0,1.0,538.95,0,2025-07-14 06:00:00
0.6931471805599453,-1.0993873417149371,-0.5546608764007362,-0.1420536678537792,-1.2414105656074312,1.7658708081974483,-0.5100376355135813,0.635103608922616,-1.5200266085787713,0.6284562098568783,0.0,0.0,1.0,0.0,1.0,0.0,0.0,0.0,0.0,1.0,0.0,0.0,0.0,0.0,494.51,0,2025-07-14 12:00:00
0.0,-0.6375122488088388,-0.6106189125977816,-0.39942870342584313,-0.0033961765760520558,-0.7354262819286689,-1.3135410699065415,-1.2555307864756091,-0.6928522069078686,-1.3972303421387566,0.0,0.0,1.0,1.0,0.0,0.0,0.0,0.0,0.0,1.0,0.0,0.0,0.0,0.0,448.01,0,2025-07-14 18:00:00
1.0986122886681098,1.4409256692686032,-0.2844245064735485,-0.5609726087317137,0.9524660958853853,-1.3502702593898375,-0.22991717214722784,-0.7003379290085593,1.9804354408105118,-1.507722335883973,1.0,0.0,0.0,0.0,1.0,0.0,0.0,0.0,0.0,0.0,1.0,0.0,0.0,0.0,582.22,0,2025-07-15 00:00:00
0.0,-1.0993873417149371,0.006284315720857921,-0.5732937540516523,-1.2212568429952926,0.8692233410665775,1.0871404450840472,-0.35448008337334785,0.20737531579376645,0.8344777398609802,0.0,0.0,1.0,0.0,0.0,1.0,0.0,0.0,0.0,0.0,0.0,0.0,1.0,0.0,529.5,0,2025-07-15 06:00:00
1.3862943611198906,-0.4065747023557897,2.1226809367668,2.2455104919211153,-0.5677004097159365,-0.19045093826990522,-0.4092925565835767,1.4608599006545322,-1.009415731374378,1.1417835974648634,0.0,1.0,0.0,0.0,1.0,0.0,0.0,0.0,0.0,0.0,0.0,1.0,0.0,0.0,599.82,0,2025-07-15 12:00:00
1.3862943611198906,0.7481130299094558,0.2305714038927494,-0.17712631768558632,1.1928712156158978,2.171108884251401,-0.016960094734210614,1.37067208923291,0.04224482346388058,-0.27619698893208144,0.0,1.0,0.0,1.0,0.0,0.0,1.0,0.0,0.0,0.0,0.0,0.0,0.0,0.0,529.11,0,2025-07-15 18:00:00
0.0,-0.8684497952618879,-0.7516513615496834,-0.9319759844765511,-1.2399710139922784,-0.5165045626811305,1.4598153305568269,0.9908903879253455,-0.5680531251470338,-0.38438706614093904,0.0,0.0,1.0,0.0,0.0,1.0,0.0,0.0,0.0,1.0,0.0,0.0,0.0,0.0,487.8,0,2025-07-16 00:00:00
0.6931471805599453,1.6718632157216522,0.8274571233278909,-0.33645396067948785,2.4510393272594153,0.9227892936484227,0.47939370877459103,-1.3159317977946772,0.15943420511734782,0.879365112319974,1.0,0.0,0.0,0.0,1.0,0.0,0.0,0.0,0.0,0.0,0.0,1.0,0.0,0.0,509.8,0,2025-07-16 06:00:00
0.0,0.5171754834564067,-1.5714593390055702,-1.9587380944714885,-0.0033961765760520558,1.169658466416921,-0.7172612531500936,0.018682329022538188,-1.3670716364206743,0.009240661576394662,0.0,0.0,1.0,1.0,0.0,0.0,0.0,1.0,0.0,0.0,0.0,0.0,0.0,0.0,471.45,0,2025-07-16 12:00:00
0.6931471805599453,-1.5612624346210353,-0.5573905367030338,-0.8758463224634939,-0.24668039953686907,-0.5118466537609712,0.18616819449051314,-0.005312593282297056,-1.246077404713523,0.07944911593533421,1.0,0.0,0.0,0.0,1.0,0.0,0.0,0.0,0.0,0.0,0.0,0.0,0.0,1.0,448.72,0,2025-07-16 18:00:00
0.6931471805599453,-0.8684497952618879,-0.6078892522954892,-0.530145553231312,-1.3896843819681663,-0.7424131453089097,-0.7836055734210722,0.529194986335757,0.9150774257789909,-1.0588486112940312,0.0,0.0,1.0,0.0,1.0,0.0,0.0,0.0,0.0,0.0,0.0,0.0,1.0,0.0,493.53,0,2025-07-17 00:00:00
0.6931471805599453,0.9790505763625049,0.384797210972408,-0.12288744180054005,0.7653243859155258,0.8133284340246543,0.44335481875084926,1.2498700665947742,0.029308333281354838,-0.49027522681343827,0.0,1.0,0.0,1.0,0.0,0.0,0.0,0.0,0.0,0.0,0.0,0.0,1.0,0.0,573.53,0,2025-07-17 06:00:00
1.0986122886681098,1.209988122815554,-0.22154122099105084,-0.46377246231886005,0.6343251889366237,0.0011055660716877238,0.5359092408572761,-0.570434384116865,0.3740277481451256,-2.045219847123724,1.0,0.0,0.0,1.0,0.0,0.0,1.0,0.0,0.0,0.0,0.0,0.0,0.0,0.0,515.35,0,2025-07-17 12:00:00
0.0,1.4409256692686032,0.006284315720857921,0.8787221231739002,0.9164773055065663,0.0011055660716877238,-1.3143601355888992,0.2495300298173324,0.6883083625794245,1.7241684811636082,1.0,0.0,0.0,0.0,1.0,0.0,0.0,0.0,0.0,0.0,1.0,0.0,0.0,0.0,502.0,0,2025-07-17 18:00:00
0.0,1.209988122815554,-0.15886013256798567,-0.07907892510742268,1.4721442289555344,-1.1476512213628605,0.20173044245531094,-0.7690130514672257,2.4940901980578523,-0.45344456223169943,1.0,0.0,0.0,1.0,0.0,0.0,0.0,0.0,0.0,0.0,1.0,0.0,0.0,0.0,516.72,0,2025-07-18 00:00:00
0.6931471805599453,-1.330324888167986,0.006284315720857921,-1.9628451429114684,-0.13439537355495346,-2.6218793945936167,-0.085761612052262,-0.9551805521081888,-0.5277217145779832,1.8266037670315691,1.0,0.0,0.0,1.0,0.0,0.0,0.0,0.0,0.0,0.0,0.0,1.0,0.0,0.0,480.03,0,2025-07-18 06:00:00
0.6931471805599453,0.7481130299094558,0.4244783838853998,0.5588825992360987,1.3497823416675492,0.6596174396593614,0.003151801539676747,-0.5977389508775396,1.2849088509970759,0.36833964124834795,1.0,0.0,0.0,0.0,0.0,1.0,0.0,0.0,0.0,0.0,0.0,0.0,1.0,0.0,522.18,0,2025-07-18 12:00:00
0.0,-1.330324888167986,-0.03905837485615117,-0.04622253758758465,-1.3680911077408746,-0.23935898193158928,0.8471542001532246,0.8700883652872093,-1.082468852405111,-0.4822185189361828,1.0,0.0,0.0,0.0,1.0,0.0,0.0,0.0,1.0,0.0,0.0,0.0,0.0,0.0,497.03,0,2025-07-18 18:00:00
0.0,-1.330324888167986,-0.39861529578621613,-1.1154241481289804,-0.9866099297253915,-0.13455603122798038,0.4990512851511768,-0.16500293827654539,-0.772754058035233,-0.6134277615086274,1.0,0.0,0.0,1.0,0.0,0.0,0.0,0.0,0.0,0.0,1.0,0.0,0.0,0.0,453.02,0,2025-07-19 00:00:00
0.6931471805599453,0.7481130299094558,-0.23256096072994692,-0.5240091727718958,0.07146050741189189,-1.736876699763147,-0.2684132592180424,0.6814386313043668,0.2971697770607089,-0.2646874062502878,1.0,0.0,0.0,1.0,0.0,0.0,0.0,0.0,0.0,0.0,0.0,1.0,0.0,0.0,493.52,0,2025-07-19 06:00:00
0.6931471805599453,0.05530039055030851,0.7250948619918338,0.44251622677000585,-0.6252824743220472,-1.1150458589217378,0.947080213400871,0.7153624869767201,-0.6951351169400791,-0.9909420734714501,0.0,1.0,0.0,0.0,1.0,0.0,0.0,0.0,0.0,0.0,0.0,0.0,1.0,0.0,550.08,1,2025-07-19 12:00:00
0.6931471805599453,0.5171754834564067,0.9330039883499556,0.6320806091415528,-0.3517676674430216,-0.4652675645593668,-0.8286541859507487,-0.42729226140181337,0.008762142991461521,-0.9759796159851188,0.0,1.0,0.0,0.0,0.0,1.0,0.0,0.0,0.0,0.0,0.0,0.0,1.0,0.0,522.69,0,2025-07-19 18:00:00
0.0,1.209988122815554,1.2505544701835911,1.1475595422998626,0.6688744277002902,-0.6702155570464235,-1.2684924573768652,1.6329614123581782,1.2795820609219184,0.26820627191674584,0.0,1.0,0.0,0.0,1.0,0.0,0.0,0.0,1.0,0.0,0.0,0.0,0.0,0.0,561.73,0,2025-07-20 00:00:00
0.0,-1.330324888167986,-0.28669922339212545,0.4069218069568471,-0.9448629328859611,0.15889223074212225,-3.0008163755635233,-1.5252668096265156,-1.2666235950034166,-1.2533605586163394,1.0,0.0,0.0,0.0,0.0,1.0,0.0,0.0,0.0,0.0,0.0,0.0,0.0,1.0,436.43,0,2025-07-20 06:00:00
0.6931471805599453,0.05530039055030851,-1.392211645821539,-0.884769421665881,-1.2212568429952926,0.6479726673589611,-0.03907486815787034,1.4310731005519781,0.011806023034408659,1.559581448813963,0.0,0.0,1.0,0.0,1.0,0.0,1.0,0.0,0.0,0.0,0.0,0.0,0.0,0.0,560.06,0,2025-07-20 12:00:00
0.6931471805599453,1.209988122815554,2.613053036489475,2.626268107710906,0.9222355119671773,2.4133201480997397,-0.7778721136445679,-1.6584799989740493,1.1152125386027696,2.824484585543056,0.0,1.0,0.0,1.0,0.0,0.0,0.0,0.0,0.0,1.0,0.0,0.0,0.0,0.0,549.61,0,2025-07-20 18:00:00
1.0986122886681098,-0.1756371559027406,-1.0205229013257249,-0.612995222304791,0.8113900376004144,0.014497054217149837,0.4204209796448325,-0.35778972782918717,-0.8321097188727036,-0.07132641719615933,1.0,0.0,0.0,1.0,0.0,0.0,0.0,0.0,0.0,0.0,1.0,0.0,0.0,0.0,531.61,0,2025-07-21 00:00:00
0.6931471805599453,0.05530039055030851,0.011743636325442662,0.3001385475173744,0.7437311116882341,1.204592783318125,-1.9073636896159163,1.1820223552500675,1.0117206171425648,-0.7872224600037075,1.0,0.0,0.0,0.0,1.0,0.0,1.0,0.0,0.0,0.0,0.0,0.0,0.0,0.0,549.01,0,2025-07-21 06:00:00
0.6931471805599453,0.05530039055030851,-0.24848397915999607,-0.628054399918049,-0.3618445287490905,-0.8332423692520353,0.003151801539676747,0.6913675646718849,0.07801041396851012,-0.4948790598861556,0.0,1.0,0.0,1.0,0.0,0.0,0.0,0.0,0.0,1.0,0.0,0.0,0.0,0.0,526.55,0,2025-07-21 12:00:00
1.0986122886681098,1.4409256692686032,-0.3385627691357271,0.08386250217642617,0.2341298399241545,-1.7205740185425857,0.49167969400995726,-0.5687795618889453,0.40903236863901854,-0.346405443291021,1.0,0.0,0.0,1.0,0.0,0.0,0.0,0.0,0.0,0.0,1.0,0.0,0.0,0.0,537.08,0,2025-07-21 18:00:00
0.0,-1.5612624346210353,-0.3795076736701488,-0.43639213938566107,-0.9952472394163081,-0.33484611479487764,-0.9826385342340074,1.391357367081906,-2.4613465118601936,-0.4051043149681672,0.0,1.0,0.0,1.0,0.0,0.0,0.0,0.0,0.0,0.0,1.0,0.0,0.0,0.0,612.3062500000001,0,2025-07-22 00:00:00
1.0986122886681098,1.4409256692686032,0.006284315720857921,-1.5754135734067116,-0.3618445287490905,-1.6390606124397789,0.4318878991978406,-1.2075409418659386,0.21878986595481836,0.23828135694408276,0.0,0.0,1.0,0.0,1.0,0.0,1.0,0.0,0.0,0.0,0.0,0.0,0.0,0.0,498.58,0,2025-07-22 06:00:00
0.0,1.209988122815554,0.42164762505338604,0.5821558737293165,1.6722419034617686,0.05176032557843363,-0.5174092266548008,0.6442051311761742,0.8077806542651023,-1.1681896467710684,1.0,0.0,0.0,1.0,0.0,0.0,0.0,0.0,1.0,0.0,0.0,0.0,0.0,0.0,528.82,0,2025-07-22 12:00:00
1.0986122886681098,1.209988122815554,0.006284315720857921,0.043935460295186,0.8142691408307196,-0.7820053711302716,-0.002216912451770991,0.11548942935583899,2.06185923195935,-2.0878053030463595,1.0,0.0,0.0,1.0,0.0,0.0,0.0,1.0,0.0,0.0,0.0,0.0,0.0,0.0,583.63,0,2025-07-22 18:00:00
0.0,-0.1756371559027406,-0.5146258586337453,-0.0010199822602967896,-0.0033961765760520558,-2.0116933260526086,0.614539546363621,-0.9659368965896666,0.43871019905775377,-0.4499916874271613,0.0,0.0,1.0,1.0,0.0,0.0,0.0,0.0,0.0,0.0,0.0,1.0,0.0,0.0,464.76,0,2025-07-23 00:00:00
1.0986122886681098,0.05530039055030851,-0.4741358974830389,-0.46377246231886005,-1.101774058937613,1.854371077680496,0.9659187240950997,1.5138142119479618,1.0398765075398262,0.18763919314419183,0.0,1.0,0.0,0.0,0.0,1.0,0.0,0.0,1.0,0.0,0.0,0.0,0.0,0.0,580.83,0,2025-07-23 06:00:00
0.0,-0.4065747023557897,1.6613683456789652,1.1379764292732435,0.23700894315446036,-0.5281493349815325,0.12064293990189273,0.9743421656461487,-1.2749942651215214,0.27626297979400083,1.0,0.0,0.0,0.0,0.0,1.0,0.0,0.0,0.0,0.0,1.0,0.0,0.0,0.0,612.3062500000001,0,2025-07-23 12:00:00
0.6931471805599453,-0.8684497952618879,-1.3644600994148792,-0.9566182751164293,-0.7965891165252261,-1.6809817927212223,-0.7705005225033483,-1.6568251767461297,-0.4691270237512494,1.382333875514345,0.0,0.0,1.0,0.0,0.0,1.0,0.0,0.0,0.0,0.0,0.0,1.0,0.0,0.0,460.39,0,2025-07-23 18:00:00
0.0,1.4409256692686032,0.27181960401631994,0.20704544954449938,0.9251146151974825,0.9763552462302661,-0.4207594761365854,-1.3846069202533435,1.6745254964943181,-0.46955797798621013,0.0,0.0,1.0,1.0,0.0,0.0,0.0,0.0,0.0,0.0,0.0,0.0,1.0,0.0,524.91,0,2025-07-24 00:00:00
0.0,0.05530039055030851,1.2214380936257798,1.165196288917556,-0.8700062488980175,-0.7284394185484281,0.6554928304815089,-1.4913429539541625,-0.7986270384002839,1.1786142620466022,0.0,1.0,0.0,1.0,0.0,0.0,0.0,1.0,0.0,0.0,0.0,0.0,0.0,0.0,458.64,0,2025-07-24 06:00:00
0.0,0.7481130299094558,1.449111982543117,1.4624332560316426,0.9639825088066074,1.1789742842572415,-0.9744478774104297,-0.24277958298876998,1.166958499332872,1.5515247409367074,0.0,1.0,0.0,0.0,0.0,1.0,0.0,0.0,0.0,0.0,0.0,0.0,0.0,1.0,512.27,0,2025-07-24 12:00:00
0.0,-1.330324888167986,-0.5428323484241256,-1.0606635022625837,-0.6684690227766299,-0.7330973274685876,-0.14555340686437868,-0.2369877051910511,0.13356122475229687,0.36833964124834795,1.0,0.0,0.0,0.0,0.0,1.0,0.0,1.0,0.0,0.0,0.0,0.0,0.0,0.0,503.1,0,2025-07-24 18:00:00
0.6931471805599453,0.9790505763625049,0.2815250628689202,-0.19133824913353564,1.9212843328831974,-0.5304782894416122,-0.3495007617714606,0.8295452207031774,0.6281917317312173,-0.9195826608443314,1.0,0.0,0.0,1.0,0.0,0.0,1.0,0.0,0.0,0.0,0.0,0.0,0.0,0.0,566.02,0,2025-07-25 00:00:00
0.6931471805599453,0.5171754834564067,-0.0009947784185987453,-1.077091696022502,1.0445973992551625,0.3964455856703,-0.07183749545218054,0.6632355867972504,-0.10538335861905858,-0.44308593781808525,0.0,1.0,0.0,1.0,0.0,0.0,1.0,0.0,0.0,0.0,0.0,0.0,0.0,0.0,516.29,0,2025-07-25 06:00:00
0.0,1.6718632157216522,-0.41044382376282673,-0.11690538926896335,0.9423892345793158,0.6572884851992816,-0.9621618921750634,-1.6336576655552542,-0.24996766065905113,0.7182309547748671,1.0,0.0,0.0,1.0,0.0,0.0,0.0,1.0,0.0,0.0,0.0,0.0,0.0,0.0,458.07,0,2025-07-25 12:00:00
0.6931471805599453,-1.0993873417149371,0.18007268830029402,-0.4350231232390007,-1.569628333862262,0.8412758875456159,-1.7902372970387568,-0.031789748929011805,1.1760901394617134,-0.4799166023998241,0.0,1.0,0.0,1.0,0.0,0.0,0.0,0.0,0.0,0.0,0.0,0.0,1.0,0.0,525.14,0,2025-07-25 18:00:00
0.0,0.28623793700335765,-2.0577938161977722,-1.8114921100583756,-0.6828645389281579,-0.05770053404533472,0.5416427006337805,1.0413624658768954,0.6799376924613197,1.3086725463508673,0.0,0.0,1.0,0.0,0.0,1.0,0.0,1.0,0.0,0.0,0.0,0.0,0.0,0.0,502.97,0,2025-07-26 00:00:00
0.6931471805599453,0.05530039055030851,1.0758562108367242,1.1325003646866032,0.9711802668823711,0.5897488058569565,0.9773856436481072,1.432727922779898,0.32304275742575983,-0.6847871741357464,1.0,0.0,0.0,0.0,0.0,1.0,0.0,0.0,0.0,0.0,0.0,1.0,0.0,0.0,596.1,0,2025-07-26 06:00:00
0.0,0.28623793700335765,0.6822796346576898,0.8874464744344778,-0.29994380929752196,0.0011055660716877238,-1.7320836335913559,-0.6705511289060052,-0.27355773099189157,1.1532931801466564,0.0,1.0,0.0,0.0,1.0,0.0,0.0,0.0,0.0,1.0,0.0,0.0,0.0,0.0,497.63,1,2025-07-26 12:00:00
0.6931471805599453,-1.5612624346210353,-0.2398400548693984,-0.8101335474238179,-0.3344930480611884,0.24506354576508843,0.39257274644466844,-1.5327135096521542,-0.5931651355013481,-1.2476057672754426,1.0,0.0,0.0,0.0,0.0,1.0,1.0,0.0,0.0,0.0,0.0,0.0,0.0,0.0,472.48,0,2025-07-26 18:00:00
0.0,0.05530039055030851,-0.8473411199245761,-0.8134104531972798,0.3564917272121396,-0.11359544108725958,1.0945120362252672,-1.1545866305725092,0.16247808516029497,-1.6826679926472325,0.0,0.0,1.0,0.0,0.0,1.0,0.0,0.0,0.0,1.0,0.0,0.0,0.0,0.0,459.33,0,2025-07-27 00:00:00
1.0986122886681098,-0.6375122488088388,0.45076400161120234,1.1899990428463194,-0.3316139448308825,-1.4783627546942468,0.6153586120459785,-0.5042414950000781,0.10312242432282441,-0.6042200953631927,1.0,0.0,0.0,0.0,0.0,1.0,1.0,0.0,0.0,0.0,0.0,0.0,0.0,0.0,545.09,0,2025-07-27 06:00:00
0.6931471805599453,0.5171754834564067,-0.3472066934263299,0.49043179190310193,0.1923828430847244,0.0011055660716877238,-0.3798061920186975,-0.14597248265546917,0.8648534050703622,-2.4077717016002156,0.0,1.0,0.0,1.0,0.0,0.0,0.0,0.0,0.0,1.0,0.0,0.0,0.0,0.0,518.32,0,2025-07-27 12:00:00
0.0,-0.8684497952618879,-0.8703915846995101,-0.3296088799461872,-0.3042624641429798,0.07970777909939523,-0.8974557032688006,-0.46535317264396586,-1.0680104222011115,-1.0634524443667486,0.0,1.0,0.0,0.0,0.0,1.0,0.0,0.0,0.0,0.0,1.0,0.0,0.0,0.0,454.1,0,2025-07-27 18:00:00
0.0,-0.1756371559027406,0.4907990193781933,0.5876319383159568,-0.18046102523984206,-0.39772788521704167,0.003151801539676747,-1.3713683424299863,-1.4188175971507766,1.4985806606004581,1.0,0.0,0.0,0.0,0.0,1.0,0.0,0.0,0.0,0.0,1.0,0.0,0.0,0.0,472.45,0,2025-07-28 00:00:00
0.0,0.5171754834564067,1.4011407301935264,0.7669730535284051,0.15207539786044688,1.3746064589039777,0.2729891568204357,-0.5042414950000781,0.2712967966956574,0.002334911967318371,0.0,1.0,0.0,0.0,0.0,1.0,0.0,0.0,1.0,0.0,0.0,0.0,0.0,0.0,516.77,0,2025-07-28 06:00:00
0.0,-1.5612624346210353,0.22147253621843116,0.5273952278629198,-0.8426547682101148,-1.4620600734736855,0.1239192026313237,-0.6788252400456035,-2.223162898499575,-1.9508412691330181,0.0,1.0,0.0,1.0,0.0,0.0,0.0,0.0,0.0,0.0,0.0,0.0,1.0,0.0,413.77624999999995,0,2025-07-28 12:00:00
0.6931471805599453,0.9790505763625049,-0.19116111281180456,-0.2652651210531715,0.671753530930596,1.7588839448172076,-0.14719153822909387,0.008753395655020155,0.08181526402219445,-0.3924437740181946,0.0,1.0,0.0,0.0,1.0,0.0,0.0,0.0,0.0,0.0,1.0,0.0,0.0,0.0,516.44,0,2025-07-28 18:00:00
0.6931471805599453,0.7481130299094558,0.8215428593395856,0.9928607177272913,0.06138364610582299,0.012168099757070117,-1.0342396722225464,-1.4110840759000582,-0.17919744966052817,-0.8206002497809082,1.0,0.0,0.0,0.0,1.0,0.0,0.0,0.0,1.0,0.0,0.0,0.0,0.0,0.0,498.5,0,2025-07-29 00:00:00
0.6931471805599453,-1.5612624346210353,-2.1792636996498915,-2.287301969669868,-0.9045554876616839,0.3684981321493384,0.444992950115565,1.0612203326119314,-0.1784364796497915,1.804735559936162,0.0,0.0,1.0,1.0,0.0,0.0,0.0,0.0,0.0,1.0,0.0,0.0,0.0,0.0,502.64,0,2025-07-29 06:00:00
0.0,-1.5612624346210353,-0.6838647973760275,-0.7170404494509441,-1.3349814205923611,-0.3790962495364006,0.4924987596923149,-0.2369877051910511,1.182938869558345,-1.071509152244004,1.0,0.0,0.0,0.0,0.0,1.0,1.0,0.0,0.0,0.0,0.0,0.0,0.0,0.0,511.62,0,2025-07-29 12:00:00
1.0986122886681098,1.209988122815554,0.13412340654499774,0.18240315890462117,1.2691674512189943,-1.7112582007022652,0.22712147860840107,-0.5811907285983429,-1.3077159755832037,0.05642995057174744,0.0,1.0,0.0,0.0,1.0,0.0,0.0,0.0,0.0,0.0,0.0,0.0,0.0,1.0,463.94,0,2025-07-29 18:00:00
0.0,-0.6375122488088388,0.2569581201482682,0.33286377045707405,-0.8383361133646565,-0.11126648662717986,0.13866238491376331,1.4641695451103716,1.8145439784698898,-1.6930266170608466,1.0,0.0,0.0,1.0,0.0,0.0,0.0,0.0,0.0,0.0,0.0,0.0,1.0,0.0,498.86,0,2025-07-30 00:00:00
0.6931471805599453,1.209988122815554,-0.9131562627687935,-0.6048081776475329,0.1693500172422801,0.3871297678299795,1.6801439991110647,0.9007025765037233,0.25531642647018454,2.1511739986581433,0.0,0.0,1.0,0.0,1.0,0.0,0.0,0.0,1.0,0.0,0.0,0.0,0.0,0.0,511.08,0,2025-07-30 06:00:00
0.0,0.05530039055030851,0.60953924252802,0.2549610146775967,1.141047357470398,0.7434598002222478,-0.5837535469257794,-1.210850586321778,0.3291305175116547,0.34532047588476117,0.0,1.0,0.0,0.0,0.0,1.0,0.0,0.0,0.0,0.0,0.0,1.0,0.0,0.0,502.22,0,2025-07-30 12:00:00
0.0,-0.6375122488088388,0.2182879325324234,0.9586353140607942,0.02827395895730916,-2.263220407741268,-0.6918702169970035,-1.6791652768230452,0.647976952010374,-1.0162631553713957,1.0,0.0,0.0,0.0,1.0,0.0,0.0,0.0,0.0,0.0,1.0,0.0,0.0,0.0,470.85,1,2025-07-31 00:00:00
1.0986122886681098,0.5171754834564067,-0.7025174761083741,0.5414660460068221,0.13911943332407214,-1.5808367509377743,1.1199030723783578,0.26276860764068977,0.23248732614808074,-0.44653881262262335,0.0,0.0,1.0,1.0,0.0,0.0,1.0,0.0,0.0,0.0,0.0,0.0,0.0,0.0,512.27,0,2025-07-31 06:00:00
0.0,-1.330324888167986,-0.14521183105650828,0.06603678643852831,-1.3004321818286946,2.1850826110118806,1.2419438590496634,-0.45376941704852813,-0.5924041654906115,-1.4444196311341095,1.0,0.0,0.0,0.0,0.0,1.0,0.0,0.0,0.0,0.0,0.0,0.0,0.0,1.0,471.78,0,2025-07-31 12:00:00
0.0,-0.1756371559027406,0.48806935907589577,-0.2105044751867748,0.7250169406912482,-1.1103879500015783,-0.2585844710297495,-0.38261206124798225,-1.848765653217069,-0.9426018262079181,0.0,1.0,0.0,1.0,0.0,0.0,0.0,0.0,0.0,0.0,0.0,0.0,0.0,1.0,512.27,0,2025-07-31 18:00:00
0.6931471805599453,-0.4065747023557897,-2.2245558409620396,-2.3954542452560017,-0.5864145807129223,1.5306464077293502,1.6621245540991942,0.08404780702536523,-0.1031004485868481,2.4999143539164823,1.0,0.0,0.0,1.0,0.0,0.0,0.0,0.0,0.0,0.0,0.0,0.0,0.0,1.0,489.9,0,2025-01-08 00:00:00
0.0,-1.0993873417149371,-0.18661167897464545,0.0578226895585685,-1.32922321413175,-0.9427032288758054,0.4908606283275997,0.18747419627034473,0.32760857749018085,-1.2395490593981875,0.0,0.0,1.0,1.0,0.0,0.0,0.0,0.0,0.0,0.0,0.0,0.0,0.0,1.0,502.97,0,2025-08-01 06:00:00
0.0,-0.4065747023557897,0.29699313791525916,0.8929225390211181,0.8560161376701503,-0.1555166213687028,-0.8327495143625377,-1.6824749212788845,-0.386942262591675,-2.148806091259864,1.0,0.0,0.0,0.0,1.0,0.0,0.0,0.0,0.0,0.0,0.0,0.0,0.0,1.0,492.83,0,2025-08-01 12:00:00
0.6931471805599453,0.05530039055030851,-0.5805926492725396,-0.0010199822602967896,-0.013473037882120953,0.6898938476404043,-0.33803384221845195,-1.3117947422248781,1.0840127681625604,-1.2383981011300078,1.0,0.0,0.0,1.0,0.0,0.0,0.0,0.0,0.0,0.0,0.0,1.0,0.0,0.0,506.37,0,2025-01-08 18:00:00
0.6931471805599453,0.7481130299094558,-0.5010786556519842,-0.5294852373585361,1.7240657616072683,-0.8239265514117148,1.1428369114843753,1.0562558659281724,1.3199134714909688,0.9622341076288864,0.0,0.0,1.0,0.0,0.0,1.0,1.0,0.0,0.0,0.0,0.0,0.0,0.0,0.0,559.73,0,2025-08-02 00:00:00
0.0,-1.330324888167986,-0.013278249778924757,0.06466777029186793,-2.0115706797141613,1.7029890377752828,0.9372514252125775,1.6271695345604593,-1.1212783229526875,-1.150925272748378,0.0,0.0,1.0,0.0,1.0,0.0,0.0,0.0,0.0,1.0,0.0,0.0,0.0,0.0,522.55,0,2025-08-02 06:00:00
0.0,1.4409256692686032,-1.707032467352882,-1.1441734872088385,1.4750233321858397,0.11464209600059931,-1.0104867674341715,1.2233929109480592,2.0162010313151413,0.9530264414834517,1.0,0.0,0.0,1.0,0.0,0.0,0.0,1.0,0.0,0.0,0.0,0.0,0.0,0.0,568.09,0,2025-02-08 12:00:00
0.6931471805599453,1.4409256692686032,0.4930737362967703,0.26348699555704536,2.4812699111776233,0.5175512175944703,-0.10705731979356413,1.4633421339964117,0.6007968113446925,1.3673714180280132,0.0,1.0,0.0,0.0,0.0,1.0,0.0,1.0,0.0,0.0,0.0,0.0,0.0,0.0,575.93,0,2025-08-02 18:00:00
0.0,0.7481130299094558,-0.18186004807806416,-0.9306069683298906,0.5968968469426521,-0.24401689085175038,0.22957867565547443,-0.07564253796888311,0.3314134275438646,-1.2107751026937037,0.0,1.0,0.0,0.0,1.0,0.0,0.0,0.0,0.0,0.0,0.0,0.0,1.0,0.0,502.78,0,2025-08-03 00:00:00
0.6931471805599453,1.4409256692686032,1.0622079093252468,1.239292572314187,0.9683011636520659,0.7248281645416067,-0.4690843513956934,1.1853319997059069,0.6502598620425845,0.9300072761198649,0.0,0.0,1.0,0.0,0.0,1.0,0.0,0.0,0.0,0.0,0.0,0.0,1.0,0.0,556.86,0,2025-03-08 06:00:00
0.0,-0.1756371559027406,0.28294044228492193,0.7779251827016844,-0.9261487618889752,1.6890153110148027,2.34686346455028,1.3797736114864683,-0.01634986736285331,-1.2844364318571815,1.0,0.0,0.0,1.0,0.0,0.0,0.0,0.0,0.0,0.0,1.0,0.0,0.0,0.0,547.66,0,2025-08-03 12:00:00
0.0,1.209988122815554,-1.419053305460773,-1.3372047638878868,1.6535277324647828,-0.10195066878685932,0.25906504022035365,1.416179700500701,-1.933233324408854,1.3293897951780953,0.0,1.0,0.0,1.0,0.0,0.0,0.0,0.0,0.0,0.0,0.0,1.0,0.0,0.0,482.32,0,2025-08-03 18:00:00
0.0,0.7481130299094558,-0.49096880268052406,-0.26663413719983187,0.0786582654876562,1.8473842143002552,-0.030884211334292644,-1.1669977972819068,0.11605891450535015,-0.7998830009536801,0.0,1.0,0.0,0.0,1.0,0.0,0.0,1.0,0.0,0.0,0.0,0.0,0.0,0.0,508.25,0,2025-04-08 00:00:00
0.0,0.28623793700335765,0.2765206856480457,0.004431059838832161,0.14199853655437736,-0.6050048321641781,1.2001715092494185,-1.176099319535465,-1.142585483253318,-0.8850539127989512,0.0,1.0,0.0,1.0,0.0,0.0,0.0,1.0,0.0,0.0,0.0,0.0,0.0,0.0,439.3,0,2025-08-04 06:00:00
1.0986122886681098,-1.0993873417149371,-0.7753084175029046,-1.1222692288622798,-1.7193417018381496,0.8366179786254548,-0.32902411971251666,-0.2874597831426011,1.040637477550563,0.664135916170438,0.0,0.0,1.0,0.0,0.0,1.0,0.0,0.0,0.0,0.0,0.0,0.0,1.0,0.0,560.15,0,2025-08-04 12:00:00
0.0,0.28623793700335765,-0.6997878158060817,-0.15711284546703844,1.2130249382280363,0.5478276255755132,1.0199770591307116,0.06418994029032916,1.5512483547549563,0.6837022067294866,0.0,1.0,0.0,1.0,0.0,0.0,0.0,0.0,0.0,1.0,0.0,0.0,0.0,0.0,545.42,0,2025-04-08 18:00:00
1.3862943611198906,1.4409256692686032,1.75008230550355,1.748557630683566,1.8881746457346835,-1.0847694509406964,-1.6092237812376922,1.643717756839656,1.3374157817379155,1.481316286577768,1.0,0.0,0.0,0.0,0.0,1.0,0.0,0.0,0.0,0.0,1.0,0.0,0.0,0.0,601.47,1,2025-08-05 00:00:00
1.6094379124341003,1.6718632157216522,-0.3600462067000824,-0.1078282641872808,1.306595793212966,0.2590372725255701,-0.41584508204243864,-0.5811907285983429,0.43338340898259614,-0.016080420323551056,0.0,0.0,1.0,0.0,1.0,0.0,0.0,0.0,0.0,1.0,0.0,0.0,0.0,0.0,571.97,0,2025-08-05 06:00:00
0.6931471805599453,-0.1756371559027406,0.00037005173254743996,-0.0010199822602967896,-0.9175114521980586,0.0424445077381131,1.0609303432485995,1.2035350442130233,-1.0002840912455362,0.46617109404359164,0.0,0.0,1.0,0.0,0.0,1.0,0.0,1.0,0.0,0.0,0.0,0.0,0.0,0.0,504.49,0,2025-05-08 12:00:00
0.0,-0.8684497952618879,-1.182937689312271,-1.5904727510199708,0.2629208722272099,-0.8588608683129189,1.5728463947221982,1.3979766559935847,-0.9538649205905915,0.664135916170438,0.0,0.0,1.0,0.0,1.0,0.0,0.0,0.0,0.0,0.0,0.0,0.0,1.0,0.0,501.25,0,2025-08-05 18:00:00
0.6931471805599453,0.9790505763625049,0.15732551911450357,-0.13931563556045967,-0.0033961765760520558,0.41041931243078167,-0.730366304067818,1.668540090258451,2.150892723215555,-0.843619415144495,1.0,0.0,0.0,1.0,0.0,0.0,0.0,0.0,0.0,0.0,0.0,0.0,1.0,0.0,578.58,0,2025-08-06 00:00:00
0.0,-1.330324888167986,-0.15431069873082653,-0.08044794125408306,-1.8215498665139964,0.18916863872316358,-0.845035499597904,-1.0279927301366543,-1.1684584636183692,-1.3488900948752245,1.0,0.0,0.0,0.0,0.0,1.0,0.0,0.0,0.0,0.0,0.0,1.0,0.0,0.0,450.0,0,2025-06-08 06:00:00
0.0,-1.0993873417149371,0.5167307922499915,0.17829611046464128,-2.0605154346293557,0.0011055660716877238,0.5875103788458151,-0.8459622850654904,-2.5960382037606076,0.28662160420761523,0.0,1.0,0.0,0.0,1.0,0.0,0.0,0.0,1.0,0.0,0.0,0.0,0.0,0.0,453.26,0,2025-08-06 12:00:00
0.0,0.28623793700335765,0.6577632412018933,0.9517902333274947,-0.21501026400350848,-0.03673994390461393,-0.5829344812434212,-0.9220841075497953,1.04368135759351,-0.32108436139107527,1.0,0.0,0.0,0.0,0.0,1.0,0.0,0.0,0.0,0.0,0.0,1.0,0.0,0.0,512.27,0,2025-08-06 18:00:00
0.0,1.6718632157216522,-2.3139269412297723,-2.195943272191461,0.3838432079000424,-0.06002948850541444,-0.2340125005590164,0.8684335430592897,2.0215278213902996,1.100349099810407,0.0,0.0,1.0,1.0,0.0,0.0,0.0,0.0,0.0,0.0,0.0,0.0,0.0,1.0,514.44,1,2025-07-08 00:00:00
0.6931471805599453,-0.6375122488088388,1.2378160554395496,0.6245953742757748,-0.9477420361162666,-0.3488198415553576,0.8913837470005429,0.700469086925443,1.2529481105461302,0.3303580183984299,1.0,0.0,0.0,0.0,1.0,0.0,0.0,0.0,0.0,0.0,0.0,1.0,0.0,0.0,512.27,0,2025-08-07 06:00:00
0.6931471805599453,-0.1756371559027406,1.1254450396617437,1.0311931698337697,0.3118656271424043,0.18218177534292443,-0.5051232414194345,-0.27173897197736424,0.868658255124046,0.5283228405252762,0.0,1.0,0.0,1.0,0.0,0.0,0.0,0.0,0.0,1.0,0.0,0.0,0.0,0.0,544.21,0,2025-08-07 12:00:00
1.0986122886681098,-0.6375122488088388,0.6604929015041857,0.6601897940889323,-0.7879518068343095,-0.6399391490653805,-1.9024492955217698,-1.3771602202277051,0.835175574651627,-0.18181841094137538,0.0,0.0,1.0,0.0,0.0,1.0,0.0,0.0,1.0,0.0,0.0,0.0,0.0,0.0,530.39,1,2025-07-08 18:00:00
0.0,-0.1756371559027406,-0.9509165636172074,-0.42763782868514716,0.05994409449066974,2.8208871786137717,-1.2488348810002787,0.12376354049543735,-0.03080829756685235,0.8862708619290502,1.0,0.0,0.0,0.0,1.0,0.0,0.0,0.0,0.0,0.0,1.0,0.0,0.0,0.0,484.41,0,2025-08-08 00:00:00
0.0,-1.5612624346210353,-1.1902167834517225,-0.903226645396693,-1.7625282502927326,-1.4410994833329647,0.03955543734847451,0.8585046096917717,-2.523746052740611,1.1084058076876626,1.0,0.0,0.0,1.0,0.0,0.0,0.0,0.0,1.0,0.0,0.0,0.0,0.0,0.0,489.91,0,2025-08-08 06:00:00
1.0986122886681098,0.28623793700335765,-0.5664894043773469,-0.3077046215996285,0.24564625284537667,-0.5770573786432165,-1.8017042165917656,-0.03758162672673066,0.12823443467713924,0.34301855934840275,0.0,1.0,0.0,1.0,0.0,0.0,0.0,0.0,0.0,0.0,1.0,0.0,0.0,0.0,512.27,0,2025-08-08 12:00:00
0.6931471805599453,0.28623793700335765,0.5899766770282374,0.6687983852451049,1.447671851497937,-0.49554397254040977,-0.2626797994415381,-0.7541196514159486,0.6708060523324778,1.2706909235009494,0.0,1.0,0.0,1.0,0.0,0.0,1.0,0.0,0.0,0.0,0.0,0.0,0.0,0.0,513.98,1,2025-08-08 18:00:00
0.0,-0.6375122488088388,0.21146378177668732,0.08383399634510709,-0.7706771874524763,2.1734378387114806,-1.3389321060596322,0.37198687468338815,-0.3854203225702012,-0.8021849174900387,1.0,0.0,0.0,0.0,0.0,1.0,0.0,1.0,0.0,0.0,0.0,0.0,0.0,0.0,612.3062500000001,0,2025-08-09 00:00:00
0.0,-0.8684497952618879,-2.6092420651842936,-0.35627886021654587,-0.0033961765760520558,-1.347941304929756,1.6416479120402503,0.6102812755038209,-0.5185900744491413,-0.4074062315045258,0.0,1.0,0.0,1.0,0.0,0.0,0.0,0.0,0.0,0.0,0.0,0.0,1.0,0.0,495.53,0,2025-09-08 06:00:00
0.0,0.9790505763625049,-1.4463499084837226,-1.1852439716086351,-0.24811995115202232,0.48261690069326785,2.1576592919256377,0.3686772302275488,-0.5033706742344056,1.1302740147830697,0.0,0.0,1.0,0.0,1.0,0.0,0.0,0.0,0.0,1.0,0.0,0.0,0.0,0.0,481.03,0,2025-08-09 12:00:00
0.0,-1.0993873417149371,-0.6524737038996341,-0.765743417381614,0.06570230095128081,0.29630054388685223,-1.0104867674341715,1.3475045780420347,-1.3594619363133065,0.4742278019208471,0.0,1.0,0.0,1.0,0.0,0.0,0.0,0.0,0.0,1.0,0.0,0.0,0.0,0.0,524.41,0,2025-08-09 18:00:00
0.6931471805599453,-1.5612624346210353,-0.10972624712667645,0.6934342195973608,-1.6027380210107756,0.3848008133698998,0.28199887932637097,-0.5952567175356601,1.051291057700878,0.013844494649112018,1.0,0.0,0.0,0.0,1.0,0.0,0.0,0.0,0.0,0.0,1.0,0.0,0.0,0.0,541.78,0,2025-10-08 00:00:00
0.6931471805599453,-1.5612624346210353,-0.8154950830644674,-0.11056629648060154,-0.6123265097856718,1.3303563241624548,-0.913837016915956,0.43238788600245615,1.0840127681625604,0.40862318063462494,1.0,0.0,0.0,1.0,0.0,0.0,0.0,0.0,0.0,1.0,0.0,0.0,0.0,0.0,538.75,0,2025-08-10 06:00:00
1.0986122886681098,1.4409256692686032,-0.404074616390806,-0.07867737044649827,1.060432467021843,1.3093957340217324,-0.27414671899454673,1.285448744495047,0.5574215207326949,1.6205822370274678,1.0,0.0,0.0,0.0,0.0,1.0,0.0,0.0,0.0,0.0,0.0,0.0,1.0,0.0,582.55,0,2025-08-10 12:00:00
0.0,-0.4065747023557897,1.4243428427630322,1.4499714316024381,0.038350820263378695,-0.4373201110384052,1.8021847857823703,-0.9469064409685903,0.08638108408661489,-0.1438367880914573,1.0,0.0,0.0,0.0,0.0,1.0,0.0,1.0,0.0,0.0,0.0,0.0,0.0,0.0,517.35,0,2025-10-08 18:00:00
0.0,-1.330324888167986,-0.1374777935333414,-0.18312415225357703,-0.6713481260069358,0.23807668238484764,-0.42895013296016304,-0.7077846290341978,-1.4317540873333023,-0.9633190750351462,1.0,0.0,0.0,0.0,1.0,0.0,0.0,0.0,0.0,0.0,0.0,0.0,1.0,0.0,460.39,0,2025-08-11 00:00:00
1.0986122886681098,1.4409256692686032,2.016224184977299,1.1987991894133532,0.8459392763640807,-1.9185351476494017,-0.2512128798885294,-1.5153378762589977,1.1464123090429783,1.1901238447283953,0.0,1.0,0.0,0.0,0.0,1.0,0.0,1.0,0.0,0.0,0.0,0.0,0.0,0.0,550.51,0,2025-08-11 06:00:00
0.0,-1.0993873417149371,-0.27942012925267395,-0.3728915301245798,-0.0033961765760520558,0.1402605950614812,-0.8966366375864431,-0.3834394723619421,1.1623926792684511,-1.0093574057623196,1.0,0.0,0.0,0.0,0.0,1.0,0.0,0.0,1.0,0.0,0.0,0.0,0.0,0.0,526.65,0,2025-11-08 12:00:00
1.0986122886681098,-0.4065747023557897,-0.4154482009837012,-0.3432990414127873,-0.8498525262858787,-0.7959790978907532,1.155941962402099,-1.5310586874242345,-1.5672067492444528,-1.9174634793558172,0.0,0.0,1.0,0.0,1.0,0.0,0.0,0.0,0.0,0.0,1.0,0.0,0.0,0.0,477.77,0,2025-08-11 18:00:00
0.0,-1.5612624346210353,0.11183118074292268,0.19335528807790053,-0.7893913584494625,-0.16017453028886391,-3.0008163755635233,0.907321865415402,-0.2035484900041058,0.2095074002395994,1.0,0.0,0.0,0.0,0.0,1.0,0.0,0.0,0.0,0.0,0.0,0.0,0.0,1.0,495.85,0,2025-08-12 00:00:00
0.6931471805599453,0.7481130299094558,-1.8244078603515574,-1.4385119587407202,-0.0033961765760520558,-1.7298898363829063,-0.40519722817178816,-1.3771602202277051,0.778102823846367,0.08980774034894815,1.0,0.0,0.0,1.0,0.0,0.0,0.0,1.0,0.0,0.0,0.0,0.0,0.0,0.0,479.57,0,2025-12-08 06:00:00
0.6931471805599453,0.7481130299094558,1.9184113574784014,2.1565244423882213,0.8041922795246507,0.4593273560924657,-0.015321963369494842,0.720326953660479,0.7674492436960517,1.260332299087335,0.0,1.0,0.0,0.0,1.0,0.0,0.0,0.0,0.0,0.0,1.0,0.0,0.0,0.0,558.33,0,2025-08-12 12:00:00
0.0,0.9790505763625049,-0.49915778358740637,-0.7991814182505386,0.46589764996375,-1.7415346086833081,-0.6197924369495206,0.32896149675747666,1.876943519350307,-1.4927598783976417,0.0,0.0,1.0,0.0,0.0,1.0,1.0,0.0,0.0,0.0,0.0,0.0,0.0,0.0,524.72,0,2025-08-12 18:00:00
0.0,-0.8684497952618879,0.17734302799800164,-0.1844931684002362,-0.7001391583099912,0.19149759318324497,0.878278696082819,1.7471441460846355,1.5055901541107486,-0.3394996936819447,1.0,0.0,0.0,1.0,0.0,0.0,1.0,0.0,0.0,0.0,0.0,0.0,0.0,0.0,526.35,0,2025-08-13 00:00:00
0.6931471805599453,-0.6375122488088388,0.006284315720857921,0.26454412770421565,-1.2414105656074312,-1.2501252176063895,1.210819363120069,-0.4761095171254437,-0.47521478383714366,-1.0484899868804172,1.0,0.0,0.0,0.0,0.0,1.0,0.0,0.0,0.0,0.0,0.0,0.0,1.0,0.0,507.63,0,2025-08-13 06:00:00
0.0,1.6718632157216522,-0.5690674168850727,-0.16121989390701835,1.4865397451070617,-0.8542029593927578,-1.3577706167538606,-0.4876932727208814,1.265884600728656,-0.8585818726308263,1.0,0.0,0.0,1.0,0.0,0.0,0.0,0.0,0.0,0.0,0.0,1.0,0.0,0.0,529.22,0,2025-08-13 12:00:00
0.0,1.209988122815554,-0.32491446762425485,-0.0010199822602967896,0.9812571281884407,1.2465139635995683,2.0872196432428702,-0.8409978183817314,0.5452460005609058,-0.17261074479594066,0.0,1.0,0.0,1.0,0.0,0.0,0.0,0.0,0.0,1.0,0.0,0.0,0.0,0.0,469.56,0,2025-08-13 18:00:00
0.0,-1.5612624346210353,1.7610009467127299,1.5213009503380193,-1.643045466235053,0.6526305762791205,-1.3692375363068692,0.18085490735866602,-1.2049850241337359,-0.0022689211053989852,1.0,0.0,0.0,0.0,1.0,0.0,0.0,0.0,0.0,0.0,1.0,0.0,0.0,0.0,484.1,0,2025-08-14 00:00:00
0.6931471805599453,0.7481130299094558,-0.17887764145147855,-0.22830168509335358,0.5421938855668466,1.2395271002193273,1.2960021940852753,-0.923738929777715,0.5330704803891172,-0.9299412852579453,1.0,0.0,0.0,1.0,0.0,0.0,0.0,0.0,0.0,1.0,0.0,0.0,0.0,0.0,506.83,0,2025-08-14 06:00:00
1.0986122886681098,1.209988122815554,0.2305714038927494,0.20567643339784022,1.0388391927945513,1.6703836753341617,0.17715847198457785,-1.291936875489842,1.08172985813035,-0.014929462055371332,1.0,0.0,0.0,0.0,1.0,0.0,0.0,0.0,1.0,0.0,0.0,0.0,0.0,0.0,538.18,0,2025-08-14 12:00:00
0.6931471805599453,0.28623793700335765,1.86108849113021,1.8893576726359531,-0.0033961765760520558,-0.7750185077500308,-0.4649890229839042,1.6106213122812625,0.3009746271143927,1.4341269975824151,0.0,1.0,0.0,0.0,1.0,0.0,0.0,0.0,0.0,1.0,0.0,0.0,0.0,0.0,542.22,0,2025-08-14 18:00:00
0.6931471805599453,0.5171754834564067,0.5581306401681287,1.702011081697129,0.30754697229694583,1.607501904911996,-0.3724346008774773,0.6739919312787283,-0.6099064757375576,-0.9069221198943586,0.0,0.0,1.0,1.0,0.0,0.0,0.0,0.0,1.0,0.0,0.0,0.0,0.0,0.0,498.98,1,2025-08-15 00:00:00
0.0,-1.5612624346210353,1.3756639007054385,1.3159485283390326,-1.9439117538019814,-1.4993233448349692,-0.003035978134128586,-1.2729064198687656,-1.050508111954165,-0.5777480551950678,0.0,1.0,0.0,0.0,1.0,0.0,0.0,0.0,0.0,0.0,0.0,0.0,1.0,0.0,473.45,0,2025-08-15 06:00:00
0.0,-1.5612624346210353,-0.4154482009837012,-0.07497187666744277,0.22693208184839084,0.8179863429448138,0.23449306974962117,0.46134727499105044,-1.043659381857534,-0.48336947720436224,0.0,1.0,0.0,0.0,1.0,0.0,0.0,0.0,0.0,1.0,0.0,0.0,0.0,0.0,457.42,0,2025-08-15 12:00:00
0.0,-1.5612624346210353,-0.6397352891555927,-1.4029175389275628,-0.6065683033250607,-0.48157024577992813,-0.8745218641627833,-0.6266983398661339,-1.3967494668394096,0.041467493085416154,1.0,0.0,0.0,0.0,1.0,0.0,0.0,0.0,1.0,0.0,0.0,0.0,0.0,0.0,449.26,0,2025-08-15 18:00:00
0.6931471805599453,-1.0993873417149371,-0.6648582737896815,-0.8498350156769566,-0.7418861551494212,-0.940374274415724,-0.2004308075823486,-1.0602617635810878,-0.15865125937063485,0.9449697336061962,1.0,0.0,0.0,0.0,0.0,1.0,0.0,0.0,0.0,0.0,1.0,0.0,0.0,0.0,477.71,0,2025-08-16 00:00:00
1.3862943611198906,1.6718632157216522,0.16187495295166268,0.7175981030999559,2.085393217010613,0.6805780298000838,-0.7279091070207446,-0.04751056009424869,1.0330277774431953,-0.5881066796086819,1.0,0.0,0.0,1.0,0.0,0.0,0.0,0.0,0.0,0.0,0.0,0.0,1.0,0.0,574.11,0,2025-08-16 06:00:00
0.6931471805599453,0.5171754834564067,-0.24893892254371147,-0.04896056988090418,-0.8915995231253089,1.0252632898919503,-1.1644711157174297,1.0512913992444135,1.0885785882269814,-0.8574309143626471,0.0,0.0,1.0,0.0,0.0,1.0,0.0,0.0,1.0,0.0,0.0,0.0,0.0,0.0,555.99,0,2025-08-16 12:00:00
1.0986122886681098,0.9790505763625049,-1.5273298307851355,-2.645813073076436,-0.8915995231253089,0.9949868819109072,-0.7737767852327793,-1.684957154620764,-0.40596651286009505,1.6159784039547505,0.0,0.0,1.0,0.0,0.0,1.0,0.0,0.0,0.0,0.0,0.0,0.0,0.0,1.0,502.81,0,2025-08-16 18:00:00
0.6931471805599453,-0.6375122488088388,-1.1347136906383977,-0.7184094655976044,-0.8037868746009902,0.2613662269856498,-1.1005839924935243,-0.45211459482060845,-0.7894953982714425,1.7725087284271406,0.0,0.0,1.0,1.0,0.0,0.0,0.0,0.0,0.0,1.0,0.0,0.0,0.0,0.0,512.27,0,2025-08-17 00:00:00
0.6931471805599453,1.6718632157216522,-1.6119493001562766,-0.552758511851754,0.4342275144303894,0.1728659575026039,-0.3830824547481284,1.5146416230619215,2.070229902077455,-0.03449575261442048,0.0,0.0,1.0,0.0,0.0,1.0,0.0,0.0,0.0,0.0,0.0,1.0,0.0,0.0,595.09,1,2025-08-17 06:00:00
0.6931471805599453,-1.0993873417149371,-1.023707505011738,-1.8971323678717924,-1.0715434750194046,0.5874198513968751,0.4548217383038579,-0.3155917610172355,-0.5946870755228214,-0.5109924756406664,0.0,0.0,1.0,1.0,0.0,0.0,0.0,0.0,0.0,0.0,0.0,0.0,0.0,1.0,427.63,0,2025-08-17 12:00:00
0.6931471805599453,1.4409256692686032,-1.9718095166754799,-1.0688775991425423,1.273486106064452,0.35452440538885677,0.14849117310205678,-1.3415815423274322,0.5870993511514296,1.672375359095538,0.0,0.0,1.0,0.0,1.0,0.0,0.0,0.0,0.0,1.0,0.0,0.0,0.0,0.0,527.87,0,2025-08-17 18:00:00
0.0,-1.5612624346210353,-0.0009947784185987453,-1.3467878769145056,-0.6972600550796852,0.6037225326174365,1.9700932506657105,-0.19644456060701918,-0.7872124882392321,-1.4248533405750605,1.0,0.0,0.0,1.0,0.0,0.0,0.0,1.0,0.0,0.0,0.0,0.0,0.0,0.0,430.78,0,2025-08-18 00:00:00
0.6931471805599453,-1.5612624346210353,-0.1247393787893,0.3193047735706124,-2.0302848507111473,0.24972145468524953,-2.143254606134951,0.6855756868741659,0.40751042861754466,-1.323569012975279,1.0,0.0,0.0,1.0,0.0,0.0,0.0,0.0,0.0,0.0,0.0,1.0,0.0,0.0,581.37,0,2025-08-18 06:00:00
0.0,-1.330324888167986,1.1281746999640412,0.9969677661672712,-0.8469734230555732,0.9181313847282615,0.4908606283275997,1.7761035350732297,0.5338314503998539,0.19914877582598547,1.0,0.0,0.0,1.0,0.0,0.0,1.0,0.0,0.0,0.0,0.0,0.0,0.0,0.0,540.88,0,2025-08-18 12:00:00
0.0,0.9790505763625049,1.079040814522732,-0.16943399078697696,0.773961695606442,-1.669337020420822,0.03627917461904355,0.4994081862332029,1.3937275625324383,1.481316286577768,0.0,1.0,0.0,1.0,0.0,0.0,0.0,0.0,0.0,1.0,0.0,0.0,0.0,0.0,573.26,0,2025-08-18 18:00:00
0.6931471805599453,-0.8684497952618879,-0.7803127947237791,-0.5075809790119774,-0.50723924187952,-0.10195066878685932,0.8315919521884274,-1.5103734095752386,-0.32910854177567833,-1.1854540207937583,1.0,0.0,0.0,1.0,0.0,0.0,0.0,0.0,0.0,0.0,0.0,0.0,0.0,1.0,499.57,0,2025-08-19 00:00:00
0.0,-0.1756371559027406,-0.30990133596163133,0.2549610146775967,-0.50723924187952,-1.4154809842720812,0.7341231359878537,1.1257583995007987,-0.8762459794954378,0.5214170909161999,0.0,0.0,1.0,1.0,0.0,0.0,0.0,0.0,0.0,1.0,0.0,0.0,0.0,0.0,494.93,0,2025-08-19 06:00:00
0.0,0.05530039055030851,-0.7598403424565656,-0.0010199822602967896,-0.0033961765760520558,0.3265769518678952,0.003151801539676747,1.0248142435976988,1.7696467478364184,-0.4304253968681126,0.0,1.0,0.0,1.0,0.0,0.0,0.0,0.0,0.0,0.0,0.0,1.0,0.0,0.0,545.28,0,2025-08-19 12:00:00
0.6931471805599453,0.9790505763625049,-0.40316472962337524,-0.10098318345398136,0.6976654600033455,1.7565549903571278,0.19927324540823757,0.5771848309454275,1.159348799225504,0.062184741912644004,0.0,1.0,0.0,1.0,0.0,0.0,0.0,0.0,0.0,0.0,1.0,0.0,0.0,0.0,531.6,0,2025-08-19 18:00:00
0.0,-0.4065747023557897,0.4302915493439889,0.17418906202466136,0.7912363149882753,-0.46060965563920736,-0.7016990051852964,1.4294182783240585,-0.5878383454261905,0.9449697336061962,1.0,0.0,0.0,0.0,0.0,1.0,0.0,1.0,0.0,0.0,0.0,0.0,0.0,0.0,541.57,0,2025-08-20 00:00:00
0.6931471805599453,-1.5612624346210353,-1.6101295266214148,-2.362597857736164,-1.8057147987473157,0.1682080485824428,0.6325589913754915,0.9875807434695061,0.6730889623646883,0.865553613101822,1.0,0.0,0.0,0.0,0.0,1.0,0.0,0.0,1.0,0.0,0.0,0.0,0.0,0.0,512.67,0,2025-08-20 06:00:00
0.0,-0.4065747023557897,-0.4644304386304335,-0.1050122278575292,0.12328436555739153,0.8273021607851343,-1.8172664645565628,-0.8790587296238839,-0.6601304964461862,-0.7331274213992784,1.0,0.0,0.0,1.0,0.0,0.0,0.0,0.0,0.0,0.0,1.0,0.0,0.0,0.0,455.09,0,2025-08-20 12:00:00
0.0,-0.6375122488088388,0.006284315720857921,-0.81765801084422,-0.5835354774826165,-2.1304700035166975,0.7930958651176117,-0.22209430513977407,1.0261790473465637,1.225803551041955,0.0,0.0,1.0,1.0,0.0,0.0,1.0,0.0,0.0,0.0,0.0,0.0,0.0,0.0,516.05,0,2025-08-20 18:00:00
1.0986122886681098,0.7481130299094558,0.4675969068086875,0.9463141687408544,0.36656858851820917,-0.5118466537609712,0.006792810054164302,0.07742851811368653,1.635716025946741,-0.30957477870928213,0.0,1.0,0.0,1.0,0.0,0.0,0.0,0.0,0.0,1.0,0.0,0.0,0.0,0.0,550.26,0,2025-08-21 00:00:00
1.3862943611198906,0.9790505763625049,-0.4977929534362602,-1.4193457326874812,1.1755965962340644,0.41740617581102246,0.003151801539676747,0.0120630401108595,-0.4645612036868284,0.7239857461157636,0.0,1.0,0.0,1.0,0.0,0.0,0.0,0.0,0.0,1.0,0.0,0.0,0.0,0.0,527.03,0,2025-08-21 06:00:00
0.0,-1.330324888167986,-0.0865241345571706,-0.8210856765970972,-1.3004321818286946,-3.0014989715866864,-0.19879267621763283,0.5333320419055562,-0.004935317201800868,-1.0484899868804172,1.0,0.0,0.0,1.0,0.0,0.0,0.0,0.0,0.0,0.0,0.0,0.0,1.0,0.0,504.66,0,2025-08-21 12:00:00
0.6931471805599453,0.9790505763625049,-0.05422315431334652,-0.47198655919881866,-0.9592584490374888,-0.9892823180774081,-0.12671489617014992,0.7517685759909528,1.0916224682699287,-0.07938312507341433,1.0,0.0,0.0,0.0,1.0,0.0,1.0,0.0,0.0,0.0,0.0,0.0,0.0,0.0,529.56,0,2025-08-21 18:00:00
0.0,-1.330324888167986,1.0767660976041549,0.19198627193124015,-2.6284185468071226,1.1882901020975636,1.3050119165912104,-1.3250333200482354,1.8518315089959927,-1.167038688502889,1.0,0.0,0.0,0.0,1.0,0.0,0.0,0.0,0.0,0.0,0.0,0.0,1.0,0.0,492.14,0,2025-08-22 00:00:00
0.0,0.5171754834564067,-0.6106189125977816,-0.5472824472651149,1.215904041458342,1.0858161058540345,3.207701496708283,0.28924576328740453,-0.48358545395524843,-0.8136945001718322,0.0,0.0,1.0,0.0,1.0,0.0,0.0,0.0,0.0,1.0,0.0,0.0,0.0,0.0,534.16,0,2025-08-22 06:00:00
0.6931471805599453,-0.4065747023557897,-1.0179448888180045,-0.7471588046774625,0.4399857208910005,0.426721993651343,1.2288388081319397,-1.5509165541592707,1.1372806689141368,-0.8942615789443858,0.0,0.0,1.0,0.0,0.0,1.0,0.0,0.0,0.0,0.0,0.0,1.0,0.0,0.0,500.12,0,2025-08-22 12:00:00
0.0,-0.6375122488088388,-0.04466934325531805,-0.7430517562374827,0.6775117373912071,0.9600525650097048,-0.5255998834783785,0.09149450705100375,-0.24616281060536682,-0.7239197552538437,1.0,0.0,0.0,0.0,0.0,1.0,0.0,0.0,0.0,0.0,1.0,0.0,0.0,0.0,492.05,0,2025-08-22 18:00:00
0.6931471805599453,0.05530039055030851,-2.080995928767278,-1.5233909598336355,0.005241133114864872,0.2613662269856498,0.648940305022647,-0.21878466068393473,-1.1220392929634244,-0.19562991015952744,0.0,0.0,1.0,1.0,0.0,0.0,0.0,0.0,1.0,0.0,0.0,0.0,0.0,0.0,473.75,0,2025-08-23 00:00:00
0.0,-0.6375122488088388,0.26241744075285295,0.5078631455110252,-1.3824866238924023,0.617696259377918,0.69153172050525,-0.9717287743873855,-0.3717228623769388,-1.3212670964389204,1.0,0.0,0.0,0.0,1.0,0.0,0.0,0.0,0.0,0.0,0.0,0.0,0.0,1.0,484.88,0,2025-08-23 06:00:00
0.6931471805599453,0.9790505763625049,-0.13292835969618227,-0.39988711872513616,0.49324913065165277,-0.2952538889735141,-0.8794362582569301,1.7570730794521536,0.37935453822028325,-1.4167966326978054,0.0,0.0,1.0,0.0,1.0,0.0,0.0,1.0,0.0,0.0,0.0,0.0,0.0,0.0,533.13,0,2025-08-23 12:00:00
0.6931471805599453,1.6718632157216522,1.9520771678733717,1.6622549237795325,1.3339472739008686,0.15656327628204253,-1.2095197282471066,-0.7888709182022617,-0.3161720515931526,2.5240844775482483,1.0,0.0,0.0,0.0,1.0,0.0,1.0,0.0,0.0,0.0,0.0,0.0,0.0,0.0,527.4,0,2025-08-23 18:00:00
1.0986122886681098,1.209988122815554,-0.5792278191213934,-1.474106378553878,0.30034921422118216,-0.6282943767649802,-0.032522342699007833,-1.4905155428402026,0.7537517835027893,-0.8539780395581089,1.0,0.0,0.0,0.0,1.0,0.0,0.0,0.0,0.0,0.0,0.0,0.0,1.0,0.0,516.25,0,2025-08-24 00:00:00
0.0,-0.1756371559027406,-0.6079903508252055,-0.7252545463309039,-0.0033961765760520558,1.3606327321434961,0.8234012953648491,-0.4405308392251708,0.7948441640825765,-1.142868564871123,0.0,0.0,1.0,0.0,0.0,1.0,0.0,0.0,0.0,0.0,1.0,0.0,0.0,0.0,469.04,0,2025-08-24 06:00:00
0.6931471805599453,0.05530039055030851,-0.541518067537835,-0.5021049144253371,1.4678255741100759,1.6307914495127982,-1.5543463805197228,0.9462101877715143,0.22944344610513362,0.3648867664438098,1.0,0.0,0.0,0.0,1.0,0.0,0.0,0.0,0.0,0.0,0.0,0.0,0.0,1.0,580.57,0,2025-08-24 12:00:00
0.0,-0.1756371559027406,0.1036421998360404,0.15776086826474295,0.13911943332407214,1.4817383640676662,-0.6787651660792791,-1.65434294340425,-0.574140885232928,0.5145113413071242,1.0,0.0,0.0,0.0,1.0,0.0,0.0,0.0,0.0,1.0,0.0,0.0,0.0,0.0,496.2,0,2025-08-24 18:00:00
1.3862943611198906,0.9790505763625049,0.6973433155851689,0.794353376461604,0.758126627839762,-0.39306997629688223,0.5924247729399612,0.026956440162136545,0.24161896627692217,0.2095074002395994,0.0,1.0,0.0,1.0,0.0,0.0,1.0,0.0,0.0,0.0,0.0,0.0,0.0,0.0,541.99,0,2025-08-25 00:00:00
0.0,0.28623793700335765,-0.11387128684497572,-0.002414020894467276,-0.6353593356281161,-0.9636638190165261,0.07067993327806953,-0.2361602940770913,0.09931757426914063,-0.8896577458716686,1.0,0.0,0.0,0.0,1.0,0.0,1.0,0.0,0.0,0.0,0.0,0.0,0.0,0.0,472.16,0,2025-08-25 06:00:00
0.6931471805599453,0.05530039055030851,1.2742115261368123,1.0067151936017085,1.0186854701824128,1.3746064589039777,1.4221383091683704,1.3226822446232396,0.2104191958367136,1.6654696094864623,0.0,1.0,0.0,1.0,0.0,0.0,0.0,0.0,0.0,1.0,0.0,0.0,0.0,0.0,563.99,1,2025-08-25 12:00:00
0.0,-0.1756371559027406,-1.1215203325106358,-0.8922745162234136,-0.12143940901857872,0.6060514870775179,-1.3577706167538606,-1.6766830434811657,0.9341016760474109,0.7400991618702741,0.0,0.0,1.0,0.0,1.0,0.0,0.0,1.0,0.0,0.0,0.0,0.0,0.0,0.0,449.48,0,2025-08-25 18:00:00
0.0,-0.4065747023557897,0.19144627289318925,0.6355475034490541,-0.5446675838734922,0.3801429044497387,2.341949070456133,-1.6262109655296157,0.07724944395777347,-0.4845204354725414,0.0,0.0,1.0,0.0,1.0,0.0,0.0,0.0,0.0,0.0,0.0,0.0,0.0,1.0,505.62,0,2025-08-26 00:00:00
0.0,0.28623793700335765,0.006739259104573315,-0.05717466676086399,0.516281956494097,-0.6282943767649802,-1.48226860047224,0.27766200769196686,-1.177590103747211,-1.248756725543622,1.0,0.0,0.0,1.0,0.0,0.0,1.0,0.0,0.0,0.0,0.0,0.0,0.0,0.0,478.22,0,2025-08-26 06:00:00
0.6931471805599453,0.7481130299094558,0.9662148553612104,-0.0010199822602967896,0.19814104954533548,0.48261690069326785,-1.9646982873809595,-1.0627439969229675,-0.22789953034768345,0.4443028869481846,0.0,1.0,0.0,0.0,0.0,1.0,0.0,0.0,0.0,0.0,0.0,0.0,0.0,1.0,512.27,0,2025-08-26 12:00:00
0.6931471805599453,-0.1756371559027406,-0.6920537782829097,-0.7310078348466343,-0.07537375733369014,-1.1010721321612578,-0.028427014287219273,0.7600426871305512,0.07192265388261584,-1.3051536806844095,1.0,0.0,0.0,1.0,0.0,0.0,0.0,1.0,0.0,0.0,0.0,0.0,0.0,0.0,507.63,0,2025-08-26 18:00:00
0.6931471805599453,1.209988122815554,1.916945428797539,1.4035655617252674,0.018197097651239624,0.6992096654807248,-1.0850217445287271,-0.7193683846296355,1.4949365739604332,0.3556791002983751,1.0,0.0,0.0,0.0,1.0,0.0,1.0,0.0,0.0,0.0,0.0,0.0,0.0,0.0,542.47,0,2025-08-27 00:00:00
1.3862943611198906,1.209988122815554,-0.7393678901893573,-0.43365410709234153,-0.0033961765760520558,1.4794094096075865,-0.008769437910632916,0.2677330743244488,1.6532183361936876,1.8323585583724662,1.0,0.0,0.0,0.0,1.0,0.0,0.0,0.0,1.0,0.0,0.0,0.0,0.0,0.0,611.31,0,2025-08-27 06:00:00
0.0,-0.1756371559027406,-0.14470633840793737,-0.41311886489244204,-0.23804308984595277,1.7449102180567275,-0.0423511308873013,-1.5550536097290697,1.541355744615378,0.21756410811685492,0.0,0.0,1.0,0.0,0.0,1.0,0.0,1.0,0.0,0.0,0.0,0.0,0.0,0.0,492.43,0,2025-08-27 12:00:00
0.6931471805599453,1.4409256692686032,-1.2302518012187136,-0.9429281136498304,1.8896141973498368,0.7783941171234502,-0.16275378619389166,0.7236365981163184,0.6791767224505826,1.2683890069645904,0.0,0.0,1.0,0.0,1.0,0.0,0.0,0.0,0.0,1.0,0.0,0.0,0.0,0.0,548.79,0,2025-08-27 18:00:00
0.0,-1.0993873417149371,0.48215509508759047,0.43156409759672654,-1.0499502007921133,-1.4131520298120015,-0.7983487557035118,0.11466201824187916,0.2522725464272374,-2.124635967628098,0.0,0.0,1.0,1.0,0.0,0.0,0.0,0.0,1.0,0.0,0.0,0.0,0.0,0.0,532.26,0,2025-08-28 00:00:00
0.0,1.4409256692686032,1.1108868513828407,0.8408999254480409,1.051795157330926,0.2427345913050087,0.4548217383038579,-1.685784565734724,-0.768188237970812,-0.619182552849524,0.0,1.0,0.0,1.0,0.0,0.0,0.0,0.0,0.0,0.0,1.0,0.0,0.0,0.0,459.0,0,2025-08-28 06:00:00
0.0,-0.6375122488088388,0.42073773828595523,0.20567643339784022,-1.3306627657469026,2.2782407894150896,-0.2823373758181244,-0.7623937625555469,0.1305173447093492,-1.1716425215756063,0.0,1.0,0.0,0.0,0.0,1.0,0.0,0.0,0.0,0.0,1.0,0.0,0.0,0.0,459.75,0,2025-08-28 12:00:00
0.0,0.28623793700335765,0.8047099541421004,0.4657651297213478,0.6962259083881929,-0.8751635495334786,1.114169612601853,-1.4797591983587248,-0.8785288895276483,-0.1749126613322996,0.0,1.0,0.0,1.0,0.0,0.0,1.0,0.0,0.0,0.0,0.0,0.0,0.0,0.0,436.32,0,2025-08-28 18:00:00
0.0,-0.6375122488088388,1.1873173398470942,0.265913143850876,-1.1118509202436822,-0.027424126064293397,-0.14719153822909387,-1.5302312763102748,-0.31921593163609974,-0.9529604506215321,0.0,1.0,0.0,0.0,0.0,1.0,1.0,0.0,0.0,0.0,0.0,0.0,0.0,0.0,482.5,0,2025-08-29 00:00:00
0.6931471805599453,-0.1756371559027406,-0.038300135883292175,0.13174956147820438,-0.4856459676522289,1.5166726809688686,-0.9187514110101022,0.7410122315094749,2.687376580785,-0.9863382403987327,0.0,1.0,0.0,1.0,0.0,0.0,0.0,1.0,0.0,0.0,0.0,0.0,0.0,0.0,512.27,1,2025-08-29 06:00:00
1.0986122886681098,-0.4065747023557897,0.006284315720857921,0.7957223926082644,2.6518567775732276,0.6829069842601635,-1.6288813576142787,-0.19892679394889867,0.1061663043657721,1.392692499927959,1.0,0.0,0.0,0.0,0.0,1.0,0.0,1.0,0.0,0.0,0.0,0.0,0.0,0.0,557.29,0,2025-08-29 12:00:00
0.6931471805599453,0.7481130299094558,0.47624083109928517,-0.0010199822602967896,0.657358014779068,2.634570821807356,-0.13981994708787435,1.104245710537843,-0.5033706742344056,0.11973265532161122,1.0,0.0,0.0,0.0,0.0,1.0,1.0,0.0,0.0,0.0,0.0,0.0,0.0,0.0,530.15,0,2025-08-29 18:00:00
0.6931471805599453,-1.330324888167986,-0.4394085525260661,-0.6691248843178468,-2.211668354220396,-0.7330973274685876,0.003151801539676747,-0.7905257404301814,-0.16397804944579247,-0.2566306983730328,0.0,0.0,1.0,0.0,1.0,0.0,0.0,0.0,1.0,0.0,0.0,0.0,0.0,0.0,452.72,0,2025-08-30 00:00:00
1.0986122886681098,1.209988122815554,0.3504237108694343,1.2077962527528983,0.8027527279094974,-1.00092709037781,-1.2971597562593868,0.8080325317402217,-0.00341337718032757,-0.9472056592806355,0.0,1.0,0.0,1.0,0.0,0.0,0.0,0.0,0.0,0.0,1.0,0.0,0.0,0.0,504.09,0,2025-08-30 06:00:00
0.6931471805599453,1.4409256692686032,-0.26304216743890424,-0.43639213938566107,1.6549672840799354,1.3187115518620527,0.5481952260926424,0.4514183416235324,-0.3176939916146259,-1.3396824287297897,0.0,0.0,1.0,0.0,1.0,0.0,0.0,0.0,1.0,0.0,0.0,0.0,0.0,0.0,587.45,0,2025-08-30 12:00:00
1.0986122886681098,0.28623793700335765,0.34521713658913245,-0.12425645794720042,-0.040824518570023706,-1.2175198551652668,-1.7173404513089163,0.6177279755294595,2.02381073142251,-1.4041360917478327,1.0,0.0,0.0,0.0,0.0,1.0,0.0,0.0,1.0,0.0,0.0,0.0,0.0,0.0,591.52,0,2025-08-30 18:00:00
0.6931471805599453,0.28623793700335765,0.43302120964628127,-0.10235219960064174,0.05850454287551713,0.0011055660716877238,1.418042980756582,1.1911238775036257,1.0771640380659295,-1.7943109446606282,0.0,1.0,0.0,1.0,0.0,0.0,0.0,0.0,0.0,1.0,0.0,0.0,0.0,0.0,562.85,0,2025-08-31 00:00:00
0.6931471805599453,0.7481130299094558,-0.3676791456935382,-1.179767907021996,0.6832699438518182,-0.03441098944453255,0.18698726017287132,0.7724538538399487,0.6015577813554291,-0.1921770353549898,1.0,0.0,0.0,0.0,0.0,1.0,0.0,0.0,0.0,0.0,1.0,0.0,0.0,0.0,544.93,0,2025-08-31 06:00:00
0.0,-1.0993873417149371,1.5444478960640051,2.1113469095484434,-1.0010054458769193,1.120750422755237,-0.013683832004779652,0.9048396320735225,-0.8024318884539683,0.6802493319249485,1.0,0.0,0.0,0.0,0.0,1.0,0.0,0.0,1.0,0.0,0.0,0.0,0.0,0.0,483.2,0,2025-08-31 12:00:00
0.6931471805599453,0.9790505763625049,-1.2943988183226411,-0.5281162212118757,0.09737243648464203,0.6782490753400024,-0.9875529283281541,0.8841543542245266,0.09322981418324636,-0.4074062315045258,1.0,0.0,0.0,1.0,0.0,0.0,0.0,1.0,0.0,0.0,0.0,0.0,0.0,0.0,510.24,1,2025-08-31 18:00:00
1.0986122886681098,0.7481130299094558,-1.2420803291953242,-1.568568492673412,1.2216622479189525,-0.38608311291664144,0.027269452113108255,0.8312000429310971,0.5657921908507997,2.0245685891584158,0.0,0.0,1.0,1.0,0.0,0.0,1.0,0.0,0.0,0.0,0.0,0.0,0.0,0.0,565.21,0,2025-09-01 06:00:00
0.0,-0.6375122488088388,1.5982323138721846,2.293536380284829,-1.2255754978407507,1.3093957340217324,-0.644364407420253,1.240768544341216,-2.7325371994365213,1.9957946324539317,1.0,0.0,0.0,0.0,0.0,1.0,0.0,0.0,0.0,1.0,0.0,0.0,0.0,0.0,463.42,0,2025-01-09 12:00:00
0.0,0.9790505763625049,0.006284315720857921,0.027704334332050006,0.5220401629547081,4.255523126023164,0.22630241292604347,0.8783624764268078,2.587689509378479,0.023052160794546733,0.0,1.0,0.0,0.0,0.0,1.0,0.0,0.0,0.0,0.0,0.0,0.0,0.0,1.0,543.0,0,2025-09-01 18:00:00
0.6931471805599453,0.9790505763625049,0.3743335131469436,0.19198627193124015,-0.130076718709495,0.7597624814428091,-1.623966963520132,0.42576859709077747,0.5444850305501692,-0.6686737583812357,0.0,1.0,0.0,0.0,0.0,1.0,0.0,0.0,0.0,1.0,0.0,0.0,0.0,0.0,524.91,0,2025-09-02 00:00:00
0.0,-0.8684497952618879,-0.8644773207112048,-0.10919728033394117,-0.12143940901857872,0.1402605950614812,-1.5772802196257396,-1.4292871204071746,-0.03993993769569376,0.40056647275736945,1.0,0.0,0.0,0.0,1.0,0.0,1.0,0.0,0.0,0.0,0.0,0.0,0.0,0.0,464.8,0,2025-02-09 06:00:00
0.0,0.5171754834564067,0.6495742602950111,0.8847084421411583,0.33057979813939015,-1.3246517603289556,-1.071097627928645,-0.16913999384634457,1.1867437196120287,0.793043242206524,0.0,1.0,0.0,1.0,0.0,0.0,0.0,0.0,0.0,0.0,0.0,1.0,0.0,0.0,574.64,0,2025-09-02 12:00:00
0.0,0.05530039055030851,-1.1943112739051662,-0.04074647300094558,-0.5345907225674227,-0.6329522856851397,0.3729151700680821,-1.4665206205353674,0.4364272890255433,-1.5192319185657663,1.0,0.0,0.0,0.0,1.0,0.0,0.0,1.0,0.0,0.0,0.0,0.0,0.0,0.0,472.67,0,2025-09-02 18:00:00
0.6931471805599453,-0.6375122488088388,0.006284315720857921,-0.8073955151304983,-0.48420641603707565,-0.1881219838098255,0.02645038643075066,-1.3250333200482354,0.4196859487893338,1.2649361321600523,0.0,0.0,1.0,0.0,1.0,0.0,0.0,1.0,0.0,0.0,0.0,0.0,0.0,0.0,464.63,0,2025-03-09 00:00:00
0.0,0.28623793700335765,-2.3785289017174156,-2.3543837608562046,-0.5763377194068527,-0.5258203805214511,1.0609303432485995,-0.4314293169716126,-0.2834503411314702,0.7078723303612526,0.0,0.0,1.0,0.0,1.0,0.0,0.0,1.0,0.0,0.0,0.0,0.0,0.0,0.0,466.34,0,2025-09-03 06:00:00
1.0986122886681098,1.6718632157216522,0.945641304564286,0.5438234216228395,0.657358014779068,0.01915496313731093,-0.8745218641627833,-0.07316030462700361,-0.4721709037941965,-0.07938312507341433,0.0,1.0,0.0,0.0,1.0,0.0,0.0,0.0,0.0,0.0,0.0,0.0,0.0,1.0,535.91,0,2025-09-03 12:00:00
0.6931471805599453,-1.5612624346210353,-0.02465183437181998,-0.9251309037432516,-2.239019834908299,1.898621212422019,0.5948819699870346,0.14693105168631276,-0.3717228623769388,-1.0853206514621558,0.0,1.0,0.0,1.0,0.0,0.0,0.0,0.0,0.0,0.0,0.0,0.0,0.0,1.0,469.62,0,2025-03-09 18:00:00
0.6931471805599453,1.6718632157216522,-1.0614678058601468,-1.1085790673956797,0.635764740551777,1.342001096462855,-0.08248534932283104,1.4426568561474158,1.9583673104991453,0.6031351279569331,1.0,0.0,0.0,0.0,0.0,1.0,0.0,0.0,0.0,0.0,1.0,0.0,0.0,0.0,582.09,1,2025-09-04 00:00:00
0.6931471805599453,1.209988122815554,-0.09107356839432973,0.4491524598133127,1.8320321327437261,-0.12989812230782094,-0.8974557032688006,0.9644132322786306,-0.1228856688660053,-1.0070554892259609,1.0,0.0,0.0,1.0,0.0,0.0,0.0,0.0,0.0,0.0,1.0,0.0,0.0,0.0,569.13,0,2025-09-04 06:00:00
0.6931471805599453,0.05530039055030851,-1.1410828980104133,-0.7608489661440615,-0.4582944869643261,-1.2314935819257469,0.40813499440946566,-0.21630242734205524,-0.6532817663495553,-0.04140150222349626,1.0,0.0,0.0,0.0,1.0,0.0,0.0,0.0,0.0,0.0,0.0,1.0,0.0,0.0,494.02,0,2025-04-09 12:00:00
0.6931471805599453,0.5171754834564067,0.8097143313629749,0.7231645368352877,0.693346805157887,1.4374882293261433,-0.0349795397460812,-0.5232719506211544,1.3092598913406537,0.5283228405252762,1.0,0.0,0.0,0.0,0.0,1.0,0.0,0.0,0.0,0.0,1.0,0.0,0.0,0.0,523.57,0,2025-09-04 18:00:00
0.0,-0.4065747023557897,-1.008239429965399,-1.4042865550742218,-0.8987972812010728,-0.015779353763891488,-0.5886679410199256,0.7898294872331053,-0.5885993154369271,0.10937403090799679,1.0,0.0,0.0,1.0,0.0,0.0,0.0,0.0,0.0,0.0,1.0,0.0,0.0,0.0,480.41,0,2025-09-05 00:00:00
0.6931471805599453,-1.330324888167986,0.6954224435205962,-0.0010199822602967896,-0.6137660614008251,-1.7741399711244308,0.07067993327806953,-0.7301247291111134,-0.9112505999893308,0.06448665844900293,0.0,0.0,1.0,0.0,1.0,0.0,0.0,0.0,0.0,0.0,0.0,0.0,0.0,1.0,453.19,0,2025-05-09 06:00:00
0.0,0.28623793700335765,0.9985158356050345,1.369340158058769,-0.46117359019463133,0.7830520260436113,-0.09722853160527066,1.3847380781702274,-0.23779214048726205,-0.37402844172732513,0.0,1.0,0.0,1.0,0.0,0.0,0.0,0.0,0.0,0.0,0.0,1.0,0.0,0.0,528.16,0,2025-09-05 12:00:00
0.0,1.209988122815554,0.15095631174248286,0.3247808381572526,0.9783780249581354,1.1114346049149164,-0.12098143639364616,1.0297787102814577,0.40903236863901854,0.03801461828087801,0.0,1.0,0.0,0.0,0.0,1.0,1.0,0.0,0.0,0.0,0.0,0.0,0.0,0.0,542.62,0,2025-09-05 18:00:00
0.0,-0.8684497952618879,0.006284315720857921,-1.17133797757947,-0.6972600550796852,-2.5077606260496883,-0.37571086360690886,0.6855756868741659,-1.7901709623903352,1.1015000580785863,0.0,0.0,1.0,0.0,1.0,0.0,0.0,0.0,0.0,1.0,0.0,0.0,0.0,0.0,448.86,0,2025-06-09 00:00:00
0.0,0.7481130299094558,0.006284315720857921,-0.3432990414127873,2.086832768625766,-0.8285844603318759,-1.2529302094120673,-0.8194851294187756,-0.20659237004705347,0.575512129520629,1.0,0.0,0.0,1.0,0.0,0.0,0.0,0.0,0.0,0.0,0.0,0.0,0.0,1.0,535.81,0,2025-09-06 06:00:00
0.6931471805599453,0.9790505763625049,-0.6033398184583301,-0.1461607162937591,1.1741570446189113,-0.08099007864613689,0.10344256057237974,0.4745858528144078,0.5870993511514296,0.46502013577541246,0.0,0.0,1.0,0.0,0.0,1.0,0.0,0.0,0.0,1.0,0.0,0.0,0.0,0.0,556.4,0,2025-09-06 12:00:00
0.6931471805599453,0.9790505763625049,0.6099941859117355,-0.9675704042897086,0.3809641046697372,0.8063415706444135,-0.7590336029503397,1.1663015440848306,0.5810115910655353,0.5801159625933463,0.0,1.0,0.0,0.0,1.0,0.0,0.0,1.0,0.0,0.0,0.0,0.0,0.0,0.0,509.42,0,2025-06-09 18:00:00
0.6931471805599453,-0.4065747023557897,1.4266175596816093,1.4542191591516842,0.08585602356341988,-0.5048597903807303,-0.9728097460457145,-1.4359064093188534,0.8869215353817295,1.1486893470739392,0.0,1.0,0.0,1.0,0.0,0.0,0.0,0.0,0.0,0.0,0.0,0.0,1.0,0.0,480.38,0,2025-09-07 00:00:00
1.0986122886681098,-0.4065747023557897,-0.4558370636046862,0.8025674733415639,1.0273227798733293,-0.8355713237121167,-0.20698333304121053,-1.0710181080625658,1.5086340341536952,2.2351939522352344,1.0,0.0,0.0,0.0,0.0,1.0,0.0,0.0,0.0,0.0,1.0,0.0,0.0,0.0,524.15,0,2025-09-07 06:00:00
1.0986122886681098,-0.1756371559027406,-0.9054222252456265,-1.5576163635001328,-1.2255754978407507,0.7970257528040929,0.7513235153173667,0.10390567376040129,1.3016501912332854,1.0991981415422278,0.0,0.0,1.0,1.0,0.0,0.0,0.0,0.0,0.0,0.0,1.0,0.0,0.0,0.0,575.16,0,2025-07-09 12:00:00
0.6931471805599453,1.209988122815554,0.9389182523382609,0.714950439955329,0.4068760337424867,0.0011055660716877238,0.21237829632596142,-0.4372211947693314,1.303933101265496,0.05182611749903008,1.0,0.0,0.0,0.0,0.0,1.0,0.0,0.0,0.0,1.0,0.0,0.0,0.0,0.0,561.24,0,2025-09-07 18:00:00
0.6931471805599453,1.4409256692686032,-2.6092420651842936,0.1851411911979407,0.9855757830338991,0.6037225326174365,-0.4920181905017101,0.7799005538655872,0.42425176885375476,-1.0461880703440585,1.0,0.0,0.0,1.0,0.0,0.0,1.0,0.0,0.0,0.0,0.0,0.0,0.0,0.0,581.01,1,2025-09-08 00:00:00
0.0,-0.1756371559027406,0.6181831668186177,0.3193047735706124,-0.4410198675824929,-1.1290195856822194,-0.5321524089372404,-0.2924242498263601,-0.6487159462851343,-0.659466092235801,0.0,1.0,0.0,0.0,1.0,0.0,0.0,0.0,0.0,1.0,0.0,0.0,0.0,0.0,487.51,0,2025-08-09 06:00:00
0.6931471805599453,1.6718632157216522,-0.30671673227562357,0.2029384011045195,1.1108167735521894,-1.3828756218309601,0.6546737647991513,1.7769309461871896,0.667001202278794,-0.4304253968681126,1.0,0.0,0.0,0.0,1.0,0.0,0.0,0.0,0.0,1.0,0.0,0.0,0.0,0.0,561.79,0,2025-09-08 12:00:00
1.6094379124341003,0.28623793700335765,-1.8580736707465277,-0.0010199822602967896,-0.6411175420887272,0.8273021607851343,-2.325906253300731,-0.6457287954872101,0.6380843418707953,1.6493561937319512,1.0,0.0,0.0,1.0,0.0,0.0,0.0,0.0,0.0,0.0,0.0,0.0,0.0,1.0,514.76,0,2025-09-08 18:00:00
1.0986122886681098,-0.4065747023557897,-0.4800501614713442,-0.37752444507928445,0.5522707468729161,0.30095845280701333,0.8135725071765556,-0.43473896142745194,0.579489651044062,-0.6237863859222413,0.0,1.0,0.0,1.0,0.0,0.0,0.0,0.0,1.0,0.0,0.0,0.0,0.0,0.0,540.52,1,2025-09-09 00:00:00
0.0,-1.5612624346210353,0.41800807798366285,0.7423307628885268,-2.2145474574507014,1.001973745291148,-1.8123520704624165,-1.6742008101392862,-0.05820321795337713,0.33381089320296803,1.0,0.0,0.0,0.0,0.0,1.0,0.0,1.0,0.0,0.0,0.0,0.0,0.0,0.0,461.15,0,2025-09-09 06:00:00
0.0,0.5171754834564067,-0.7289041923638929,-0.6677558681711877,0.26148132061205726,-0.5234914260613713,-1.3610468794832915,-0.8261044183304543,0.0840981740544044,-1.3327766791207136,0.0,0.0,1.0,0.0,1.0,0.0,0.0,0.0,0.0,1.0,0.0,0.0,0.0,0.0,479.83,0,2025-09-09 12:00:00
0.0,0.5171754834564067,0.2187428759161388,1.7033800978437883,1.0690697767127593,-0.7983080523508329,-0.4756368768545553,-0.8674749740284461,0.9127945157467804,-1.745970697397096,1.0,0.0,0.0,0.0,0.0,1.0,0.0,0.0,0.0,0.0,0.0,0.0,0.0,1.0,552.81,0,2025-09-09 18:00:00
0.0,1.6718632157216522,1.2359962819046881,1.171048479453341,1.306595793212966,1.4607777739269439,2.162573686019784,0.9644132322786306,1.8023684582981,0.44085001214364644,0.0,1.0,0.0,1.0,0.0,0.0,0.0,0.0,0.0,1.0,0.0,0.0,0.0,0.0,566.93,0,2025-09-10 00:00:00
0.6931471805599453,0.7481130299094558,-0.5874168000282758,-0.45418934929223986,-0.0033961765760520558,-1.5598761607970535,1.6785058677463485,-0.5125156061396765,1.089339558237718,-0.9805834490578362,0.0,1.0,0.0,1.0,0.0,0.0,0.0,0.0,0.0,1.0,0.0,0.0,0.0,0.0,552.38,0,2025-09-10 06:00:00
0.0,-1.5612624346210353,0.5554009798658364,-0.33508494453282744,-2.1670422541506604,1.346659005383016,0.7242943477995603,-0.979175474413024,-0.6563256463925025,-1.5192319185657663,0.0,1.0,0.0,0.0,1.0,0.0,0.0,0.0,0.0,0.0,0.0,1.0,0.0,0.0,428.33,0,2025-10-09 12:00:00
0.6931471805599453,0.28623793700335765,1.1309043602663336,0.7436997790351871,0.05562543964521192,1.4188565936455007,0.3802867612093022,-0.5960841286496199,-0.6586085564247129,-0.3383487354137655,0.0,1.0,0.0,0.0,0.0,1.0,0.0,0.0,0.0,0.0,0.0,1.0,0.0,0.0,560.97,0,2025-09-10 18:00:00
1.6094379124341003,0.9790505763625049,0.17233865077712712,0.6875701170221301,0.274437285148432,0.9367630204089026,-1.800885150909408,0.2693878965523685,-0.40596651286009505,-0.7998830009536801,0.0,1.0,0.0,0.0,1.0,0.0,0.0,0.0,1.0,0.0,0.0,0.0,0.0,0.0,512.27,0,2025-09-11 00:00:00
0.6931471805599453,0.05530039055030851,0.7837825584911715,0.05097760882526906,0.14919629463014167,-0.6865182382669849,0.18371099744344035,1.0438446992187749,-0.6099064757375576,-0.09204366602338718,0.0,0.0,1.0,0.0,0.0,1.0,0.0,0.0,0.0,0.0,0.0,0.0,0.0,1.0,544.16,0,2025-11-09 06:00:00
0.0,-0.1756371559027406,0.6736862596319476,-0.4432372201189605,-1.0787412330951687,-0.8192686424915554,-0.5100376355135813,1.7157025237541617,0.15486838505292683,-0.9000163702852825,1.0,0.0,0.0,0.0,1.0,0.0,0.0,0.0,0.0,0.0,1.0,0.0,0.0,0.0,551.43,0,2025-09-11 12:00:00
0.0,1.209988122815554,-0.19662043341639449,-0.17901710381359714,1.479341987031298,-0.1857930293497458,-0.7729577195504211,-1.5219571651706763,0.9432333161762528,-0.7101082560356916,1.0,0.0,0.0,1.0,0.0,0.0,1.0,0.0,0.0,0.0,0.0,0.0,0.0,0.0,487.34,0,2025-09-11 18:00:00
0.6931471805599453,0.5171754834564067,1.8542643403744685,2.3134527061404837,0.46589764996375,-1.322322805868874,0.18207286607872458,1.2366314887714167,-1.0969272826091099,0.9495735666789136,1.0,0.0,0.0,1.0,0.0,0.0,0.0,0.0,0.0,1.0,0.0,0.0,0.0,0.0,556.52,0,2025-12-09 00:00:00
0.0,0.7481130299094558,-1.8434143839379085,-1.661661590646287,0.7005445632336513,-0.9729796368568466,-0.4330454613719516,-0.33462221663831176,-0.17463162959610773,1.7391309386499398,0.0,0.0,1.0,0.0,1.0,0.0,0.0,0.0,0.0,0.0,0.0,0.0,0.0,1.0,501.83,0,2025-09-12 06:00:00
0.6931471805599453,-0.1756371559027406,-0.07646483085056603,-0.24746791114659272,0.7624452826852199,0.7108544377811251,0.8840121558593239,1.1224487550449593,0.14269286488113828,0.7009665807521769,1.0,0.0,0.0,0.0,1.0,0.0,0.0,0.0,0.0,1.0,0.0,0.0,0.0,0.0,526.51,0,2025-09-12 12:00:00
0.0,-0.6375122488088388,0.6846049008411275,-0.28990741169304973,-0.8282592520585871,0.7155123467012862,-1.8729629309568905,-1.5558810208430296,-1.0839907924265844,-0.27159315585936405,1.0,0.0,0.0,1.0,0.0,0.0,0.0,0.0,0.0,0.0,1.0,0.0,0.0,0.0,436.75,0,2025-12-09 18:00:00
0.0,0.05530039055030851,-1.13744335094069,-0.8273801983472182,-0.45397583211886766,-1.063808860799974,0.10344256057237974,0.48947925286568483,0.4082713986282819,0.22907369079864806,0.0,0.0,1.0,0.0,0.0,1.0,0.0,0.0,0.0,0.0,1.0,0.0,0.0,0.0,510.03,0,2025-09-13 00:00:00
0.6931471805599453,1.6718632157216522,1.2223479803932107,1.4035655617252674,0.9726198184975243,0.7434598002222478,-0.834387645727253,1.547738067620315,0.3702228980914418,0.4166798885118804,0.0,1.0,0.0,0.0,0.0,1.0,0.0,0.0,0.0,0.0,0.0,1.0,0.0,0.0,564.7,0,2025-09-13 06:00:00
0.0,0.5171754834564067,-1.2948537617063565,-2.039510047124424,-0.0033961765760520558,0.5105643542142295,-0.3732536665598355,-1.5500891430453108,-0.4660831437083022,0.67794741538859,0.0,0.0,1.0,0.0,0.0,1.0,0.0,0.0,0.0,0.0,0.0,0.0,1.0,0.0,484.36,0,2025-09-13 12:00:00
0.0,0.7481130299094558,0.9501907384014451,1.384399335672028,0.5191610597244023,1.6168177227523166,0.32950468890312085,1.0595655103840118,0.3344573075868123,0.3476223924211201,0.0,1.0,0.0,1.0,0.0,0.0,0.0,1.0,0.0,0.0,0.0,0.0,0.0,0.0,555.83,0,2025-09-13 18:00:00
0.0,-1.330324888167986,1.6149641205399534,1.8077101756447622,-1.644485017850206,0.6316699861383998,-1.0686404308815718,-1.2886272310340026,-0.17767550963905485,1.5020335354049958,0.0,1.0,0.0,0.0,1.0,0.0,0.0,0.0,0.0,0.0,1.0,0.0,0.0,0.0,480.73,1,2025-09-14 00:00:00
1.3862943611198906,1.6718632157216522,-0.21117862169530266,0.3343639511838716,-0.0033961765760520558,1.144039967356039,0.19108258858465987,1.7272862793495993,-0.12364663887674195,-1.8610665242150297,1.0,0.0,0.0,1.0,0.0,0.0,0.0,0.0,0.0,0.0,1.0,0.0,0.0,0.0,587.89,0,2025-09-14 06:00:00
0.6931471805599453,-0.8684497952618879,-2.1333144178945953,-1.6630306067929463,-0.0033961765760520558,0.5361828532751114,-0.17913509984104647,0.9007025765037233,-0.5749018552436648,0.8782141540517948,0.0,0.0,1.0,0.0,1.0,0.0,0.0,1.0,0.0,0.0,0.0,0.0,0.0,0.0,456.77,0,2025-09-14 12:00:00
0.0,1.6718632157216522,-1.2257023673815544,-0.8101335474238179,1.5599568774798531,1.0625265612532324,-0.6197924369495206,1.4765807118197691,1.0779250080766662,0.9369130257289412,1.0,0.0,0.0,1.0,0.0,0.0,0.0,0.0,0.0,0.0,0.0,1.0,0.0,0.0,535.23,0,2025-09-14 18:00:00
0.6931471805599453,-0.1756371559027406,0.8470196888276683,0.9969677661672712,-0.08257151540945382,-1.3130069880285535,-0.4330454613719516,1.4335553338938576,-0.7757979380781801,-0.13002528887330525,1.0,0.0,0.0,1.0,0.0,0.0,1.0,0.0,0.0,0.0,0.0,0.0,0.0,0.0,542.1,0,2025-09-15 00:00:00
0.6931471805599453,1.4409256692686032,0.1746133676957041,0.556144566942778,1.9169656780377389,-0.09263485094653713,-0.12180050207600375,-0.5886374286239814,-0.9538649205905915,-0.8033358757582182,1.0,0.0,0.0,0.0,0.0,1.0,0.0,0.0,0.0,1.0,0.0,0.0,0.0,0.0,525.55,0,2025-09-15 06:00:00
0.0,1.4409256692686032,-1.8212232566655495,-2.5323558599219935,2.40641322718968,-0.006463535923570952,-0.7246328442913137,-0.2411247607608503,-0.8435242690337554,0.42818947119367357,0.0,1.0,0.0,1.0,0.0,0.0,0.0,0.0,1.0,0.0,0.0,0.0,0.0,0.0,481.13,0,2025-09-15 12:00:00
0.6931471805599453,0.9790505763625049,1.9939319591752243,1.0640495573536077,1.2576510382977721,-0.2207273462509482,0.03709824030140173,0.7170173092046397,-0.004935317201800868,1.9923417576493945,0.0,1.0,0.0,0.0,0.0,1.0,0.0,1.0,0.0,0.0,0.0,0.0,0.0,0.0,512.27,1,2025-09-15 18:00:00
0.0,1.4409256692686032,0.4967132833664986,0.07835793175846803,2.035008910480266,0.501248536373909,-0.24384128874730987,-1.0784648080882042,-0.6441501262207139,-0.46955797798621013,0.0,1.0,0.0,1.0,0.0,0.0,0.0,0.0,0.0,0.0,0.0,0.0,1.0,0.0,502.75,0,2025-09-16 00:00:00
1.0986122886681098,0.5171754834564067,-1.2866647807994742,-1.241373633621692,0.8876862732035109,0.6992096654807248,-0.5714675616904131,-0.620906462068415,-0.1228856688660053,-0.6456545930176489,0.0,0.0,1.0,0.0,1.0,0.0,0.0,1.0,0.0,0.0,0.0,0.0,0.0,0.0,500.57,0,2025-09-16 06:00:00
0.0,1.209988122815554,0.7446574274916113,0.8408999254480409,2.0594812879378632,0.44768258379206544,1.592503971098784,-1.3424089534413919,1.9888061109286166,1.0577636438877718,1.0,0.0,0.0,0.0,1.0,0.0,0.0,0.0,1.0,0.0,0.0,0.0,0.0,0.0,528.56,0,2025-09-16 12:00:00
0.0,-1.0993873417149371,0.19372098981176622,0.3138287089839733,0.2801954916090431,-0.1508587124485417,0.4376213589743449,1.4004588893354641,-1.7034203811663402,-0.3475564015592002,0.0,1.0,0.0,0.0,1.0,0.0,0.0,0.0,0.0,0.0,0.0,0.0,1.0,0.0,509.35,0,2025-09-16 18:00:00
0.0,-1.330324888167986,-0.9977757321399345,-0.38300050966592475,-0.4899646224976867,-0.7354262819286689,-0.3462244990420296,-0.8244495961025347,-0.7940612183358635,-0.16915786999140303,1.0,0.0,0.0,1.0,0.0,0.0,0.0,0.0,0.0,0.0,0.0,0.0,0.0,1.0,455.48,0,2025-09-17 00:00:00
0.0,0.28623793700335765,-0.14066239721934917,0.4055527908101879,0.6616766696245264,1.1859611476374823,0.1730631435727893,-0.2585003941540069,2.0504446817982975,-1.3362295539252516,1.0,0.0,0.0,1.0,0.0,0.0,1.0,0.0,0.0,0.0,0.0,0.0,0.0,0.0,573.97,0,2025-09-17 06:00:00
0.0,1.209988122815554,0.006284315720857921,1.762247792150165,0.8200273472913306,0.40110349459046113,-0.9793622715045764,-0.11370344921103556,0.8412633347375212,1.3570127936143994,0.0,1.0,0.0,0.0,0.0,1.0,0.0,0.0,1.0,0.0,0.0,0.0,0.0,0.0,512.97,0,2025-09-17 12:00:00
1.3862943611198906,0.9790505763625049,1.4867711848618095,1.4391599815384248,0.737972905227623,-1.0312034983588512,-0.3994637683952838,-0.3801298279061027,0.041483853453143926,1.975077383626704,1.0,0.0,0.0,0.0,0.0,1.0,0.0,0.0,0.0,0.0,0.0,1.0,0.0,0.0,561.26,0,2025-09-17 18:00:00
1.3862943611198906,0.05530039055030851,-0.1397525104519184,-0.5486514634117741,-0.20205429946713374,-0.16716139366910307,-0.28479457286519777,1.0173675435720602,-0.13125633898411007,-1.7229515320335094,1.0,0.0,0.0,1.0,0.0,0.0,0.0,0.0,0.0,0.0,0.0,0.0,1.0,0.0,573.21,0,2025-09-18 00:00:00
1.0986122886681098,0.05530039055030851,0.7634112047536795,0.5821558737293165,0.4198319982788614,-1.7904426523449921,-1.1955956116470245,1.4906467007570863,0.4037055785638609,-1.1497743144801988,1.0,0.0,0.0,1.0,0.0,0.0,0.0,0.0,0.0,0.0,0.0,0.0,0.0,1.0,565.95,0,2025-09-18 06:00:00
0.0,0.5171754834564067,1.6245179315979872,1.603441919137615,-0.0033961765760520558,0.07272091571915441,0.410592191456539,0.3049665744526414,1.7430127974606295,-0.06442066758708304,0.0,1.0,0.0,0.0,0.0,1.0,0.0,0.0,0.0,0.0,1.0,0.0,0.0,0.0,541.46,0,2025-09-18 12:00:00
0.0,1.4409256692686032,-0.6447396663764673,-0.0010199822602967896,1.0158063669521071,-0.17181930258926417,-0.4674462200309776,1.2217380887201397,0.07496653392556299,-0.05521300144164833,0.0,1.0,0.0,1.0,0.0,0.0,1.0,0.0,0.0,0.0,0.0,0.0,0.0,0.0,517.65,0,2025-09-18 18:00:00
0.6931471805599453,1.209988122815554,0.6846049008411275,-0.0010199822602967896,-0.5734586161765476,-0.567741560802896,-0.32001439720658137,-1.3010383977434001,-0.22333371028326301,-0.6525603426267249,1.0,0.0,0.0,0.0,0.0,1.0,0.0,0.0,0.0,0.0,0.0,0.0,1.0,0.0,514.39,0,2025-09-19 00:00:00
0.0,-1.330324888167986,-1.0351316388694887,-0.6803203135931427,0.009559787960323337,1.6960021743950435,-0.5288761462078094,1.6718497347142904,-1.795497752465493,0.4914921759435374,1.0,0.0,0.0,1.0,0.0,0.0,0.0,1.0,0.0,0.0,0.0,0.0,0.0,0.0,482.22,0,2025-09-19 06:00:00
0.0,0.28623793700335765,-0.17341832084688866,-0.45966541387888016,0.06138364610582299,-1.1755986748838236,2.9382288872125812,-1.2836627643502436,0.19748270565418785,0.10477019783527942,1.0,0.0,0.0,1.0,0.0,0.0,1.0,0.0,0.0,0.0,0.0,0.0,0.0,0.0,457.37,0,2025-09-19 12:00:00
0.0,-0.4065747023557897,-0.5746783852842343,0.38742128867777803,-0.06241779279731539,0.7760651626633704,-0.6214305683142364,-1.4549368649399297,-1.4545831876554065,-0.22670578340036973,0.0,0.0,1.0,0.0,0.0,1.0,0.0,0.0,0.0,0.0,0.0,1.0,0.0,0.0,474.1,0,2025-09-19 18:00:00
1.0986122886681098,0.9790505763625049,-2.6092420651842936,-0.1639116938951062,1.709670245455741,2.3271488330767736,-2.003194374451774,-1.6088353321364592,-0.04678866779232523,0.3384147262756854,0.0,0.0,1.0,0.0,0.0,1.0,0.0,0.0,0.0,0.0,1.0,0.0,0.0,0.0,517.33,0,2025-09-20 00:00:00
0.0,0.05530039055030851,0.25422845984597064,0.27549625687749496,0.21109701408171022,1.1650005574967615,-1.5428794609667142,-0.8401704072677715,-0.817651288668704,-0.46840701971803067,1.0,0.0,0.0,0.0,0.0,1.0,1.0,0.0,0.0,0.0,0.0,0.0,0.0,0.0,497.96,0,2025-09-20 06:00:00
0.6931471805599453,1.6718632157216522,-1.5403715411183256,-1.6411263484463876,-0.0033961765760520558,0.0028522819167495824,0.7758954857880992,1.2233929109480592,1.6319111758930571,1.3236350038371987,0.0,1.0,0.0,0.0,0.0,1.0,0.0,1.0,0.0,0.0,0.0,0.0,0.0,0.0,583.72,0,2025-09-20 12:00:00
0.6931471805599453,-0.1756371559027406,0.07634559681309083,0.8436379577413604,-0.9750935168041693,-1.1523091302830215,1.3435080036620262,-0.640764328803451,-0.5437020848034562,-1.8334435257787256,1.0,0.0,0.0,0.0,1.0,0.0,0.0,0.0,0.0,0.0,1.0,0.0,0.0,0.0,542.34,0,2025-09-20 18:00:00
0.6931471805599453,0.7481130299094558,0.6832906199548369,0.5492994862094785,2.131458868695502,-1.3921914396712807,-0.6402690790084645,1.0620477437258913,0.647976952010374,-0.3521602346319176,1.0,0.0,0.0,0.0,0.0,1.0,0.0,0.0,1.0,0.0,0.0,0.0,0.0,0.0,512.27,0,2025-09-21 00:00:00
0.6931471805599453,-1.330324888167986,0.5226450562382968,0.5261748384778354,-0.402151973973368,-0.395398930756962,1.28699247157934,-0.21133796065829621,-2.0009596553644293,-1.4847031705203861,1.0,0.0,0.0,0.0,0.0,1.0,0.0,0.0,0.0,0.0,0.0,1.0,0.0,0.0,462.63,0,2025-09-21 06:00:00
0.6931471805599453,1.4409256692686032,-0.1540579524065385,0.42061196842344717,1.2749256576796053,-0.6841892838069051,0.7586951064585863,-1.3250333200482354,0.6799376924613197,-0.3625188590455315,1.0,0.0,0.0,0.0,1.0,0.0,0.0,0.0,0.0,1.0,0.0,0.0,0.0,0.0,523.07,0,2025-09-21 12:00:00
0.6931471805599453,-1.0993873417149371,2.321036252066888,2.3591388320938886,0.003801581499712264,-0.7191236007081075,-0.15620126073502974,-0.041718682296529835,-1.543616678911612,1.3984472912688555,1.0,0.0,0.0,0.0,0.0,1.0,0.0,0.0,0.0,0.0,1.0,0.0,0.0,0.0,494.64,1,2025-09-21 18:00:00
0.6931471805599453,-0.4065747023557897,-0.36130993832151753,-0.36931034819932584,-1.1147300234739876,-0.3068986612739144,-0.22664090941779688,-0.8790587296238839,-0.5596824550289284,-1.6700074516972596,0.0,0.0,1.0,0.0,1.0,0.0,0.0,0.0,0.0,1.0,0.0,0.0,0.0,0.0,472.23,0,2025-09-22 00:00:00
0.6931471805599453,1.209988122815554,0.2882481150949401,0.7751871504083648,0.7653243859155258,-0.07167426080581635,0.20746390223181527,-0.6730333622478847,2.487241467961221,-0.2738950723957225,1.0,0.0,0.0,0.0,1.0,0.0,0.0,0.0,1.0,0.0,0.0,0.0,0.0,0.0,527.5,0,2025-09-22 06:00:00
0.0,1.6718632157216522,1.2400907723581267,2.3180683476940906,-0.0033961765760520558,0.5431697166553522,0.892202812682901,0.11135237378603981,1.5025462740678008,0.16922386085332242,0.0,1.0,0.0,1.0,0.0,0.0,0.0,0.0,1.0,0.0,0.0,0.0,0.0,0.0,551.96,1,2025-09-22 12:00:00
0.6931471805599453,0.05530039055030851,1.2733016393693815,1.2844611569658537,-1.1924658106922372,-1.2617699899067898,0.4204209796448325,1.0603929214979717,-0.10538335861905858,-0.5927105126813993,0.0,1.0,0.0,0.0,0.0,1.0,0.0,0.0,0.0,0.0,0.0,1.0,0.0,0.0,550.82,1,2025-09-22 18:00:00
0.0,0.05530039055030851,-1.3515700368762609,-1.1812489454223314,0.37952455305458394,-0.6795313748867441,-0.6353546849143178,0.3529564190623119,2.7076374073208673,-0.1254214558005879,0.0,0.0,1.0,0.0,1.0,0.0,0.0,0.0,0.0,0.0,1.0,0.0,0.0,0.0,553.26,0,2025-09-23 00:00:00
0.6931471805599453,-1.5612624346210353,-1.247944043918774,-0.0010199822602967896,-0.9491815877314196,-0.13222707676790066,0.003151801539676747,-0.9105003519543576,-1.4629538577735113,-0.619182552849524,0.0,1.0,0.0,0.0,1.0,0.0,0.0,0.0,0.0,0.0,1.0,0.0,0.0,0.0,435.2,0,2025-09-23 06:00:00
1.6094379124341003,1.6718632157216522,-0.2334708474973777,0.4000767262235477,2.6021922468504566,-0.16949034812918445,1.9774648418069305,0.8072051206262618,1.7148569070633688,1.175161387242064,1.0,0.0,0.0,0.0,0.0,1.0,0.0,0.0,0.0,0.0,1.0,0.0,0.0,0.0,584.97,0,2025-09-23 12:00:00
0.0,-1.5612624346210353,1.0078169003387802,0.6054291482225357,-2.3181951737417004,1.9591740283841033,0.27626541954986666,0.7343929425977963,-2.0268326357294804,-0.23936632435034258,0.0,1.0,0.0,1.0,0.0,0.0,0.0,1.0,0.0,0.0,0.0,0.0,0.0,0.0,520.62,0,2025-09-23 18:00:00
0.6931471805599453,-1.5612624346210353,-0.1320184729287515,-0.2693721694931514,-0.2509990543823275,0.27999786266629084,0.8840121558593239,-0.8625105073446871,-0.8503729991303863,-0.04830725183257255,1.0,0.0,0.0,0.0,0.0,1.0,0.0,0.0,0.0,0.0,0.0,0.0,0.0,1.0,489.86,0,2025-09-24 00:00:00
0.0,0.05530039055030851,-0.32390348232711297,-1.0462710024195545,-0.34600946098241053,-1.6553632936603404,0.5604812113280087,1.2738649888996094,-1.218682484326998,-1.0300746545895476,0.0,0.0,1.0,1.0,0.0,0.0,0.0,0.0,0.0,0.0,1.0,0.0,0.0,0.0,478.01,0,2025-09-24 06:00:00
0.0,-1.5612624346210353,0.05177865409243364,-0.5376993342384947,-1.582584298398637,0.4733010828529473,0.29838019297352636,1.2440781887970553,-0.39226905266683265,-1.2775306822481054,1.0,0.0,0.0,0.0,1.0,0.0,0.0,0.0,0.0,0.0,0.0,1.0,0.0,0.0,518.58,0,2025-09-24 12:00:00
0.0,-1.0993873417149371,2.0312373166399227,1.5678474993244562,-1.7107043921472331,0.6083804415375975,0.13620518786668995,0.41170260815346027,-0.393790992688306,2.3111571979350702,0.0,1.0,0.0,0.0,0.0,1.0,0.0,0.0,0.0,0.0,0.0,0.0,0.0,1.0,557.61,0,2025-09-24 18:00:00
0.0,0.5171754834564067,-0.31202440508564167,-0.325507664818709,-0.3143393254490493,-0.09496380540661851,0.9118603890594869,-0.6573125510826477,-0.08635910835063856,-1.991124808519295,1.0,0.0,0.0,0.0,1.0,0.0,0.0,0.0,0.0,0.0,0.0,0.0,0.0,1.0,498.87,0,2025-09-25 00:00:00
0.6931471805599453,0.7481130299094558,0.31291615634530834,1.1129041347752222,0.8401810699034697,-1.236151490845908,0.735761267352569,-0.4554242392764478,1.2826259409648655,0.7493068280157088,1.0,0.0,0.0,0.0,1.0,0.0,0.0,0.0,0.0,0.0,0.0,1.0,0.0,0.0,480.93,0,2025-09-25 06:00:00
0.6931471805599453,-0.6375122488088388,0.025846881220635425,0.26317511155755646,-1.2658829430650282,1.8776606222812964,0.28937047046759107,-0.15921106047882655,-0.7803637581426012,0.49724696728443396,0.0,0.0,1.0,0.0,0.0,1.0,0.0,0.0,0.0,0.0,0.0,0.0,1.0,0.0,553.04,0,2025-09-25 12:00:00
0.6931471805599453,0.9790505763625049,2.2059355759867896,1.5371879486196163,1.2446950737613967,-1.0847694509406964,-0.6525550642438308,-1.0329571968204132,0.6753718723968988,2.143117290780887,0.0,1.0,0.0,1.0,0.0,0.0,0.0,0.0,0.0,1.0,0.0,0.0,0.0,0.0,491.18,0,2025-09-25 18:00:00
0.6931471805599453,0.5171754834564067,-0.648834156829911,-0.9511422105297902,-0.03794541533971849,0.7271571190016864,0.40895406009182383,-0.6233886954102945,0.9439942861869894,-0.5121434339088455,0.0,1.0,0.0,0.0,1.0,0.0,0.0,0.0,0.0,0.0,0.0,1.0,0.0,0.0,511.61,0,2025-09-26 00:00:00
0.0,-0.8684497952618879,-0.9914065247679138,-0.2529439757332318,-1.5178044757167624,0.24506354576508843,-0.035798605428438796,-1.2191246974613763,-1.707986201230761,1.0681222683013856,0.0,0.0,1.0,0.0,1.0,0.0,0.0,0.0,1.0,0.0,0.0,0.0,0.0,0.0,413.77624999999995,0,2025-09-26 06:00:00
0.6931471805599453,0.7481130299094558,0.0786203137316678,0.5944770190492563,0.23556939153930775,0.6642753485795224,-0.2733276533121891,-1.1487947527747904,-0.3975958427419903,-0.9552623671578907,0.0,0.0,1.0,0.0,1.0,0.0,0.0,0.0,0.0,0.0,0.0,1.0,0.0,0.0,512.27,0,2025-09-26 12:00:00
0.6931471805599453,0.28623793700335765,0.83200655716505,-0.0010199822602967896,0.4227111015091673,1.8240946696994529,2.6630228179403743,0.8998751653897634,0.1525854750207169,-0.5351625992724324,1.0,0.0,0.0,1.0,0.0,0.0,1.0,0.0,0.0,0.0,0.0,0.0,0.0,0.0,550.75,0,2025-09-26 18:00:00
0.0,1.209988122815554,1.1728602500979024,0.8299477962747616,-0.0033961765760520558,0.624683122758159,-1.4830876661545975,-1.2398099753103724,1.04368135759351,0.002334911967318371,0.0,1.0,0.0,0.0,0.0,1.0,0.0,0.0,0.0,0.0,0.0,0.0,0.0,1.0,465.94,0,2025-09-27 00:00:00
0.0,-1.0993873417149371,0.14504204775417756,0.6533447133556329,-0.8973577295859199,-0.5491099251222532,0.9716521838716035,-0.05578467123384705,0.8526778848985732,-1.3281728460479965,0.0,1.0,0.0,1.0,0.0,0.0,0.0,1.0,0.0,0.0,0.0,0.0,0.0,0.0,514.54,0,2025-09-27 06:00:00
0.6931471805599453,-0.8684497952618879,1.3688397499497025,0.7423307628885268,-0.2812296383005355,1.1952769654778028,-0.8180063320800982,-0.1947897383790995,-0.5505508149000871,-0.4097081480408845,0.0,1.0,0.0,0.0,1.0,0.0,0.0,0.0,0.0,0.0,0.0,1.0,0.0,0.0,535.64,0,2025-09-27 12:00:00
0.0,-0.6375122488088388,0.8688064219811724,0.9545282656208143,0.15639405270590537,-0.6259654223049006,0.15831996129034967,-1.5252668096265156,-0.5513117849108238,0.7331934122611983,1.0,0.0,0.0,0.0,0.0,1.0,1.0,0.0,0.0,0.0,0.0,0.0,0.0,0.0,454.76,0,2025-09-27 18:00:00
0.6931471805599453,-0.4065747023557897,-0.137022850149626,0.9476831848875148,-0.5590631000250196,0.2078002744038063,2.5540870821867916,1.2027076330990634,-0.9675623807838539,-1.323569012975279,1.0,0.0,0.0,0.0,0.0,1.0,0.0,1.0,0.0,0.0,0.0,0.0,0.0,0.0,491.04,0,2025-09-28 00:00:00
1.3862943611198906,1.4409256692686032,-0.7093416268641103,-0.5596035925850534,0.4630185467334448,-1.3199938514087945,-0.9162942139630288,1.7330781571473184,0.861048555016678,0.22792273253046882,0.0,0.0,1.0,1.0,0.0,0.0,0.0,0.0,0.0,0.0,0.0,0.0,0.0,1.0,586.13,0,2025-09-28 06:00:00
0.0,0.7481130299094558,-0.013278249778924757,-0.40079771957250354,0.6271274308608601,-1.0475061795794125,-0.68204142880871,0.5325046307915963,0.014088933066619147,-1.8863876061149754,0.0,0.0,1.0,1.0,0.0,0.0,0.0,0.0,0.0,0.0,0.0,0.0,1.0,0.0,506.64,0,2025-09-28 12:00:00
1.0986122886681098,0.28623793700335765,0.9320941015825248,1.0202410406604903,0.5090841984183334,0.0011055660716877238,0.012526269830668632,0.6466873645180536,-0.14723670920958293,0.3142446026439194,0.0,0.0,1.0,0.0,1.0,0.0,0.0,1.0,0.0,0.0,0.0,0.0,0.0,0.0,537.27,0,2025-09-28 18:00:00
1.0986122886681098,0.28623793700335765,-0.37177363614698195,-0.5774008024916322,-0.7418861551494212,0.4220640847311819,-0.8032631497976586,-0.8774039073959642,0.017132813109566287,-1.2855873901253607,0.0,0.0,1.0,1.0,0.0,0.0,0.0,1.0,0.0,0.0,0.0,0.0,0.0,0.0,481.6,0,2025-09-29 00:00:00
0.6931471805599453,1.4409256692686032,0.42073773828595523,-0.304966589306309,0.5623476081789857,-1.7485214720635474,0.898755338141763,1.2473878332528945,1.0634665778726673,-1.2337942680572906,0.0,1.0,0.0,1.0,0.0,0.0,0.0,0.0,0.0,0.0,0.0,0.0,1.0,0.0,573.57,0,2025-09-29 06:00:00
0.6931471805599453,-0.1756371559027406,-0.6602077414228062,-0.27758626637311123,-0.0033961765760520558,0.5571434434158338,-0.4952944532311411,1.038880232535016,-0.5939261055120847,-0.3245372361956134,0.0,0.0,1.0,0.0,1.0,0.0,0.0,0.0,0.0,0.0,0.0,0.0,0.0,1.0,612.3062500000001,0,2025-09-29 12:00:00
0.0,-0.8684497952618879,-0.15961837154084466,0.37406541943700905,-0.867127145667712,-0.8239265514117148,0.6726932098110219,-0.16334811604862573,-1.0588787820722698,0.033410785208160654,0.0,0.0,1.0,1.0,0.0,0.0,0.0,1.0,0.0,0.0,0.0,0.0,0.0,0.0,453.72,0,2025-09-29 18:00:00
0.0,-1.0993873417149371,0.2901689871595179,0.09615514166504681,-1.4112776561954576,1.3769354133640574,-1.276683114200443,0.7666619760422299,-0.05059351784600902,-0.3855380244091183,0.0,1.0,0.0,1.0,0.0,0.0,0.0,0.0,0.0,0.0,0.0,1.0,0.0,0.0,490.12,0,2025-09-30 00:00:00
0.0,-0.6375122488088388,0.5399329048194974,0.2891864183440951,-0.08689017025491229,-0.3325171603347963,-1.746007750191438,1.633788823472138,-2.7325371994365213,-0.10815708177789818,0.0,1.0,0.0,1.0,0.0,0.0,0.0,0.0,1.0,0.0,0.0,0.0,0.0,0.0,483.2,0,2025-09-30 06:00:00
0.0,0.5171754834564067,-0.9363583753382992,-1.3235146024212867,-0.6483153001644915,-1.142993312442701,-0.19551641348820187,0.4083929636976209,-0.35650346216220313,-0.23476249127762522,1.0,0.0,0.0,0.0,1.0,0.0,0.0,0.0,0.0,0.0,0.0,1.0,0.0,0.0,612.3062500000001,0,2025-09-30 12:00:00
0.6931471805599453,0.05530039055030851,1.8107919725971817,1.5459432409778975,-1.0067636523375303,0.11464209600059931,-1.5117549650371191,-0.9924140522363813,-1.03985453180385,0.4742278019208471,0.0,1.0,0.0,0.0,1.0,0.0,0.0,0.0,0.0,1.0,0.0,0.0,0.0,0.0,492.5,0,2025-09-30 18:00:00
0.0,-0.1756371559027406,-0.7762183042703354,-0.9881056464896081,-0.386316906206688,-0.9240715931951626,1.5220643224160169,-0.5381653506724314,1.0193303172499328,0.3648867664438098,1.0,0.0,0.0,0.0,0.0,1.0,0.0,1.0,0.0,0.0,0.0,0.0,0.0,0.0,535.02,0,2025-10-01 00:00:00
0.6931471805599453,0.05530039055030851,-0.788046832246946,-1.212624294541834,-0.09696703156098183,1.3652906410636572,-1.4740779436486622,-1.0428861301879313,-0.39074711264535883,-0.5777480551950678,1.0,0.0,0.0,1.0,0.0,0.0,0.0,0.0,1.0,0.0,0.0,0.0,0.0,0.0,480.72,0,2025-10-01 06:00:00
0.0,1.6718632157216522,0.46486724650638994,1.309103447605733,0.3838432079000424,0.035457644357872284,-0.9900101253752275,-0.5340282951026323,0.1388880148274545,0.23022464906682727,0.0,1.0,0.0,1.0,0.0,0.0,0.0,0.0,0.0,0.0,1.0,0.0,0.0,0.0,478.29,0,2025-01-10 12:00:00
0.6931471805599453,1.6718632157216522,1.1964162075214124,1.2863932671102603,0.9337519248883994,-0.12291125892758012,0.4359832276096297,1.4079055893611028,0.6068845714305868,1.5239017425004033,1.0,0.0,0.0,1.0,0.0,0.0,0.0,0.0,0.0,0.0,0.0,0.0,1.0,0.0,576.9,0,2025-10-01 18:00:00
0.6931471805599453,-1.0993873417149371,-0.41635808775113203,-0.11878039336056014,-1.1780702945407096,0.6549595307392002,-0.54689559121968,-1.0271653190226944,-0.9881085710737475,-1.1313589821893295,1.0,0.0,0.0,0.0,1.0,0.0,1.0,0.0,0.0,0.0,0.0,0.0,0.0,0.0,468.27,0,2025-10-02 00:00:00
0.0,-1.330324888167986,-1.5255100572502738,-0.9703084365830281,-1.360893349665111,-1.0172297715983714,-1.4626110240956536,1.4128700560448617,-0.9036408998819626,-0.16915786999140303,0.0,0.0,1.0,1.0,0.0,0.0,0.0,0.0,0.0,0.0,0.0,0.0,0.0,1.0,491.78,0,2025-02-10 06:00:00
0.6931471805599453,-0.8684497952618879,-1.4308818334373836,-0.9396101103963801,-0.6339197840129636,-1.3153359424886333,2.034799439571974,-0.6953734623248002,-0.2644260908630502,0.005787786771856517,0.0,0.0,1.0,1.0,0.0,0.0,0.0,0.0,0.0,0.0,0.0,1.0,0.0,0.0,497.12,0,2025-10-02 12:00:00
0.6931471805599453,1.209988122815554,1.288314771032005,0.9476831848875148,0.5234797145698608,0.46398526501262677,-0.9547903010338439,0.04764171801113244,0.08333720404366775,-0.7101082560356916,1.0,0.0,0.0,0.0,1.0,0.0,0.0,0.0,0.0,0.0,0.0,0.0,0.0,1.0,546.12,0,2025-10-02 18:00:00
0.6931471805599453,-0.1756371559027406,-2.3730695811128255,-2.0285579179511446,0.7869176601428175,-1.117374813381819,-0.16357285187624926,0.1502406961421521,-0.47140993378345986,1.1797652203147815,1.0,0.0,0.0,0.0,1.0,0.0,0.0,0.0,0.0,0.0,0.0,0.0,0.0,1.0,512.27,0,2025-03-10 00:00:00
1.0986122886681098,1.209988122815554,-0.8913189803504338,-0.9506537602784254,1.2691674512189943,-1.117374813381819,-0.1758588371116155,-1.2489114975639304,-0.4539076235365137,1.594110196859343,1.0,0.0,0.0,0.0,1.0,0.0,0.0,1.0,0.0,0.0,0.0,0.0,0.0,0.0,497.15,0,2025-10-03 06:00:00
0.0,0.5171754834564067,1.8478951330024478,1.860816954709679,-0.13151627032464824,0.9134734758081021,0.7275706105289919,-1.0470231857577306,-0.8595046392592284,-0.20253565976860374,0.0,0.0,1.0,0.0,0.0,1.0,1.0,0.0,0.0,0.0,0.0,0.0,0.0,0.0,528.03,0,2025-10-03 12:00:00
0.6931471805599453,0.28623793700335765,0.09545321892915294,0.23305675633103798,0.2657999754575157,0.5850908969367954,0.48430810286873716,-0.625870928752174,0.15867323510661116,0.3959626396846521,1.0,0.0,0.0,0.0,0.0,1.0,0.0,0.0,0.0,0.0,0.0,0.0,1.0,0.0,512.27,0,2025-03-10 18:00:00
0.0,-0.6375122488088388,-0.7484667578636705,-0.8758463224634939,-0.4640526934249372,-1.2780726711273511,-0.7827865077387146,-1.478104376130805,0.017893783120302934,-0.6468055512858282,1.0,0.0,0.0,0.0,0.0,1.0,0.0,1.0,0.0,0.0,0.0,0.0,0.0,0.0,485.8,0,2025-10-04 00:00:00
0.6931471805599453,-0.4065747023557897,-1.0144064402779922,-1.5697588848624926,0.42990885958493097,-0.6143206500044986,-0.2905280326417015,0.9346264321760765,-1.4751293779453,1.9370957607767862,0.0,0.0,1.0,1.0,0.0,0.0,0.0,1.0,0.0,0.0,0.0,0.0,0.0,0.0,512.27,0,2025-10-04 06:00:00
0.0,-1.0993873417149371,0.2123736685441181,0.2453779016509777,-1.3076299399044584,-0.9124268208947623,-0.1930592164411285,0.2122965296891398,0.24922866638429028,-1.3580977610206593,1.0,0.0,0.0,0.0,0.0,1.0,0.0,0.0,0.0,1.0,0.0,0.0,0.0,0.0,484.69,0,2025-04-10 12:00:00
0.6931471805599453,0.05530039055030851,0.8502042925136813,0.6519756972089725,0.5134028532637912,1.8962922579619392,0.7660666975998064,1.2540071221645732,0.709615522880055,-0.03564671088259969,1.0,0.0,0.0,0.0,0.0,1.0,0.0,0.0,0.0,0.0,0.0,0.0,0.0,1.0,586.08,0,2025-10-04 18:00:00
0.0,-0.6375122488088388,1.1177110021385768,0.08657202863842663,-0.5173161031855894,0.9856710640705867,-1.1186034375053955,1.3135807223696814,0.6281917317312173,-0.7400331710083544,0.0,0.0,1.0,0.0,0.0,1.0,0.0,0.0,0.0,0.0,0.0,0.0,1.0,0.0,543.67,0,2025-10-05 00:00:00
0.6931471805599453,-0.6375122488088388,0.24785925247394994,0.4500019713427015,-0.0033961765760520558,-0.4047147485972825,2.0135037318306717,-0.4777643393533634,0.011806023034408659,-1.0381313624668032,1.0,0.0,0.0,0.0,1.0,0.0,0.0,0.0,0.0,0.0,1.0,0.0,0.0,0.0,500.66,0,2025-05-10 06:00:00
0.0,-1.5612624346210353,-0.5123511417151683,-0.016946199310962362,-0.45685493534917354,0.6386568495186405,-0.716442187467736,1.1530629662614733,-0.04602769778158804,0.5720592547160909,1.0,0.0,0.0,0.0,1.0,0.0,0.0,1.0,0.0,0.0,0.0,0.0,0.0,0.0,513.26,0,2025-10-05 12:00:00
0.0,0.9790505763625049,1.0293003379031356,2.123668054868383,0.893444479664122,-1.3852045762910399,0.021535992336603926,-1.473139909447046,2.3723349963399647,0.6100408775660089,0.0,1.0,0.0,1.0,0.0,0.0,0.0,0.0,1.0,0.0,0.0,0.0,0.0,0.0,515.96,0,2025-10-05 18:00:00
0.6931471805599453,1.6718632157216522,0.006284315720857921,0.16049890055806249,1.156882425237078,-0.6702155570464235,-1.1104127806818178,-0.1931349161511798,0.37554968816659945,0.7308914957248394,0.0,1.0,0.0,0.0,0.0,1.0,0.0,0.0,0.0,0.0,0.0,1.0,0.0,0.0,551.44,0,2025-06-10 00:00:00
0.0,0.05530039055030851,0.006284315720857921,-1.9239108024474019,0.3449753142909175,0.14491850398164063,-1.2463776839532055,0.6276569088969775,-0.9432113404402765,-0.2727441141275433,0.0,0.0,1.0,1.0,0.0,0.0,0.0,1.0,0.0,0.0,0.0,0.0,0.0,0.0,498.22,0,2025-10-06 06:00:00
1.3862943611198906,0.28623793700335765,-1.8298671809561473,-2.2010539524302932,0.08729557517857249,0.5105643542142295,-0.8294732516331068,-0.06571360460136508,-1.2978233654436253,1.6447523606592338,0.0,0.0,1.0,0.0,0.0,1.0,0.0,0.0,0.0,0.0,1.0,0.0,0.0,0.0,507.65,0,2025-10-06 12:00:00
0.0,1.4409256692686032,-1.7156763916434796,-1.4658922816739182,2.227908826910736,-0.06701635188565526,-0.9244848707866065,0.8833269431105668,2.1630682433873445,0.5386814649388901,1.0,0.0,0.0,1.0,0.0,0.0,1.0,0.0,0.0,0.0,0.0,0.0,0.0,0.0,555.56,0,2025-06-10 18:00:00
0.0,0.05530039055030851,-1.1683795010333629,-0.974415485023008,0.06714185256643405,0.29630054388685223,0.003151801539676747,1.2978599112044447,1.6273453558286362,-0.9667719498396842,1.0,0.0,0.0,1.0,0.0,0.0,0.0,0.0,1.0,0.0,0.0,0.0,0.0,0.0,532.93,0,2025-10-07 00:00:00
0.0,0.5171754834564067,-1.5805582066798884,-1.8327886089787766,0.12760302040285,0.11697105046067903,-0.9326755276101842,-0.21299278288621587,-0.6502378863066082,0.688306039802204,0.0,0.0,1.0,0.0,1.0,0.0,0.0,1.0,0.0,0.0,0.0,0.0,0.0,0.0,426.79,0,2025-10-07 06:00:00
0.0,-0.1756371559027406,0.4139135875302192,0.2727582245841754,-0.46837134827039567,-0.13688498568806173,0.7136464939289098,-0.7326069624529928,-0.7438371976272344,-0.44653881262262335,1.0,0.0,0.0,0.0,0.0,1.0,0.0,0.0,0.0,0.0,0.0,1.0,0.0,0.0,445.33,0,2025-07-10 12:00:00
0.6931471805599453,0.05530039055030851,-1.5983009986448042,-2.407775390575941,-0.7692376358373237,-0.2742932988327917,-0.7401950922561109,0.3405452523529144,-0.2842113111422068,0.6365129177341339,0.0,0.0,1.0,0.0,1.0,0.0,0.0,0.0,0.0,0.0,0.0,0.0,0.0,1.0,481.21,0,2025-10-07 18:00:00
0.0,0.05530039055030851,-2.1897273974753557,-1.549402266620173,0.3766454498242787,-0.4117016119775233,-0.8491308280096926,1.3317837668767978,1.1296709688067688,1.6976964409954838,0.0,1.0,0.0,1.0,0.0,0.0,0.0,1.0,0.0,0.0,0.0,0.0,0.0,0.0,514.75,0,2025-10-08 00:00:00
1.0986122886681098,0.7481130299094558,-1.288939497718051,-1.549402266620173,0.04698812995429499,0.27766890820621115,-0.3568723529126801,1.744661912742756,-0.8899434396887003,1.1912748029965745,1.0,0.0,0.0,1.0,0.0,0.0,0.0,0.0,0.0,0.0,0.0,0.0,1.0,0.0,541.05,0,2025-08-10 06:00:00
1.0986122886681098,0.5171754834564067,-0.7748534741191893,-0.7333675890949337,1.1021794638612732,0.4663142194727065,1.0052338768482714,1.1480984995777144,-1.601450399727609,1.5710910314957562,0.0,0.0,1.0,0.0,0.0,1.0,0.0,0.0,0.0,0.0,0.0,1.0,0.0,0.0,539.25,0,2025-10-08 12:00:00
0.6931471805599453,0.05530039055030851,0.006284315720857921,-1.539819153593554,-0.8210614939828234,0.2427345913050087,0.2410455952084831,-0.8352059405840125,1.991089020960827,-0.9575642836942494,1.0,0.0,0.0,1.0,0.0,0.0,0.0,0.0,0.0,0.0,0.0,0.0,0.0,1.0,521.33,0,2025-10-08 18:00:00
0.0,-1.330324888167986,1.6290673654351462,1.1749398652330603,-1.0240382717193635,-1.1988882194846242,-0.06856123272274958,-0.9725561855013453,-0.2507286306697878,1.6562619433410275,0.0,1.0,0.0,1.0,0.0,0.0,0.0,0.0,0.0,0.0,0.0,0.0,0.0,1.0,518.06,0,2025-09-10 00:00:00
0.6931471805599453,1.4409256692686032,0.2462922252633764,0.07151285102516737,1.8852955425043785,-1.01257186267821,-1.3790663244951626,0.3049665744526414,0.9744330866164614,1.522750784232224,0.0,1.0,0.0,0.0,1.0,0.0,1.0,0.0,0.0,0.0,0.0,0.0,0.0,0.0,533.54,0,2025-10-09 06:00:00
1.0986122886681098,1.4409256692686032,1.1061352204862542,0.9764325239673729,-0.25531770922778596,0.4523404927122249,-1.0932124013523048,-0.28828719425656096,0.3725058081236523,-0.03564671088259969,0.0,1.0,0.0,1.0,0.0,0.0,0.0,0.0,0.0,0.0,0.0,1.0,0.0,0.0,536.78,0,2025-10-09 12:00:00
0.0,-1.0993873417149371,0.36932913592606903,0.5465614539161591,0.38816186274550085,1.577225496930953,-1.2267201075766196,0.4373523526862152,-0.019393747405800448,-1.8702741903604645,1.0,0.0,0.0,1.0,0.0,0.0,0.0,0.0,0.0,0.0,1.0,0.0,0.0,0.0,514.98,0,2025-09-10 18:00:00
0.0,-0.6375122488088388,0.9416479126405585,1.5226699664846797,-0.8196219423676704,0.1961555021034044,1.3140216390971469,1.5220883230875601,-1.6448256903396066,-1.2775306822481054,0.0,1.0,0.0,0.0,0.0,1.0,1.0,0.0,0.0,0.0,0.0,0.0,0.0,0.0,530.41,0,2025-10-10 00:00:00
0.0,1.6718632157216522,-1.072841390453042,-0.6348994806513496,1.417441267579729,-0.395398930756962,0.5514714888220733,0.22222546305665783,-0.11679790878011102,0.10822307263981756,0.0,0.0,1.0,1.0,0.0,0.0,0.0,0.0,1.0,0.0,0.0,0.0,0.0,0.0,507.03,0,2025-10-10 06:00:00
0.6931471805599453,-0.6375122488088388,-0.4368305400183403,0.04960859267860869,2.6518567775732276,0.0011055660716877238,-0.8171872663977405,-0.4504597725926888,-0.16626095947800296,1.1878219281920368,0.0,0.0,1.0,0.0,0.0,1.0,0.0,0.0,0.0,0.0,0.0,0.0,0.0,1.0,506.21,0,2025-10-10 12:00:00
0.6931471805599453,1.209988122815554,0.34976657042629156,0.9914917015806322,1.42319947404034,-1.156967039203181,-0.5247808177960209,1.3342660002186773,-1.6052552497812929,-0.043703418759855193,0.0,1.0,0.0,0.0,0.0,1.0,0.0,0.0,0.0,0.0,1.0,0.0,0.0,0.0,487.61,0,2025-10-10 18:00:00
0.6931471805599453,0.9790505763625049,0.06906650267363416,-0.0010199822602967896,0.9423892345793158,1.4072118213451004,-0.7811483763739988,-0.1600384715927864,0.10083951429061447,-0.9644700333033255,1.0,0.0,0.0,0.0,1.0,0.0,0.0,0.0,1.0,0.0,0.0,0.0,0.0,0.0,502.22,0,2025-10-11 00:00:00
0.6931471805599453,1.209988122815554,0.19144627289318925,0.1380424597174022,1.5988247710889774,0.23108981900460848,-0.8409401711861155,0.41666707483721926,0.13584413478450683,-0.690541965476643,0.0,1.0,0.0,1.0,0.0,0.0,0.0,0.0,1.0,0.0,0.0,0.0,0.0,0.0,560.14,0,2025-11-10 06:00:00
0.0,-1.5612624346210353,-1.162263039985625,-0.5828768670782725,-0.9563793458071832,-0.6655576481262624,0.4818509058216644,-1.2158150530055372,-0.9036408998819626,-0.996696864812347,0.0,0.0,1.0,1.0,0.0,0.0,0.0,0.0,0.0,0.0,0.0,0.0,1.0,0.0,413.77624999999995,0,2025-10-11 12:00:00
0.0,0.05530039055030851,0.741927767189319,1.1669897021462652,1.156882425237078,-0.13921394014814145,-0.25285101125324516,0.07908334034160622,-0.49119515406261655,0.7677221603065782,1.0,0.0,0.0,0.0,1.0,0.0,0.0,0.0,1.0,0.0,0.0,0.0,0.0,0.0,538.31,0,2025-10-11 18:00:00
0.6931471805599453,0.28623793700335765,1.0981484366387941,1.2844611569658537,0.5421938855668466,-0.5165045626811305,2.0749336580075037,-0.2047186717466175,-0.8062367385076521,0.23597944040772434,0.0,1.0,0.0,0.0,1.0,0.0,0.0,1.0,0.0,0.0,0.0,0.0,0.0,0.0,521.74,0,2025-12-10 00:00:00
0.0,1.209988122815554,0.6090842991442995,-0.1639579262003379,-0.0033961765760520558,1.4095407758051801,1.2583251726968188,-1.2588404309314485,-1.1950924139941574,1.9957946324539317,0.0,1.0,0.0,0.0,0.0,1.0,0.0,0.0,0.0,0.0,1.0,0.0,0.0,0.0,454.14,0,2025-10-12 06:00:00
0.0,-0.8684497952618879,0.2765206856480457,-0.1708030069336373,-0.14879088970648147,-0.1764772115094236,1.3164788361442192,-0.9510434965383896,-0.22105080025105253,-0.24627207395941836,1.0,0.0,0.0,0.0,0.0,1.0,0.0,0.0,0.0,0.0,0.0,0.0,0.0,1.0,462.9,0,2025-10-12 12:00:00
0.6931471805599453,-0.6375122488088388,0.31610076003132126,0.13722562606484343,-1.7150230469926915,0.19848445656348576,0.6898935891405349,0.7575604537886717,-0.536092384696088,0.08980774034894815,0.0,1.0,0.0,1.0,0.0,0.0,0.0,1.0,0.0,0.0,0.0,0.0,0.0,0.0,555.94,0,2025-12-10 18:00:00
0.6931471805599453,-1.0993873417149371,-1.1447224450801416,-0.6773389811978067,0.7725221439912895,0.6363278950585591,-0.3855396517952018,-1.0586069413531682,-1.700376501123393,0.269357230184925,1.0,0.0,0.0,1.0,0.0,0.0,0.0,0.0,1.0,0.0,0.0,0.0,0.0,0.0,493.8,0,2025-10-13 00:00:00
0.0,0.9790505763625049,-0.9222551304431117,-0.0010199822602967896,0.39392006920611194,-0.7400841908488284,0.6169967434106943,-1.2273988086009748,0.4341443789933328,-0.8758462466535165,0.0,0.0,1.0,1.0,0.0,0.0,0.0,0.0,0.0,1.0,0.0,0.0,0.0,0.0,480.59,0,2025-10-13 06:00:00
0.0,-1.0993873417149371,-1.7538916358756091,-0.9703084365830281,-0.9016763844313783,0.3219190429477341,1.6318191238519568,-1.593941932085182,-0.8655923993451226,-0.5098415173724868,0.0,0.0,1.0,1.0,0.0,0.0,0.0,0.0,0.0,0.0,0.0,1.0,0.0,0.0,428.39,0,2025-10-13 18:00:00
0.6931471805599453,-0.8684497952618879,-1.399086345842141,-0.7060883202776648,-0.04514317341548217,-1.5924815232381764,0.4269735051036944,-0.17658669387198309,-2.3228499699060956,1.1509912636102981,1.0,0.0,0.0,0.0,1.0,0.0,0.0,0.0,1.0,0.0,0.0,0.0,0.0,0.0,465.15,0,2025-10-14 00:00:00
0.6931471805599453,-0.6375122488088388,-2.6092420651842936,-0.09687613501400145,-0.9909285845708496,0.30095845280701333,0.2877323391028753,0.011235628996899663,0.3610912579625999,-0.4879733102770796,1.0,0.0,0.0,1.0,0.0,0.0,0.0,1.0,0.0,0.0,0.0,0.0,0.0,0.0,500.78,0,2025-10-14 06:00:00
0.6931471805599453,1.4409256692686032,1.2132491127188976,0.5807868575826575,1.545561361328325,-0.013450399303811767,0.1542246328785611,0.483687375067966,-0.56653118512556,1.5158450346231478,0.0,1.0,0.0,0.0,1.0,0.0,0.0,0.0,1.0,0.0,0.0,0.0,0.0,0.0,528.26,0,2025-10-14 12:00:00
0.0,-0.1756371559027406,-1.1847574628471327,-0.8553110802635956,-0.3344930480611884,0.1705370030425225,1.7399357939231803,0.30331175222472173,-0.02167665743801094,0.19914877582598547,0.0,0.0,1.0,0.0,1.0,0.0,0.0,0.0,0.0,0.0,0.0,0.0,0.0,1.0,537.85,0,2025-10-14 18:00:00
0.6931471805599453,-0.6375122488088388,2.448875342891033,1.903256455256136,0.4788536145001254,0.07272091571915441,-1.37988539017752,0.17920008513074637,-1.0002840912455362,1.2488227164055417,0.0,1.0,0.0,1.0,0.0,0.0,0.0,0.0,0.0,0.0,0.0,0.0,0.0,1.0,519.68,0,2025-10-15 00:00:00
0.0,-0.6375122488088388,-0.2548531865320168,-1.0373039362760135,-0.26107591568839705,0.3079453161872541,1.8365855444413963,1.7860324684407478,-0.6167552058341885,-1.6769132013063357,0.0,0.0,1.0,1.0,0.0,0.0,0.0,0.0,0.0,0.0,1.0,0.0,0.0,0.0,512.27,0,2025-10-15 06:00:00
1.0986122886681098,0.28623793700335765,0.6340050867189558,0.4178739361301264,0.8099504859852618,1.4374882293261433,-0.1529249980055982,-0.8178303071908559,1.1555439491718202,0.3694905995165272,1.0,0.0,0.0,1.0,0.0,0.0,0.0,0.0,0.0,1.0,0.0,0.0,0.0,0.0,515.45,0,2025-10-15 12:00:00
0.6931471805599453,-0.4065747023557897,0.0349457488949485,0.649237664915653,-1.7596491470624271,-1.2012171739447055,-1.3520371569773562,0.7890020761191454,0.3146720873076551,-1.003602614421423,0.0,0.0,1.0,0.0,1.0,0.0,0.0,0.0,0.0,0.0,0.0,0.0,1.0,0.0,534.09,0,2025-10-15 18:00:00
0.6931471805599453,-1.0993873417149371,1.0831353049761756,1.1817849459663596,-0.9750935168041693,-0.32320134249447574,-0.709889662008874,-1.4094292536721387,0.5870993511514296,0.8275719902519039,1.0,0.0,0.0,1.0,0.0,0.0,0.0,1.0,0.0,0.0,0.0,0.0,0.0,0.0,489.93,0,2025-10-16 00:00:00
0.0,1.209988122815554,0.006284315720857921,0.5095980179563411,1.2187831446886472,0.7341439823819272,-1.5928424675905375,1.2631086444181314,0.7697321537282622,-0.6824852575993877,1.0,0.0,0.0,0.0,0.0,1.0,0.0,0.0,0.0,0.0,0.0,1.0,0.0,0.0,551.51,1,2025-10-16 06:00:00
0.0,-0.1756371559027406,-1.120610445743205,-0.9442971297964907,-0.024989450803343097,0.538511807735191,0.6718741441286643,-0.42563743917389374,0.2819503768459727,0.5340776318661727,0.0,1.0,0.0,0.0,0.0,1.0,0.0,0.0,0.0,0.0,0.0,1.0,0.0,0.0,456.15,0,2025-10-16 12:00:00
1.0986122886681098,-0.8684497952618879,-0.43546570986719413,0.7628660050884264,-0.10848344448220397,0.5175512175944703,-0.990829191057585,-0.4827288060371224,-1.9796524950637988,1.024385854110571,1.0,0.0,0.0,0.0,1.0,0.0,0.0,0.0,0.0,0.0,0.0,1.0,0.0,0.0,501.85,0,2025-10-16 18:00:00
0.0,0.7481130299094558,0.6145436197488894,0.6232263581291144,0.3406566594454597,2.9210322203972194,0.195177916996449,-1.2166424641194968,-0.004174347191064219,-0.10470420697336004,1.0,0.0,0.0,0.0,0.0,1.0,0.0,1.0,0.0,0.0,0.0,0.0,0.0,0.0,464.13,0,2025-10-17 00:00:00
0.0,0.9790505763625049,0.2815250628689202,0.247723837178399,0.7969945214488864,0.6782490753400024,0.003151801539676747,0.08239298479744556,0.1716097252891369,0.166921944316964,1.0,0.0,0.0,0.0,0.0,1.0,0.0,0.0,0.0,0.0,0.0,1.0,0.0,0.0,514.57,0,2025-10-17 06:00:00
0.0,-1.0993873417149371,0.9744543855329535,0.2494228602371753,-0.1531095445519393,1.2208954645386862,-0.6304402908201716,-0.29738871651011917,0.6723279923539516,0.3269051435938917,0.0,1.0,0.0,0.0,1.0,0.0,0.0,0.0,0.0,0.0,1.0,0.0,0.0,0.0,506.57,0,2025-10-17 12:00:00
0.6931471805599453,-1.330324888167986,0.10182242630117365,0.6067840435997728,-2.5816331193146573,-0.2859380711331936,-0.2340125005590164,1.699154301474965,-0.998001181213326,0.7608164106975025,0.0,0.0,1.0,1.0,0.0,0.0,0.0,0.0,0.0,0.0,0.0,0.0,0.0,1.0,557.52,0,2025-10-17 18:00:00
1.0986122886681098,-1.5612624346210353,0.24275377672335918,-0.038561548225393524,-0.9117532457374475,-1.0055849992979693,-1.2512920780473522,-1.0677084636067264,-0.3854203225702012,-0.20598853457314187,1.0,0.0,0.0,0.0,1.0,0.0,0.0,1.0,0.0,0.0,0.0,0.0,0.0,0.0,504.55,0,2025-10-18 00:00:00
1.3862943611198906,0.9790505763625049,1.039005796755741,0.6109052128091746,0.5493916436426108,-0.29292493451343277,-0.35195795881853337,-0.23533288296313146,0.5832945010977458,1.0991981415422278,0.0,1.0,0.0,1.0,0.0,0.0,0.0,0.0,0.0,0.0,1.0,0.0,0.0,0.0,603.5,0,2025-10-18 06:00:00
0.0,0.5171754834564067,-1.1579158032078984,-0.4487132847056008,-0.20061474785198113,0.7807230715835316,2.5598205419632967,1.4418294450334561,1.251426170524657,0.0368636600126988,0.0,0.0,1.0,0.0,0.0,1.0,0.0,0.0,0.0,0.0,0.0,0.0,1.0,0.0,556.91,0,2025-10-18 12:00:00
0.0,0.9790505763625049,-0.9672945254309772,-0.3352298523217072,0.9826966798035933,0.4616563105525454,0.794733996482328,1.11913911058912,0.25531642647018454,-0.38323610787275986,1.0,0.0,0.0,0.0,1.0,0.0,0.0,0.0,1.0,0.0,0.0,0.0,0.0,0.0,558.74,0,2025-10-18 18:00:00
0.6931471805599453,0.5171754834564067,1.4789360488089263,1.86056867080669,-0.0033961765760520558,0.456998401632386,-0.23073623782958544,0.9702051100763496,0.9500820462728837,-0.11045899831425661,1.0,0.0,0.0,0.0,0.0,1.0,0.0,0.0,0.0,0.0,0.0,1.0,0.0,0.0,566.84,0,2025-10-19 00:00:00
1.0986122886681098,-0.1756371559027406,-0.533278537366092,-0.6722027589789903,0.5033259919577223,-0.1881219838098255,-0.5714675616904131,0.14196658500255374,-1.6364550202215016,0.9921590226015495,0.0,0.0,1.0,0.0,1.0,0.0,1.0,0.0,0.0,0.0,0.0,0.0,0.0,0.0,508.42,0,2025-10-19 06:00:00
0.0,0.28623793700335765,-1.4904794167041573,-1.3864893451676432,-0.0033961765760520558,-0.35580670493559846,-0.01204570064006388,1.3483319891559946,-1.3708764864743583,-0.39934952362727033,0.0,0.0,1.0,1.0,0.0,0.0,0.0,0.0,0.0,0.0,0.0,1.0,0.0,0.0,512.27,0,2025-10-19 12:00:00
0.6931471805599453,0.7481130299094558,0.46714196342496694,0.3760944682859352,1.145366012315856,-0.1531876669086231,0.15750089560799208,-0.908018118612478,-1.799302602519177,0.5547948806934007,0.0,1.0,0.0,0.0,0.0,1.0,0.0,0.0,0.0,0.0,1.0,0.0,0.0,0.0,496.22,0,2025-10-19 18:00:00
0.0,-0.4065747023557897,-0.9199804135245295,-0.4728507200825808,0.20533880762109916,0.7946967983440115,-0.38226338906577084,1.1274132217287183,0.5467679405823797,0.2728101049894632,0.0,0.0,1.0,0.0,0.0,1.0,0.0,1.0,0.0,0.0,0.0,0.0,0.0,0.0,540.4,0,2025-10-20 00:00:00
0.0,1.4409256692686032,-0.42318223850686815,0.34531608035715095,1.0834652928642874,0.9158024302681819,0.5506524231397157,0.33061631898539634,1.1745681994402402,0.5317757153298138,1.0,0.0,0.0,0.0,0.0,1.0,1.0,0.0,0.0,0.0,0.0,0.0,0.0,0.0,528.31,0,2025-10-20 06:00:00
1.3862943611198906,1.4409256692686032,-0.8933409509447279,-0.6472206259712882,0.6904677019275818,-1.019558726058451,-0.9072844914570936,-0.47031763932772486,1.3785081623177027,0.07599624113079607,1.0,0.0,0.0,0.0,0.0,1.0,0.0,0.0,0.0,0.0,0.0,1.0,0.0,0.0,555.29,0,2025-10-20 12:00:00
1.3862943611198906,1.209988122815554,-0.843802671384564,0.16734398129136194,-0.0033961765760520558,0.8342890241653751,-0.9121988855512403,-0.9287033964614739,-0.15028058925253007,-0.2405172826185218,0.0,1.0,0.0,1.0,0.0,0.0,0.0,1.0,0.0,0.0,0.0,0.0,0.0,0.0,550.29,0,2025-10-20 18:00:00
0.6931471805599453,1.6718632157216522,-0.5937860074002964,-0.0010199822602967896,1.8694604747376977,-0.6469260124456213,0.39339181212702606,0.12624577383731686,0.13660510479524401,0.6503244169522859,1.0,0.0,0.0,1.0,0.0,0.0,0.0,0.0,0.0,1.0,0.0,0.0,0.0,0.0,557.49,0,2025-10-21 00:00:00
0.6931471805599453,-0.4065747023557897,-0.1006273794523582,-0.22008758821339375,-0.38487735459153477,0.5268670354347909,-1.1186034375053955,-1.6758556323672058,-0.2811674310992597,-0.9679229081078636,0.0,1.0,0.0,1.0,0.0,0.0,1.0,0.0,0.0,0.0,0.0,0.0,0.0,0.0,465.06,0,2025-10-21 06:00:00
0.0,-1.330324888167986,1.8829257735485643,2.0798595381752656,-1.7841215245200244,-0.16483243920902335,0.74640912122322,0.7972761872587438,0.7819076739000508,-0.32108436139107527,0.0,1.0,0.0,0.0,0.0,1.0,0.0,0.0,0.0,0.0,0.0,0.0,0.0,1.0,522.93,0,2025-10-21 12:00:00
0.6931471805599453,0.05530039055030851,0.6250073175743538,1.3638640934721287,-1.0744225782497103,1.677370538714401,0.015802532560099596,-0.8666475629144863,1.5588580548623248,1.2568794242827972,0.0,1.0,0.0,1.0,0.0,0.0,0.0,0.0,0.0,0.0,1.0,0.0,0.0,0.0,512.96,0,2025-10-21 18:00:00
1.0986122886681098,0.9790505763625049,0.9661137568314994,1.8129013895765818,1.3037166899826607,-0.40238579413720277,-1.766484392250382,-0.3337948055243519,1.1022760484202438,-0.05060916836893097,0.0,1.0,0.0,0.0,1.0,0.0,0.0,0.0,0.0,0.0,0.0,0.0,0.0,1.0,581.18,0,2025-10-22 00:00:00
0.0,0.9790505763625049,-0.45138872829724846,0.14407070679814288,0.41119468858794517,0.22177400116428628,0.13702425354904813,-1.014754152313297,0.6791767224505826,-1.2096241444255245,1.0,0.0,0.0,0.0,0.0,1.0,0.0,1.0,0.0,0.0,0.0,0.0,0.0,0.0,477.34,0,2025-10-22 06:00:00
0.6931471805599453,-0.4065747023557897,-0.533278537366092,-0.4856767206654187,-0.0033961765760520558,0.0011055660716877238,-1.6264241605672052,-0.06902324905720443,1.048247177657931,-0.544370265417867,1.0,0.0,0.0,1.0,0.0,0.0,0.0,1.0,0.0,0.0,0.0,0.0,0.0,0.0,548.02,0,2025-10-22 12:00:00
0.0,-0.6375122488088388,0.2255670266718749,0.08246498019844672,0.25860221738175204,-0.8798214584536397,0.7111892968818364,-0.3975054612992593,-0.4957609741270375,0.31309364437573967,1.0,0.0,0.0,0.0,1.0,0.0,0.0,0.0,0.0,0.0,1.0,0.0,0.0,0.0,501.04,0,2025-10-22 18:00:00
0.6931471805599453,-0.1756371559027406,1.3351739395547322,1.464318737432102,-1.0182800652587525,-0.041397852824773373,-0.21435492418243005,-1.033784607934373,-0.436405313289567,-1.4225514240387018,0.0,1.0,0.0,0.0,1.0,0.0,0.0,0.0,0.0,0.0,1.0,0.0,0.0,0.0,484.63,0,2025-10-23 00:00:00
0.0,1.209988122815554,-0.5109357622991614,0.32341182201059226,0.92367506358233,-0.24401689085175038,1.848871529676762,1.402113711563384,0.35043767781228463,0.7585144941611436,1.0,0.0,0.0,1.0,0.0,0.0,0.0,0.0,0.0,0.0,0.0,0.0,1.0,0.0,512.27,0,2025-10-23 06:00:00
0.6931471805599453,-1.5612624346210353,0.449399171460051,0.5972150513425758,-1.404079898119694,-0.5025308359206506,1.0830451166722586,0.952829476683193,-1.520787578589508,-1.194661686939193,1.0,0.0,0.0,1.0,0.0,0.0,0.0,0.0,0.0,0.0,0.0,0.0,0.0,1.0,471.46,0,2025-10-23 12:00:00
0.6931471805599453,-0.6375122488088388,-0.42773167234402726,-0.18586218454689657,-0.2985042576823687,-0.4256753387380033,-1.0129439644812441,-0.3387592722081109,-0.42194688308556794,-0.23015865820490788,1.0,0.0,0.0,1.0,0.0,0.0,0.0,0.0,0.0,0.0,0.0,0.0,1.0,0.0,512.27,0,2025-10-23 18:00:00
0.0,-0.8684497952618879,0.21510332884641045,0.20175582442150947,0.07146050741189189,1.1999348743979639,0.003151801539676747,-1.4855510761564437,-1.3739203665173054,-1.3132103885616648,1.0,0.0,0.0,1.0,0.0,0.0,0.0,1.0,0.0,0.0,0.0,0.0,0.0,0.0,459.72,0,2025-10-24 00:00:00
0.6931471805599453,1.209988122815554,-1.0173382976397172,-1.0921508736357612,0.09161423002403096,-0.5910311054036965,0.003151801539676747,1.2506974777087339,1.4043811426827537,1.7276213559681464,0.0,0.0,1.0,0.0,1.0,0.0,0.0,0.0,1.0,0.0,0.0,0.0,0.0,0.0,511.55,0,2025-10-24 06:00:00
0.0,0.05530039055030851,-1.5545253352783688,-1.4987486691937562,0.38528275951519503,0.6293410316783183,-1.1710236411762915,0.736047764825716,0.5079584700348024,0.6606830413658998,1.0,0.0,0.0,0.0,1.0,0.0,0.0,0.0,0.0,0.0,0.0,0.0,0.0,1.0,549.96,0,2025-10-24 12:00:00
0.0,-1.330324888167986,-0.760295285840281,-0.6390065290913283,-0.4381407643521871,0.3661691776892587,1.8242995592060294,0.2445655631335734,0.768971183717525,-0.8574309143626471,1.0,0.0,0.0,1.0,0.0,0.0,0.0,0.0,0.0,0.0,1.0,0.0,0.0,0.0,535.0,0,2025-10-24 18:00:00
0.0,-0.8684497952618879,0.524009886389443,1.2789850923792145,-0.8527316295161843,-1.4294547110325628,0.019897860971888736,0.4150122526092996,-1.841155953109701,-0.7757128773219141,1.0,0.0,0.0,0.0,1.0,0.0,0.0,0.0,0.0,0.0,0.0,0.0,1.0,0.0,512.27,0,2025-10-25 00:00:00
0.6931471805599453,-1.5612624346210353,0.8559163594425541,0.6410235680356932,-1.3824866238924023,0.580432988016636,0.947080213400871,-1.6601348212019689,1.1091247785168754,-0.0287409612735234,0.0,1.0,0.0,1.0,0.0,0.0,0.0,0.0,0.0,0.0,1.0,0.0,0.0,0.0,485.33,0,2025-10-25 06:00:00
0.0,0.05530039055030851,1.3219805814269754,1.200951172019599,0.2873932496848074,-1.4457573922531242,-0.2503938142061718,-0.03923644895465033,-1.4241443872259343,0.4270385129254944,0.0,1.0,0.0,0.0,0.0,1.0,1.0,0.0,0.0,0.0,0.0,0.0,0.0,0.0,453.15,0,2025-10-25 12:00:00
1.0986122886681098,1.6718632157216522,-0.3553956743332122,-0.7526348692641016,1.5498800161737836,0.6945517565605638,-0.14719153822909387,-1.0304749634785337,-0.44325404338619845,0.5191151743798416,1.0,0.0,0.0,0.0,1.0,0.0,0.0,0.0,0.0,1.0,0.0,0.0,0.0,0.0,560.11,0,2025-10-25 18:00:00
1.0986122886681098,0.28623793700335765,-1.0491843344998206,-0.6212093191847495,0.5810617791759715,-0.49554397254040977,-0.002216912451770991,0.5771848309454275,-0.46380023367609174,0.4535105530936193,0.0,0.0,1.0,0.0,0.0,1.0,0.0,0.0,0.0,0.0,0.0,0.0,1.0,0.0,508.52,0,2025-10-26 00:00:00
0.0,1.4409256692686032,-0.5282741601452227,0.16088488084094762,1.503814364488895,0.044773462198192816,1.1174458753312846,1.5502203009621944,1.753666377610945,-1.0830187349257974,0.0,0.0,1.0,1.0,0.0,0.0,0.0,0.0,0.0,0.0,0.0,1.0,0.0,0.0,541.34,1,2025-10-26 06:00:00
0.6931471805599453,0.9790505763625049,-0.039210022650728135,0.7259025691286084,0.1290425720180026,-1.3199938514087945,0.3360572143619833,0.15851480728175046,0.5832945010977458,-1.003602614421423,0.0,0.0,1.0,0.0,0.0,1.0,0.0,1.0,0.0,0.0,0.0,0.0,0.0,0.0,539.9,0,2025-10-26 12:00:00
1.0986122886681098,1.4409256692686032,-0.5296389902963689,-0.398059687279184,1.781647826213379,0.16355013966228168,-1.0096677017518132,0.41335743038137995,0.33674021761902223,0.8862708619290502,1.0,0.0,0.0,0.0,1.0,0.0,0.0,1.0,0.0,0.0,0.0,0.0,0.0,0.0,513.41,0,2025-10-26 18:00:00
1.0986122886681098,-0.6375122488088388,0.4744210575644236,0.6862011008754709,0.21109701408171022,1.0066316542113092,1.6244475327107366,0.6334487866946963,-0.9858256610415372,-0.754995628494686,1.0,0.0,0.0,1.0,0.0,0.0,0.0,0.0,0.0,0.0,0.0,0.0,1.0,0.0,508.43,0,2025-10-27 00:00:00
1.0986122886681098,1.6718632157216522,-0.33810782575201165,-0.39532165498586325,-0.0033961765760520558,-0.8099528246512349,-0.25776540534739134,1.5444284231644756,-0.6053406556731367,0.6572301665613617,0.0,1.0,0.0,1.0,0.0,0.0,0.0,0.0,0.0,0.0,0.0,0.0,0.0,1.0,573.63,0,2025-10-27 06:00:00
0.6931471805599453,-0.8684497952618879,-0.9120441789419353,-0.5869839155182524,-1.699187979226011,-0.6003469232440171,-0.418302279089512,-1.5533987875011501,0.6806986624720563,0.011542578112753084,1.0,0.0,0.0,1.0,0.0,0.0,0.0,0.0,0.0,0.0,0.0,0.0,1.0,0.0,497.08,0,2025-10-27 12:00:00
0.0,-0.1756371559027406,2.3162846211703014,-0.0010199822602967896,-0.24524084792171646,0.5128933086743092,-2.751001342444407,-0.6084952953590175,0.6494988920318473,0.879365112319974,0.0,1.0,0.0,0.0,0.0,1.0,1.0,0.0,0.0,0.0,0.0,0.0,0.0,0.0,512.68,0,2025-10-27 18:00:00
