registro_id,data_registro,linha_producao,turno,maquina,idade_maquina_anos,temperatura_valor,unidade_temperatura,pressao_valor,unidade_pressao,vibracao_motor_mm_s,velocidade_esteira_m_min,umidade_pct,tamanho_lote,tempo_setup_min,paradas_nao_planejadas,taxa_defeitos_pct,energia_sensor_b_kwh,codigo_campanha,ruido_aleatorio,consumo_energia_kwh,falha_24h
REG-00000,2025-01-01 00:00:00,L-C,Tarde,M05,10,764.04,C,5.925,bar,2.826,42.87,60.76,1958,34.68,3,2.044,550.54,C99,-1.0691204379907002,540.04,1
REG-00001,01/01/2025 06:00,Linha B,tarde,M05,13,784.92,C,88.796,psi,3.252,36.85,25.79,3569,48.07,2,2.443,584.19,X00,0.25709640070502887,576.34,0
REG-00002,01-01-2025 12:00,Linha C,N,M02,10,751.23,C,5.337,bar,3.003,40.38,79.18,2014,26.37,0,2.15,484.3,X00,-1.518390053038153,477.44,0
REG-00003,2025-01-01 18:00:00,linha b,noite,M07,9,792.82,C,6.539,bar,"2,538",35.66,61.34,2943,49.33,0,1.956,541.6,X00,-0.09408301957142737,521.25,0
REG-00004,02/01/2025 00:00,linha_A,M,M06,8,1367.43,F,57.961,psi,2.431,44.73,63.36,2728,21.74,1,2.022,443.83,B07,1.095612037126704,443.24,0
REG-00005,01-02-2025 06:00,linha c,manha,M07,4,743.73,C,4.695,bar,2.788,42.75,53.28,2411,41.74,0,1.938,497.17,C99,0.5475538789942053,483.53,0
REG-00006,2025-01-02 12:00:00,Linha C,TARDE,M04,5,750.38,C,5.194,bar,3.37,34.59,32.74,1329,24.78,1,1.989,480.89,A12,-1.2339500495908844,471.29,0
REG-00007,02/01/2025 18:00,C,T,M08,12,727.46,C,4.399,bar,2.518,43.58,63.1,3220,44.82,1,3.672,468.02,C99,-1.898386382837097,467.86,0
REG-00008,01-03-2025 00:00,L-A,manha,M04,2,738.43,C,4.939,bar,1.193,41.75,48.22,4958,44.65,2,3.209,548.14,C99,0.496944580460768,548.53,0
REG-00009,2025-01-03 06:00:00,B,Tarde,M07,2,-50.0,C,7.522,bar,1.329,44.32,61.53,3502,65.05,0,2.57,545.62,X00,1.5811987953584126,550.96,0
REG-00010,03/01/2025 12:00,Linha A,Noturno,M02,6,769.93,C,5.685,bar,,40.24,52.37,3932,29.26,0,0.836,479.53,A12,-0.9639460368701671,468.62,0
REG-00011,01-03-2025 18:00,,Noturno,M02,12,727.18,C,4.145,bar,3.463,38.39,57.86,4174,47.6,1,3.238,532.46,X00,2.0974040781763614,"525,09",0
REG-00012,2025-01-04 00:00:00,linha_B,T,M05,10,,C,80.669,psi,3.066,38.53,45.7,960,38.31,2,3.722,490.13,C99,-0.006493288169000422,489.39,0
REG-00013,04/01/2025 06:00,linha_C,Tarde,M05,9,753.98,C,5.205,bar,2.747,39.58,65.37,4129,35.36,0,1.27,542.27,A12,-1.958693533674366,549.04,0
REG-00014,01-04-2025 12:00,linha_B,Manhã,M06,9,801.1,C,6.678,bar,2.908,42.08,40.74,1818,37.22,0,2.822,508.43,X00,-1.560880356713502,497.51,0
REG-00015,2025-01-04 18:00:00,linha a,Vespertino,M03,2,764.64,C,80.308,psi,1.449,42.67,81.95,3592,47.29,0,1.575,539.37,B07,0.7699491493714125,532.77,0
REG-00016,05/01/2025 00:00,B,Matutino,M07,5,796.53,C,7.38,bar,2.04,41.14,81.86,4932,35.14,1,2.647,547.52,B07,0.12956804083503448,545.05,0
REG-00017,01-05-2025 06:00,linha_A,Vespertino,M03,2,774.33,C,5.146,bar,1.751,40.1,74.59,4555,64.39,1,1.626,522.86,A12,1.4822209657932635,522.73,0
REG-00018,2025-01-05 12:00:00,C,NOITE,M05,12,,C,5.349,bar,,40.42,70.31,2540,54.39,0,2.502,529.14,A12,-1.198124766698186,523.2,1
REG-00019,05/01/2025 18:00,,Matutino,M08,12,748.96,C,,bar,2.537,,53.99,4319,37.28,1,2.515,520.44,A12,0.11849479816377954,509.04,0
REG-00020,01-06-2025 00:00,L-B,manha,M05,4,789.88,C,6.123,bar,1.515,38.53,69.0,3398,35.4,0,2.963,496.18,B07,0.0067610613883565315,491.44,0
REG-00021,2025-01-06 06:00:00,linha_A,M,M06,5,748.97,C,5.484,bar,2.494,39.49,53.85,1359,31.38,1,2.594,446.46,B07,-0.14301452305724197,449.23,0
REG-00022,06/01/2025 12:00,Linha C,NOITE,M08,5,1411.76,F,5.981,bar,2.26,56.82,36.36,1807,50.6,0,2.18,505.04,B07,-0.38260722864699254,498.03,0
REG-00023,01-06-2025 18:00,L-C,Vespertino,M08,14,741.34,C,4.924,bar,"3,595",43.89,73.04,4818,32.13,0,3.897,554.29,C99,-0.36269937553848075,537.86,0
REG-00024,2025-01-07 00:00:00,linha_C,Manhã,M04,8,1375.14,F,4.991,bar,1.712,35.79,140.0,4643,28.51,0,3.09,523.38,X00,0.17464582428037445,515.32,0
REG-00025,07/01/2025 06:00,Linha A,Noturno,M04,12,769.34,C,5.741,bar,2.392,45.79,54.62,4545,42.3,1,3.399,583.99,X00,0.3025810278382157,574.82,0
REG-00026,01-07-2025 12:00,L-B,Vespertino,M02,7,783.23,C,6.16,bar,2.708,37.9,40.3,2413,51.6,2,3.318,586.21,B07,0.25257285010324343,"580,11",0
REG-00027,2025-01-07 18:00:00,Linha A,TARDE,M05,11,1427.51,F,5.931,bar,1.68,46.09,47.97,2147,63.0,0,1.391,471.05,X00,1.2059875089071193,471.1,0
REG-00028,08/01/2025 00:00,linha_A,Noite,M08,8,758.2,C,5.38,bar,3.091,,33.15,4185,61.17,0,2.579,521.91,C99,-1.2012785122887206,521.47,0
REG-00029,01-08-2025 06:00,linha_B,M,M04,5,761.32,C,81.625,psi,,40.02,66.34,884,47.36,0,2.126,421.9,B07,-1.811683534504736,"428,77",0
REG-00030,2025-01-08 12:00:00,Linha B,Manhã,M03,14,1475.42,F,7.021,bar,3.7,49.24,35.76,4569,50.81,0,4.639,592.59,A12,1.0169650543878639,574.52,0
REG-00031,08/01/2025 18:00,C,tarde,M01,11,774.88,C,5.516,bar,2.53,44.55,58.44,3336,57.74,1,1.301,540.44,B07,-0.9435250409089915,528.8,0
REG-00032,01-09-2025 00:00,linha a,Manhã,M04,12,741.3,C,66.303,psi,3.532,46.38,44.88,3457,35.67,1,3.273,507.85,A12,-0.3794758186151776,499.7,0
REG-00033,2025-01-09 06:00:00,linha_A,noite,M02,15,1423.82,F,5.285,bar,,43.96,37.88,2641,30.86,1,2.437,516.11,A12,-0.6120996398827769,506.15,0
REG-00034,09/01/2025 12:00,linha b,M,M08,4,759.63,C,5.792,bar,0.997,40.0,57.86,4913,45.04,0,2.047,543.18,X00,-0.6335123220917724,532.47,0
REG-00035,01-09-2025 18:00,L-A,manha,M05,2,733.68,C,4.798,bar,2.073,44.75,50.99,3948,25.33,1,2.566,461.44,A12,-1.4582640382249243,460.41,0
REG-00036,2025-01-10 00:00:00,Linha A,MANHA,M02,9,1424.5,F,6.085,bar,"1,856",47.44,65.06,1026,45.02,2,2.377,480.8,C99,-0.5695275877347149,476.26,0
REG-00037,10/01/2025 06:00,linha b,TARDE,M01,5,755.33,C,4.859,bar,2.342,42.61,39.79,3003,42.44,0,0.851,498.65,A12,0.6493311122795312,495.02,0
REG-00038,01-10-2025 12:00,linha_A,Manhã,M07,7,771.68,C,6.475,bar,2.317,50.11,45.91,4410,46.38,0,2.289,588.62,C99,-0.0039314396099758234,"560,13",0
REG-00039,2025-01-10 18:00:00,linha b,manha,M08,4,768.45,C,5.54,bar,2.078,45.83,26.35,1121,51.05,0,1.765,498.14,X00,0.5045071285069141,"482,74",0
REG-00040,11/01/2025 00:00,L-B,Noite,M07,6,777.19,C,6.075,bar,1.87,,28.79,3894,52.18,0,2.033,521.3,B07,-0.49608199744484854,512.27,0
REG-00041,01-11-2025 06:00,linha_C,MANHA,M01,6,750.38,C,5.51,bar,2.631,43.13,76.58,1827,44.54,2,3.672,483.86,A12,0.9028459907819298,465.95,0
REG-00042,2025-01-11 12:00:00,linha_B,Tarde,M01,6,796.46,C,6.248,bar,1.628,42.62,80.0,2927,36.9,2,2.573,563.62,A12,-0.5083618753435353,545.52,0
REG-00043,11/01/2025 18:00,Linha A,MANHA,M02,12,740.13,C,68.35,psi,3.619,36.37,56.11,4506,50.69,1,3.2,529.2,X00,-2.108557300525894,532.26,0
REG-00044,01-12-2025 00:00,linha c,Tarde,M07,9,768.92,C,84.561,psi,2.486,41.59,45.11,2867,38.65,1,1.827,490.99,A12,0.31662379292629717,485.49,1
REG-00045,2025-01-12 06:00:00,L-C,M,M07,8,745.04,C,6.051,bar,1.909,43.0,51.42,958,42.24,1,2.457,448.84,B07,0.7673847690286804,442.34,0
REG-00046,12/01/2025 12:00,linha_A,Vespertino,M07,2,,C,5.167,bar,2.478,40.13,65.48,887,68.82,0,3.742,481.41,X00,-0.5592390124192269,469.47,0
REG-00047,01-12-2025 18:00,linha_A,M,M01,9,1385.5,F,5.82,bar,2.64,43.52,48.83,3894,47.99,1,2.18,521.98,C99,1.199206267408414,516.03,0
REG-00048,2025-01-13 00:00:00,L-B,Noturno,M02,3,805.86,C,7.298,bar,2.748,,57.85,4709,44.0,0,2.637,550.97,X00,-0.85069218770483,543.61,0
REG-00049,13/01/2025 06:00,Linha A,noite,M08,5,793.18,C,6.624,bar,2.7,45.48,54.85,2026,32.53,1,4.0,476.85,X00,0.6707268128673335,473.44,0
REG-00050,01-13-2025 12:00,L-A,Manhã,M08,7,767.91,C,5.391,bar,2.051,44.98,48.17,4728,55.64,0,1.387,563.34,C99,1.7447759421571496,546.75,0
REG-00051,2025-01-13 18:00:00,linha a,sem_info,M06,3,733.57,C,73.652,psi,1.852,42.75,48.69,2701,47.72,0,1.476,482.11,X00,0.03673098437154982,486.36,0
REG-00052,14/01/2025 00:00,linha_C,M,M01,6,751.83,C,4.731,bar,2.334,35.85,58.52,1046,51.41,0,1.442,530.12,A12,-0.22648308602302578,525.65,0
REG-00053,01-14-2025 06:00,B,tarde,M01,5,1474.37,F,105.874,psi,2.837,50.06,,3030,43.58,1,2.16,492.14,A12,-0.10567167547406495,499.4,0
REG-00054,2025-01-14 12:00:00,Linha B,MANHA,M01,13,786.06,C,6.352,bar,3.387,41.36,60.42,4889,63.01,2,1.59,605.98,B07,1.628295386951797,605.14,0
REG-00055,14/01/2025 18:00,linha_C,NOITE,M06,13,765.13,C,4.726,bar,3.269,41.64,49.34,1850,65.86,0,1.574,532.17,X00,0.40278257379117727,521.8,0
REG-00056,01-15-2025 00:00,linha_B,NOITE,M07,1,787.54,C,6.207,bar,1.54,40.46,56.53,4834,39.6,0,2.24,514.06,C99,2.1442026772186713,503.81,0
REG-00057,2025-01-15 06:00:00,B,N,M06,10,779.7,C,91.661,psi,2.777,39.8,71.61,3538,45.62,2,3.197,559.28,B07,0.2792513879440206,553.48,0
REG-00058,15/01/2025 12:00,linha_A,Tarde,M03,10,757.05,C,5.329,bar,3.387,48.95,52.98,2463,57.73,1,2.711,566.82,A12,-0.653796659903744,549.59,0
REG-00059,01-15-2025 18:00,Linha A,Noturno,M07,6,728.84,C,4.815,bar,2.282,48.24,66.04,3712,31.35,1,3.294,519.13,X00,-0.58350693521321,500.78,0
REG-00060,2025-01-16 00:00:00,linha b,Matutino,M01,8,779.11,C,5.776,bar,2.362,44.0,33.5,2483,35.98,1,1.489,539.79,X00,0.06160726549294719,532.36,1
REG-00061,16/01/2025 06:00,Linha B,Vespertino,M07,12,,C,5.923,bar,"2,806",41.52,49.36,1157,48.76,1,3.22,466.66,A12,-2.041322615969686,457.79,0
REG-00062,01-16-2025 12:00,linha b,Manhã,M08,6,,C,6.166,bar,2.031,44.79,140.0,4457,21.3,0,3.105,482.64,B07,-0.47498983672062767,479.08,0
REG-00063,2025-01-16 18:00:00,linha c,noite,M06,1,726.92,C,4.519,bar,0.999,42.33,78.08,2370,46.13,0,3.109,519.25,C99,-0.45279783404976814,506.63,0
REG-00064,17/01/2025 00:00,B,sem_info,M08,6,1467.7,F,,bar,1.942,41.14,31.48,3176,30.65,1,3.057,527.9,A12,0.23978975541886646,529.51,0
REG-00065,01-17-2025 06:00,linha b,noite,M05,4,817.98,C,7.669,bar,2.694,,53.85,3926,34.14,0,2.551,561.61,C99,1.9418182204014498,539.16,0
REG-00066,2025-01-17 12:00:00,B,,M04,6,774.41,C,5.635,bar,2.187,40.01,72.48,1148,39.64,0,2.568,513.81,X00,0.05481648840917931,497.23,0
REG-00067,17/01/2025 18:00,linha a,Noite,M03,4,761.89,C,5.666,bar,2.337,43.14,45.58,3830,40.27,0,2.855,465.46,X00,-1.9226590871263654,468.03,0
REG-00068,01-18-2025 00:00,linha a,Tarde,M08,3,773.56,C,5.931,bar,0.775,42.92,52.45,2334,34.48,3,2.386,533.51,X00,-0.9139076498769614,531.84,0
REG-00069,2025-01-18 06:00:00,linha_B,T,M06,15,822.58,C,6.833,bar,3.706,44.71,58.98,3087,52.19,0,3.606,578.29,X00,0.2622878618709137,566.42,0
REG-00070,18/01/2025 12:00,A,noite,M02,2,744.57,C,66.363,psi,1.687,39.21,57.21,2719,36.68,0,2.102,464.22,B07,0.09299475967869714,460.03,0
REG-00071,01-18-2025 18:00,Linha A,TARDE,M08,11,771.66,C,84.904,psi,2.713,45.2,73.79,4066,42.84,2,1.768,622.13,B07,1.6244555223125838,608.65,0
REG-00072,2025-01-19 00:00:00,linha c,Vespertino,M01,11,741.61,C,81.825,psi,3.011,37.92,60.38,1587,38.92,1,2.401,498.44,B07,0.9600772983713738,493.91,0
REG-00073,19/01/2025 06:00,linha_A,tarde,M05,10,758.15,C,,bar,"2,577",39.42,70.93,1252,59.98,0,2.225,470.74,X00,0.9301154737777166,451.77,0
REG-00074,01-19-2025 12:00,Linha A,MANHA,M02,14,754.11,C,4.719,bar,2.364,39.62,50.68,2526,26.55,0,2.077,480.27,C99,-0.21713309215251053,473.1,0
REG-00075,2025-01-19 18:00:00,linha_A,,M06,1,779.25,C,-3.0,psi,2.045,37.18,46.11,1296,33.73,1,2.822,484.58,B07,1.099121036550878,458.34,0
REG-00076,20/01/2025 00:00,linha a,MANHA,M04,5,787.42,C,95.422,psi,2.259,46.57,52.29,1819,35.37,0,2.544,520.59,C99,-0.8959231261972913,508.15,0
REG-00077,01-20-2025 06:00,L-B,Matutino,M04,3,781.07,C,6.098,bar,,37.64,41.09,3561,43.63,2,1.697,550.24,A12,0.9682943092937359,552.75,0
REG-00078,2025-01-20 12:00:00,B,Noturno,M06,9,1425.6,F,6.326,bar,2.235,38.85,60.8,4238,28.35,1,1.592,530.08,B07,-0.2824189031573673,505.8,0
REG-00079,20/01/2025 18:00,L-C,TARDE,M-erro,10,800.87,C,93.083,psi,2.139,47.65,50.37,3712,41.0,1,2.481,583.77,A12,-1.4479934059605262,566.49,0
REG-00080,01-21-2025 00:00,L-B,Vespertino,M04,14,778.3,C,89.513,psi,3.421,39.43,46.94,2134,50.57,1,2.342,558.56,X00,0.5932367006148741,547.31,1
REG-00081,2025-01-21 06:00:00,Linha A,Vespertino,M08,6,757.72,C,5.728,bar,3.006,41.15,60.98,4221,55.04,0,3.224,535.83,A12,1.3975436186143861,522.81,0
REG-00082,21/01/2025 12:00,linha c,T,M04,4,724.05,C,4.265,bar,10.958835408064012,37.45,41.28,2505,43.79,0,4.302,472.99,X00,-0.4066018713159627,475.38,0
REG-00083,01-21-2025 18:00,A,tarde,M02,14,793.13,C,6.345,bar,2.698,45.75,64.25,1560,37.6,2,3.393,517.28,A12,1.5627617502434605,523.86,0
REG-00084,2025-01-22 00:00:00,linha a,NOITE,M01,11,780.43,C,6.122,bar,3.031,45.81,49.26,3976,42.35,0,2.346,525.56,A12,-1.6559409143215462,518.12,0
REG-00085,22/01/2025 06:00,linha a,Noite,M02,12,806.52,C,102.767,psi,3.036,45.33,68.91,2970,60.03,0,2.225,557.87,C99,-1.196793236776362,538.76,0
REG-00086,01-22-2025 12:00,linha_B,Tarde,M06,7,760.99,C,5.525,bar,2.799,44.42,50.29,2356,28.99,2,2.16,514.06,A12,-0.14672604175213805,503.35,0
REG-00087,2025-01-22 18:00:00,linha b,Manhã,M05,7,1470.64,F,7.018,bar,2.683,42.33,62.58,3575,42.46,1,2.343,538.4,A12,-0.37076388592769405,516.97,0
REG-00088,23/01/2025 00:00,Linha A,tarde,M03,6,1416.67,F,5.616,bar,0.936,39.64,57.15,3843,42.09,1,2.911,486.65,B07,-0.6671333860592241,469.05,0
REG-00089,01-23-2025 06:00,B,TARDE,M04,12,1472.92,F,6.25,bar,3.305,38.33,63.93,1739,44.77,1,2.077,529.49,C99,0.13367771881822318,521.51,1
REG-00090,2025-01-23 12:00:00,Linha A,TARDE,M07,4,,F,5.542,bar,1.568,47.8,56.32,1292,72.15,0,2.702,479.07,A12,-0.5285904578303546,462.66,0
REG-00091,23/01/2025 18:00,Linha B,Vespertino,M05,15,812.43,C,99.513,psi,2.81,45.44,35.04,2971,48.05,0,2.678,525.45,A12,-0.3589746638027341,505.69,0
REG-00092,01-24-2025 00:00,linha_B,TARDE,M01,3,800.16,C,6.506,bar,,38.88,67.11,1016,44.0,0,2.724,448.25,B07,0.278425070350371,442.26,0
REG-00093,2025-01-24 06:00:00,linha a,M,M01,7,754.3,C,5.306,bar,2.595,42.18,53.95,3481,34.2,0,2.381,463.72,C99,-0.6675368824713616,458.55,1
REG-00094,24/01/2025 12:00,Linha A,Tarde,M04,5,779.61,C,88.645,psi,1.412,40.65,64.47,2647,47.33,1,2.847,534.01,A12,-0.10601816131897332,525.01,0
REG-00095,01-24-2025 18:00,L-B,,M04,10,1422.0,F,5.731,bar,3.117,36.92,63.28,1700,57.45,0,1.969,493.38,B07,-0.6455390463595895,505.1,0
REG-00096,2025-01-25 00:00:00,A,Manhã,M07,11,1372.23,F,72.969,psi,3.274,-20.0,45.72,3314,41.14,1,3.193,521.66,A12,-1.2056204167600297,511.74,0
REG-00097,25/01/2025 06:00,A,manha,M05,14,746.66,C,5.086,bar,3.341,40.13,44.02,2377,51.14,1,2.152,502.7,B07,0.7637021746737039,489.59,0
REG-00098,01-25-2025 12:00,A,Noite,M07,12,729.65,C,67.453,psi,2.67,37.71,62.86,2431,38.66,4,3.46,528.1,B07,1.7077944408420136,519.15,0
REG-00099,2025-01-25 18:00:00,,TARDE,M05,4,1420.72,F,5.02,bar,1.579,35.34,51.36,1708,26.07,1,2.549,483.3,C99,1.0645719950739163,473.44,0
REG-00100,26/01/2025 00:00,linha_C,Matutino,M03,4,,C,6.292,bar,2.482,34.96,66.24,3639,52.24,0,1.752,535.61,A12,0.33171608186131646,528.04,0
REG-00101,01-26-2025 06:00,Linha B,T,M06,14,773.38,C,5.85,bar,2.64,40.33,52.86,4592,45.15,1,1.601,558.32,X00,-0.6415284427359669,565.81,0
REG-00102,2025-01-26 12:00:00,A,noite,M05,8,769.27,C,5.981,bar,3.019,41.62,67.28,3398,15.64,0,1.672,519.16,A12,-0.28691872418274067,498.39,0
REG-00103,26/01/2025 18:00,linha c,M,M06,2,1360.8,F,4.364,bar,1.686,-20.0,60.08,1794,58.58,1,3.268,501.89,X00,1.0570212604673288,497.37,0
REG-00104,01-27-2025 00:00,L-C,Noturno,M02,13,756.91,C,5.242,bar,3.147,44.93,58.46,0,40.97,0,1.291,482.05,C99,-2.2814867670234147,479.79,0
REG-00105,2025-01-27 06:00:00,B,Noturno,M06,10,,C,80.58,psi,2.031,41.71,,1307,44.04,0,1.004,477.37,B07,-0.3632602243938508,459.61,0
REG-00106,27/01/2025 12:00,linha b,T,M03,1,1418.18,F,6.317,bar,1.564,44.6,57.79,2017,55.89,1,2.22,532.14,B07,0.7341159197442665,516.56,0
REG-00107,01-27-2025 18:00,A,Tarde,M07,12,786.94,C,88.518,psi,3.336,41.18,69.31,947,47.7,0,2.312,483.6,X00,-1.1382803821845036,474.3,1
REG-00108,2025-01-28 00:00:00,linha a,MANHA,M07,10,753.85,C,5.581,bar,2.199,38.46,54.35,4363,45.04,1,0.993,526.6,X00,0.42338828424553665,512.75,0
REG-00109,28/01/2025 06:00,Linha C,noite,M05,10,787.4,C,88.39,psi,3.024,42.51,61.37,988,32.26,3,3.81,510.21,C99,0.37698927076568955,511.77,0
REG-00110,01-28-2025 12:00,linha_B,Vespertino,M08,13,786.83,C,6.147,bar,3.23,36.32,55.56,3094,30.98,0,1.801,560.79,A12,-1.454332430262492,553.14,0
REG-00111,2025-01-28 18:00:00,L-A,N,M05,8,746.33,C,5.004,bar,2.25,44.43,56.5,1604,42.6,1,2.134,493.58,X00,0.08697811014293372,476.08,0
REG-00112,29/01/2025 00:00,L-A,Tarde,M01,7,790.08,C,6.852,bar,2.795,37.78,75.68,1691,47.75,0,2.068,505.81,B07,-0.6174452680015198,503.68,0
REG-00113,01-29-2025 06:00,linha_B,MANHA,M05,10,784.35,C,5.569,bar,1.809,46.13,69.42,3354,50.67,0,1.969,487.87,A12,0.4160986758835331,488.53,0
REG-00114,2025-01-29 12:00:00,linha_A,MANHA,M07,3,768.08,C,76.609,psi,2.046,40.48,55.95,4175,32.82,0,0.989,537.71,X00,0.6697886858912635,529.15,0
REG-00115,29/01/2025 18:00,C,Noturno,M01,3,772.43,C,5.191,bar,2.619,46.78,57.57,874,38.84,1,2.43,506.5,A12,0.3989389337731508,498.21,0
REG-00116,01-30-2025 00:00,L-B,T,M01,13,774.25,C,80.451,psi,3.838,36.95,46.58,1466,28.55,2,2.703,529.02,B07,0.07259232424309639,516.09,0
REG-00117,2025-01-30 06:00:00,B,M,M03,4,1419.28,F,5.537,bar,2.195,38.95,52.92,2004,45.32,0,2.388,516.41,A12,0.28887127242257243,519.64,0
REG-00118,30/01/2025 12:00,linha b,Noturno,M07,8,777.91,C,5.472,bar,2.404,43.71,58.71,4762,46.54,0,1.526,513.27,B07,-1.1760650889160043,525.77,0
REG-00119,01-30-2025 18:00,L-B,Noturno,M05,5,757.77,C,5.176,bar,1.864,47.27,65.21,1044,64.68,0,3.246,503.74,X00,-0.030751783863223487,"489,03",0
REG-00120,2025-01-31 00:00:00,linha_B,tarde,M08,4,781.26,C,5.433,bar,,49.5,63.99,1549,39.89,0,0.736,511.03,A12,-0.7964832467220053,512.02,0
REG-00121,31/01/2025 06:00,,Vespertino,M07,9,810.05,C,6.645,bar,2.915,42.19,41.69,2495,34.49,1,2.262,531.43,A12,1.0315387534870497,528.38,0
REG-00122,01-31-2025 12:00,A,Manhã,M05,13,759.27,C,85.548,psi,2.827,50.27,66.72,2167,49.99,0,3.065,443.69,X00,0.6832381559814402,454.34,0
REG-00123,2025-01-31 18:00:00,linha_A,noite,M06,7,1361.79,F,72.583,psi,2.751,40.7,53.93,1004,39.47,0,2.855,486.84,A12,0.6804013501198701,471.58,0
REG-00124,01/02/2025 00:00,Linha A,MANHA,M03,3,726.99,C,4.575,bar,2.85,46.94,43.16,3068,43.82,0,3.216,491.94,A12,1.7134915557639816,481.91,0
REG-00125,02-01-2025 06:00,Linha B,N,M01,4,810.97,C,,bar,1.992,37.76,71.04,3351,40.12,0,3.411,545.35,C99,-0.329977464800349,534.85,0
REG-00126,2025-02-01 12:00:00,A,TARDE,M04,3,766.37,C,5.154,bar,1.285,43.89,72.56,1543,23.48,1,2.068,475.25,B07,-0.54900735221085,465.83,0
REG-00127,01/02/2025 18:00,linha a,TARDE,M05,14,756.35,C,4.992,bar,2.715,31.46,58.16,3691,32.17,1,2.223,460.78,X00,-0.353602716257443,470.21,1
REG-00128,02-02-2025 00:00,linha_A,manha,M02,5,750.07,C,75.23,psi,2.499,,63.51,1038,44.15,1,1.466,489.36,A12,-1.6022364078382039,489.89,0
REG-00129,2025-02-02 06:00:00,Linha B,M,M02,6,746.41,C,5.396,bar,2.253,44.1,64.21,0,58.8,0,2.723,540.87,C99,-1.5235831208460078,536.44,0
REG-00130,02/02/2025 12:00,A,N,M01,2,788.62,C,6.674,bar,2.155,36.09,71.75,1888,38.35,0,2.789,497.2,X00,0.6211030089681117,495.75,0
REG-00131,02-02-2025 18:00,L-C,tarde,M06,7,748.93,C,5.388,bar,2.17,43.92,63.74,1742,53.16,0,3.063,509.86,C99,-1.3951401309238278,504.46,0
REG-00132,2025-02-03 00:00:00,Linha B,T,M08,14,810.61,C,6.76,bar,3.694,46.08,39.07,1624,63.95,1,4.953,592.48,A12,-1.074912565010059,"581,78",1
REG-00133,03/02/2025 06:00,Linha A,Noturno,M07,7,763.93,C,5.626,bar,2.339,39.74,79.12,4447,46.6,1,1.889,567.89,A12,-0.10171987710496015,551.56,0
REG-00134,02-03-2025 12:00,B,N,M04,10,1484.12,F,,bar,2.47,37.64,67.79,2908,37.23,1,2.221,518.11,A12,-0.41222760273766684,"522,12",0
REG-00135,2025-02-03 18:00:00,linha_A,N,M05,3,767.62,C,5.658,bar,1.71,39.87,48.89,3699,40.94,1,2.952,553.12,X00,0.885652357796067,545.02,1
REG-00136,04/02/2025 00:00,,MANHA,M08,3,758.36,C,6.164,bar,1.351,37.65,42.64,1656,53.08,0,1.02,554.01,A12,0.06046130500149494,540.21,0
REG-00137,02-04-2025 06:00,,tarde,M05,11,,C,6.052,bar,3.825,41.54,61.06,1037,54.56,0,3.481,528.28,A12,-0.7984686791721995,527.75,1
REG-00138,2025-02-04 12:00:00,linha_C,NOITE,M03,1,762.22,C,5.484,bar,1.587,42.46,51.66,960,45.18,0,1.418,477.84,B07,0.9716330097430793,472.3,0
REG-00139,04/02/2025 18:00,L-A,TARDE,M03,7,774.26,C,6.352,bar,2.7,40.62,58.96,2651,37.85,0,1.607,518.72,B07,0.7287913848387821,507.38,0
REG-00140,02-05-2025 00:00,L-B,manha,M06,5,768.81,C,5.251,bar,1.908,49.53,63.92,2171,38.57,1,2.288,505.97,A12,-1.4109834375738992,498.4,0
REG-00141,2025-02-05 06:00:00,linha b,Noite,M04,1,1499.86,F,6.939,bar,1.157,38.76,48.2,4024,34.78,1,3.558,541.9,B07,0.2522666446600327,528.58,0
REG-00142,05/02/2025 12:00,linha c,TARDE,M07,8,1363.42,F,4.705,bar,2.435,48.26,41.61,4111,43.98,1,2.866,581.69,X00,-0.7150767895851483,572.35,0
REG-00143,02-05-2025 18:00,B,T,M07,15,786.08,C,6.204,bar,3.946,37.31,59.63,2105,67.02,2,2.514,557.8,A12,-0.7414377928001679,552.01,1
REG-00144,2025-02-06 00:00:00,linha b,Noite,M01,2,781.27,C,5.579,bar,1.526,42.33,48.6,2620,9.23,2,2.188,497.41,X00,1.8695146613125098,499.3,0
REG-00145,06/02/2025 06:00,A,Vespertino,M06,13,775.24,C,6.166,bar,2.798,47.32,56.75,2402,50.97,3,1.805,561.76,C99,0.124271388451788,551.51,0
REG-00146,02-06-2025 12:00,linha_A,Vespertino,M03,9,760.27,C,5.741,bar,2.74,47.09,38.88,3635,44.85,1,1.747,506.34,B07,-0.2175384885139468,498.07,0
REG-00147,2025-02-06 18:00:00,L-B,TARDE,M05,11,791.67,C,6.628,bar,3.155,40.11,51.97,3444,31.74,0,2.625,504.61,C99,0.0849512252956204,504.98,0
REG-00148,07/02/2025 00:00,linha_B,tarde,M03,2,782.96,C,5.884,bar,2.499,44.5,63.58,3534,45.46,0,3.42,519.45,B07,0.8742402628292937,507.18,0
REG-00149,02-07-2025 06:00,A,M,M03,14,1339.74,F,4.526,bar,3.479,,,1033,43.11,1,3.196,511.48,A12,-0.701604475953444,493.93,0
REG-00150,2025-02-07 12:00:00,,N,M03,1,751.17,C,4.92,bar,1.92,39.57,45.54,2219,31.92,1,0.616,483.1,A12,-0.5308499694410018,481.16,0
REG-00151,07/02/2025 18:00,C,N,M01,14,731.19,C,4.519,bar,3.644,44.77,40.98,4861,73.99,1,4.26,563.94,A12,0.6566714581463277,561.34,0
REG-00152,02-08-2025 00:00,L-A,Matutino,M07,10,723.78,C,,bar,2.281,50.38,55.19,2235,59.12,1,3.377,550.99,C99,-1.516389290490369,548.87,0
REG-00153,2025-02-08 06:00:00,L-B,M,M02,6,775.46,C,5.997,bar,1.847,44.12,61.73,1532,49.09,0,1.775,507.25,A12,0.9907718409092912,512.99,0
REG-00154,08/02/2025 12:00,linha_A,NOITE,M04,1,771.78,C,5.438,bar,,44.55,59.86,1638,40.77,0,1.431,528.61,A12,-1.6051797348235601,505.0,0
REG-00155,02-08-2025 18:00,linha_B,Matutino,M02,10,782.48,C,90.468,psi,2.201,45.02,48.85,912,45.02,0,1.449,488.03,A12,-0.24576680857540925,484.35,0
REG-00156,2025-02-09 00:00:00,Linha A,Vespertino,M02,2,778.21,C,80.832,psi,2.118,35.43,58.57,4079,61.39,0,3.319,544.86,A12,-1.5988328731673391,543.58,0
REG-00157,09/02/2025 06:00,L-B,T,M03,10,751.21,C,4.817,bar,2.931,44.07,73.03,822,56.63,1,2.32,513.46,X00,-1.056251661934343,514.75,0
REG-00158,02-09-2025 12:00,L-B,NOITE,M08,12,1393.7,F,5.031,bar,3.096,37.42,57.46,3303,40.41,0,0.831,494.68,A12,1.2976668586049531,490.43,0
REG-00159,2025-02-09 18:00:00,L-C,M,M08,5,778.52,C,5.9,bar,"0,983",39.35,35.4,2478,24.2,1,2.323,480.77,C99,1.0444578738347208,479.15,0
REG-00160,10/02/2025 00:00,Linha A,tarde,M04,4,749.15,C,5.502,bar,2.945,51.73,57.44,1197,46.6,2,3.326,523.78,B07,1.1513222997781045,504.71,0
REG-00161,02-10-2025 06:00,C,Tarde,M05,4,767.0,C,85.751,psi,-1,40.86,79.53,4513,39.13,2,1.919,509.7,A12,-1.4489882835384054,"512,01",0
REG-00162,2025-02-10 12:00:00,linha_A,Vespertino,M08,4,1392.14,F,5.552,bar,2.943,38.67,39.55,3916,22.65,0,1.383,487.15,B07,-1.051056158201663,492.08,0
REG-00163,10/02/2025 18:00,linha_A,M,M02,2,756.43,C,5.008,bar,1.108,47.19,55.36,4243,42.54,0,1.106,508.33,A12,0.33987256883113187,"496,47",0
REG-00164,02-11-2025 00:00,,tarde,M08,4,774.6,C,5.749,bar,1.654,37.74,52.28,4733,36.57,0,1.194,518.02,B07,0.7153174901793481,511.21,0
REG-00165,2025-02-11 06:00:00,,tarde,M01,10,778.11,C,6.138,bar,12.372503638617864,39.99,,4630,53.37,1,3.144,571.18,X00,-0.7995136850986247,564.49,1
REG-00166,11/02/2025 12:00,linha_C,M,M02,5,745.46,C,4.844,bar,"2,313",47.62,57.33,3742,46.3,0,2.134,549.95,C99,-0.5789213825439219,537.42,0
REG-00167,02-11-2025 18:00,linha_C,M,M03,12,734.93,C,4.65,bar,2.564,42.19,68.68,3041,42.1,0,1.404,481.28,X00,-1.1313476460586354,473.09,0
REG-00168,2025-02-12 00:00:00,linha a,manha,M01,13,736.1,C,71.611,psi,2.707,34.97,56.02,3727,58.19,0,2.868,527.48,C99,1.658245290581541,520.06,0
REG-00169,12/02/2025 06:00,linha_C,Vespertino,M07,12,760.82,C,5.403,bar,2.442,44.45,70.33,2684,43.43,0,1.745,475.55,X00,-0.47495579905351665,479.6,0
REG-00170,02-12-2025 12:00,linha_A,Matutino,M07,9,733.17,C,4.774,bar,3.02,40.22,53.59,1561,40.61,0,2.518,446.25,A12,0.031292303612764895,452.8,0
REG-00171,2025-02-12 18:00:00,Linha B,sem_info,M04,5,788.69,C,6.918,bar,2.47,48.93,50.8,2420,34.61,1,1.735,496.88,A12,0.0836446022226273,495.06,1
REG-00172,13/02/2025 00:00,Linha A,Vespertino,M07,14,815.28,C,7.098,bar,4.135,39.27,,2761,65.37,0,3.202,555.14,B07,1.1056204534738094,"555,48",1
REG-00173,02-13-2025 06:00,Linha C,NOITE,M07,4,775.3,C,6.372,bar,1.711,46.73,33.19,994,36.43,0,2.621,486.61,C99,-0.9524665646324091,477.3,0
REG-00174,2025-02-13 12:00:00,Linha A,,M07,7,775.93,C,6.174,bar,2.508,49.99,58.31,4359,229.78289955402167,1,2.179,567.5,X00,1.1682608342261538,573.29,0
REG-00175,13/02/2025 18:00,L-A,Manhã,M07,7,753.46,C,69.477,psi,1.83,38.17,79.65,4619,64.8,3,2.599,569.87,A12,-1.2787207156216913,564.97,0
REG-00176,02-14-2025 00:00,linha b,T,M05,12,1383.98,F,4.847,bar,2.909,41.13,60.5,2563,40.54,1,2.45,537.93,A12,1.1657202577777237,531.34,0
REG-00177,2025-02-14 06:00:00,L-C,NOITE,M01,9,727.2,C,4.224,bar,2.437,43.75,63.24,2883,10.75,1,3.172,482.34,X00,-1.7152995851047468,475.52,0
REG-00178,14/02/2025 12:00,Linha C,Vespertino,M08,12,1434.36,F,5.774,bar,3.269,38.14,50.04,4332,61.93,1,2.108,563.95,C99,-0.10455565186810466,552.47,1
REG-00179,02-14-2025 18:00,L-B,Vespertino,M05,14,771.78,C,84.44,psi,3.778,43.22,52.07,2711,47.7,0,2.13,549.04,B07,1.6254372217028938,543.5,0
REG-00180,2025-02-15 00:00:00,,,M08,6,,C,5.218,bar,2.726,40.99,66.82,3690,31.81,0,3.166,502.39,A12,0.6972561082456549,500.23,0
REG-00181,15/02/2025 06:00,linha_C,M,M08,14,740.02,C,77.448,psi,2.941,40.9,79.1,2963,44.74,2,3.79,544.24,C99,0.4212422886412489,"526,39",1
REG-00182,02-15-2025 12:00,linha b,T,M02,3,,C,5.814,bar,2.339,42.22,72.86,1938,33.62,0,0.71,486.83,X00,-1.0484151416241725,482.16,0
REG-00183,2025-02-15 18:00:00,A,Noite,M04,14,1365.65,F,69.206,psi,3.3,42.32,64.66,4135,67.37,1,2.653,583.72,A12,-0.7348012441683575,563.91,0
REG-00184,16/02/2025 00:00,C,N,M02,3,750.09,C,4.474,bar,1.744,42.74,55.42,1609,40.52,0,2.609,480.57,A12,1.3443958210311588,476.03,0
REG-00185,02-16-2025 06:00,linha b,MANHA,M01,13,756.95,C,5.433,bar,2.871,39.31,57.52,1742,66.0,0,3.255,528.2,X00,0.47233949125698094,520.52,0
REG-00186,2025-02-16 12:00:00,L-A,Noturno,M08,6,749.66,C,,psi,,39.5,45.96,3703,48.13,1,3.404,525.47,X00,0.8902492470005642,518.79,0
REG-00187,16/02/2025 18:00,A,,M08,15,1365.69,F,4.992,bar,4.234,41.47,37.62,3781,49.29,3,2.873,534.84,A12,0.07379381248074093,525.11,0
REG-00188,02-17-2025 00:00,linha_B,Noite,M08,2,790.4,C,7.149,bar,1.898,41.8,41.48,4808,32.72,0,3.282,541.24,C99,-0.2817314840134854,536.55,0
REG-00189,2025-02-17 06:00:00,Linha A,MANHA,M08,7,750.82,C,5.659,bar,2.489,40.03,55.6,3785,50.14,1,2.157,536.83,X00,0.7666616304754316,528.14,0
REG-00190,17/02/2025 12:00,linha c,N,M06,14,1378.01,F,78.442,psi,3.202,43.46,51.5,903,61.65,1,3.248,549.53,A12,0.2593530344559697,529.35,0
REG-00191,02-17-2025 18:00,A,Noite,M05,1,773.75,C,5.576,bar,2.731,33.83,37.37,4368,48.16,0,2.455,560.83,A12,-0.16996000108804354,544.27,0
REG-00192,2025-02-18 00:00:00,A,MANHA,M08,4,752.44,C,5.094,bar,2.607,38.71,54.55,2538,36.66,0,1.1,490.55,A12,-1.4140070565414014,474.98,0
REG-00193,18/02/2025 06:00,linha_C,Manhã,M05,2,737.99,C,4.807,bar,1.436,40.74,51.18,836,39.5,0,2.83,467.45,X00,0.9539082973195758,471.11,0
REG-00194,02-18-2025 12:00,L-A,Noite,M06,5,771.47,C,5.573,bar,2.027,38.15,40.93,3231,48.01,1,2.55,528.06,X00,0.44002631163938394,529.56,0
REG-00195,2025-02-18 18:00:00,Linha A,Matutino,M02,6,767.03,C,5.886,bar,2.184,49.33,50.56,1515,37.59,0,1.557,485.33,A12,-0.6062620491478531,476.44,0
REG-00196,19/02/2025 00:00,B,T,M06,10,783.35,C,6.325,bar,2.866,42.08,51.15,2547,33.38,0,2.123,503.16,A12,1.179252734128051,489.65,0
REG-00197,02-19-2025 06:00,linha_C,noite,M07,4,752.45,C,4.893,bar,1.704,42.8,47.6,2778,30.12,0,0.839,510.08,C99,0.2438124990666245,"506,63",0
REG-00198,2025-02-19 12:00:00,linha_A,TARDE,M06,3,753.93,C,5.737,bar,2.087,39.83,66.12,1111,35.71,0,2.366,445.64,X00,0.2633988390950769,"444,56",0
REG-00199,19/02/2025 18:00,linha_A,,M04,3,752.51,C,77.03,psi,2.543,41.93,32.17,4372,46.55,1,2.222,550.83,X00,0.8838955762448353,531.71,0
REG-00200,02-20-2025 00:00,C,TARDE,M02,15,769.84,C,5.19,bar,2.859,36.53,31.17,2943,68.11,1,1.295,538.32,A12,0.6687066203052989,524.96,0
REG-00201,2025-02-20 06:00:00,Linha C,MANHA,M01,15,,C,5.212,bar,,41.24,55.04,4853,36.73,0,1.947,552.72,B07,0.293674479130845,536.21,0
REG-00202,20/02/2025 12:00,linha b,noite,M06,4,789.2,C,6.474,bar,1.803,37.78,56.15,2752,32.63,0,2.455,480.0,A12,-0.18858505354499697,476.38,0
REG-00203,02-20-2025 18:00,linha_A,Manhã,M06,3,760.06,C,5.842,bar,1.693,40.75,59.85,3298,34.31,1,1.402,496.95,A12,1.9836641542345292,493.71,0
REG-00204,2025-02-21 00:00:00,linha a,MANHA,M07,1,755.83,C,76.244,psi,2.529,30.48,48.53,4211,45.74,1,1.955,539.52,C99,-0.7338008208640142,524.07,0
REG-00205,21/02/2025 06:00,L-A,Matutino,M08,15,1413.56,F,6.016,bar,3.901,36.92,43.98,1690,46.66,4,1.432,564.69,B07,0.74597183899408,558.41,1
REG-00206,02-21-2025 12:00,Linha A,Noturno,M04,11,779.83,C,6.16,bar,3.355,48.59,54.91,4617,43.04,5,3.923,585.42,C99,-0.08385916637232689,581.58,0
REG-00207,2025-02-21 18:00:00,B,M,M07,12,789.4,C,5.922,bar,2.941,45.74,49.7,1575,32.46,3,2.91,468.46,B07,0.45471362746317107,468.74,0
REG-00208,22/02/2025 00:00,linha_A,Noturno,M06,5,761.19,C,73.103,psi,2.021,47.94,,4982,46.8,0,0.864,544.74,C99,1.233423318370273,540.72,0
REG-00209,02-22-2025 06:00,linha b,NOITE,M03,10,805.97,C,7.272,bar,2.147,48.24,51.11,3485,45.06,0,1.212,495.36,C99,-0.31157842696879184,481.14,1
REG-00210,2025-02-22 12:00:00,Linha B,Noturno,M07,1,785.11,C,6.672,bar,1.982,45.03,54.36,2978,28.35,0,2.924,502.57,A12,0.6018363421336642,507.04,0
REG-00211,22/02/2025 18:00,linha b,N,M01,11,792.38,C,95.5,psi,3.151,39.96,84.71,1682,45.09,3,3.482,591.21,A12,0.26555728050977273,577.51,0
REG-00212,02-23-2025 00:00,Linha A,Noturno,M05,9,768.08,C,6.266,bar,3.249,37.33,52.66,3190,59.32,1,2.19,551.19,B07,-0.6413014942783173,548.63,0
REG-00213,2025-02-23 06:00:00,L-C,Noturno,M08,5,1391.8,F,5.733,bar,2.055,47.16,61.67,3122,28.94,2,2.679,543.94,A12,1.258098998719208,537.56,0
REG-00214,23/02/2025 12:00,Linha B,manha,M06,11,759.76,C,5.732,bar,2.866,42.29,62.76,4931,38.1,2,2.68,561.99,A12,0.7111877956738906,554.84,1
REG-00215,02-23-2025 18:00,linha b,N,M08,10,793.62,C,89.775,psi,2.877,53.22,63.78,4306,62.03,1,2.916,616.88,B07,-0.4345499315116685,609.5,0
REG-00216,2025-02-24 00:00:00,A,TARDE,M01,7,819.22,C,7.882,bar,2.811,40.36,58.47,2828,44.31,0,3.35,522.73,B07,1.1035937772380797,517.27,1
REG-00217,24/02/2025 06:00,linha a,tarde,M05,3,,C,83.039,psi,1.228,50.88,57.33,2437,46.64,0,1.339,441.68,B07,-0.8314196500730329,438.65,0
REG-00218,02-24-2025 12:00,L-C,NOITE,M07,1,1386.1,F,5.133,bar,1.961,41.29,56.2,2425,41.02,0,2.24,483.6,A12,-0.02893426288513256,480.96,0
REG-00219,2025-02-24 18:00:00,linha_A,Noite,M06,15,754.97,C,74.189,psi,3.441,48.01,48.09,2389,52.58,0,3.224,565.42,A12,-0.4292238345561155,546.66,0
REG-00220,25/02/2025 00:00,linha_A,Noturno,M08,5,1389.59,F,5.416,bar,1.674,49.64,,857,36.82,1,1.925,486.45,X00,0.7513119890199909,479.06,0
REG-00221,02-25-2025 06:00,L-B,Tarde,M04,5,813.8,C,94.697,psi,1.212,37.4,79.34,951,50.98,0,4.242,483.28,C99,-0.4796833555331328,477.13,0
REG-00222,2025-02-25 12:00:00,linha_B,TARDE,M06,11,773.89,C,6.161,bar,"2,869",39.82,,3955,62.15,1,2.347,576.12,B07,0.758483116961044,572.68,0
REG-00223,25/02/2025 18:00,L-C,Vespertino,M04,4,747.47,C,4.79,bar,2.671,37.35,58.65,1867,52.81,1,2.572,532.99,A12,0.5944601425890348,528.33,0
REG-00224,02-26-2025 00:00,Linha A,TARDE,M07,6,739.43,C,5.012,bar,3.034,36.47,65.27,2527,27.97,0,4.303,470.49,B07,-0.37524914741317256,468.59,0
REG-00225,2025-02-26 06:00:00,linha_C,T,M01,11,1368.25,F,69.449,psi,3.09,45.0,44.57,3732,63.86,4,4.177,668.1,X00,1.8297175914563026,652.19,0
REG-00226,26/02/2025 12:00,A,Manhã,M03,9,724.25,C,4.335,bar,3.553,41.12,51.87,3351,41.5,1,4.664,502.86,X00,-0.7452346497234653,501.37,0
REG-00227,02-26-2025 18:00,Linha B,manha,M-erro,10,784.37,C,5.966,bar,2.781,42.24,66.37,2313,37.94,1,1.858,519.09,X00,-1.4090140860567608,529.12,0
REG-00228,2025-02-27 00:00:00,L-B,,M06,1,831.39,C,7.585,bar,2.059,44.5,72.85,3960,34.17,1,5.478,564.86,A12,0.8560991366686891,"556,06",0
REG-00229,27/02/2025 06:00,linha a,Tarde,M02,7,761.4,C,6.203,bar,2.207,33.64,45.75,1464,53.37,0,1.568,484.73,B07,-2.1494079407874596,479.77,0
REG-00230,02-27-2025 12:00,A,Noturno,M03,8,733.0,C,5.175,bar,2.308,47.79,49.2,2785,51.09,0,2.461,494.76,A12,1.4918168263306393,492.07,0
REG-00231,2025-02-27 18:00:00,L-A,Tarde,M07,10,784.2,C,6.35,bar,,40.43,81.18,1244,43.94,1,0.781,537.14,X00,0.1017538765263665,522.02,0
REG-00232,28/02/2025 00:00,Linha C,M,M03,3,1345.85,F,4.589,bar,"0,963",44.4,,3032,48.65,0,2.956,477.02,A12,-1.426985074805238,"491,52",0
REG-00233,02-28-2025 06:00,B,manha,M02,3,796.39,C,99.889,psi,2.469,,76.88,1199,40.28,0,1.84,512.39,C99,-0.9484645024773715,492.39,0
REG-00234,2025-02-28 12:00:00,Linha C,manha,M01,12,,C,75.901,psi,2.771,48.17,57.48,4754,42.52,1,2.967,517.39,B07,-1.6340886755150135,501.43,0
REG-00235,28/02/2025 18:00,Linha C,N,M02,11,739.63,C,4.598,bar,2.569,41.53,57.95,3568,39.7,1,1.724,528.18,C99,0.38288295270354256,525.33,0
REG-00236,03-01-2025 00:00,linha b,MANHA,M08,13,1417.63,F,5.767,bar,2.659,32.44,51.33,1830,55.52,0,2.993,516.2,X00,-1.326914170992258,512.13,0
REG-00237,2025-03-01 06:00:00,L-C,TARDE,M05,5,769.64,C,5.152,bar,2.058,,66.31,3373,40.01,0,2.049,509.53,B07,0.5020890306959483,498.02,0
REG-00238,01/03/2025 12:00,A,noite,M08,15,758.91,C,84.996,psi,4.244,42.9,71.29,0,36.49,0,4.041,515.16,A12,-0.30482415145357433,"503,36",0
REG-00239,03-01-2025 18:00,Linha A,Noturno,M02,5,754.06,C,6.045,bar,3.092,37.35,42.58,2977,51.17,0,1.416,512.29,C99,-0.47536414021209417,509.72,0
REG-00240,2025-03-02 00:00:00,L-C,M,M03,10,1362.96,F,4.911,bar,2.053,42.66,50.77,1502,41.24,0,3.48,447.05,C99,0.5093459668615934,453.19,0
REG-00241,02/03/2025 06:00,C,manha,M02,3,720.11,C,3.559,bar,1.73,40.38,65.98,2901,57.71,1,1.929,529.85,A12,0.6235113296280919,505.36,0
REG-00242,03-02-2025 12:00,Linha A,MANHA,M04,14,1403.86,F,5.778,bar,2.855,35.96,53.45,1248,34.96,0,1.894,472.66,A12,1.1458028720454552,"458,14",0
REG-00243,2025-03-02 18:00:00,B,M,M05,5,740.84,C,66.844,psi,2.595,45.02,49.08,1443,38.83,0,1.943,521.16,C99,-0.6337783362306186,512.23,0
REG-00244,03/03/2025 00:00,linha b,manha,M07,13,765.01,C,5.418,bar,3.319,39.46,67.11,3252,42.2,0,1.531,539.64,C99,-0.02980946266093038,530.28,0
REG-00245,03-03-2025 06:00,L-C,T,M03,5,,C,87.159,psi,1.864,40.17,,2902,29.29,0,1.302,471.54,A12,-0.6353271325314106,459.68,0
REG-00246,2025-03-03 12:00:00,linha_B,noite,M07,12,786.45,C,6.383,bar,"3,093",39.92,49.6,2033,43.56,0,1.86,560.63,C99,0.16298747554679444,546.51,0
REG-00247,03/03/2025 18:00,linha a,Tarde,M06,7,778.63,C,5.888,bar,2.195,47.56,57.55,1051,64.65,0,1.095,487.17,B07,-0.7782896852701315,496.42,0
REG-00248,03-04-2025 00:00,L-A,T,M03,1,766.83,C,79.445,psi,2.356,41.82,40.5,2578,37.92,0,1.254,493.22,A12,-0.4240967305005177,488.7,0
REG-00249,2025-03-04 06:00:00,Linha B,,M08,3,1461.3,F,6.566,bar,2.136,42.36,44.25,4688,29.1,2,2.838,569.6,C99,-0.41900050977106246,564.77,1
REG-00250,04/03/2025 12:00,B,NOITE,M04,11,797.64,C,6.486,bar,3.231,40.02,56.49,3773,26.26,0,3.764,469.5,C99,0.293360944027211,463.83,0
REG-00251,03-04-2025 18:00,linha_C,T,M02,3,764.03,C,5.233,bar,0.69,44.08,55.38,1043,17.94,1,1.861,444.91,A12,0.002954967234578276,432.26,0
REG-00252,2025-03-05 00:00:00,Linha B,Noite,M08,5,797.7,C,6.514,bar,2.12,48.07,43.4,4739,34.56,0,3.461,506.44,C99,0.5063016057687203,513.07,0
REG-00253,05/03/2025 06:00,linha_A,N,M08,9,776.51,C,6.114,bar,3.607,44.92,46.41,2578,38.2,1,1.453,518.16,A12,-0.10699658214591841,521.14,0
REG-00254,03-05-2025 12:00,Linha A,tarde,M01,4,1400.16,F,5.44,bar,"2,617",45.09,42.22,3218,37.11,0,1.418,507.18,C99,-0.5797526668094674,505.05,0
REG-00255,2025-03-05 18:00:00,B,manha,M08,2,1379.86,F,4.67,bar,0.929,44.73,60.46,802,10.13,1,2.684,424.38,X00,0.19128289725747308,416.89,0
REG-00256,06/03/2025 00:00,Linha C,Manhã,M08,10,750.57,C,5.563,bar,2.659,35.79,31.39,2102,45.9,1,2.432,517.25,X00,-0.9171839433908378,503.05,0
REG-00257,03-06-2025 06:00,Linha A,Tarde,M07,11,777.83,C,73.626,psi,2.389,38.06,42.86,4101,60.53,0,1.346,587.41,B07,0.5691578157793534,565.87,0
REG-00258,2025-03-06 12:00:00,linha a,Noturno,M03,11,782.63,C,,psi,3.7,41.08,32.64,2188,67.67,1,3.395,566.01,B07,-0.28546518796484144,559.9,0
REG-00259,06/03/2025 18:00,B,tarde,M06,15,769.15,C,80.602,psi,3.56,38.73,60.03,1497,30.27,0,1.718,485.05,A12,0.20451940969953508,471.34,0
REG-00260,03-07-2025 00:00,L-A,Noite,M05,2,746.68,C,,bar,1.414,37.21,33.37,1180,27.78,0,1.597,456.38,X00,0.22002400494526173,444.04,0
REG-00261,2025-03-07 06:00:00,linha c,Vespertino,M05,7,764.28,C,5.825,bar,2.425,,55.38,4684,33.15,2,2.106,596.47,B07,1.6015454843855395,583.39,0
REG-00262,07/03/2025 12:00,A,sem_info,M05,4,1388.69,F,82.758,psi,0.847,35.94,74.67,4214,41.55,1,2.019,531.53,X00,0.38158370156277943,523.87,0
REG-00263,03-07-2025 18:00,Linha A,MANHA,M06,14,721.06,C,4.082,bar,,40.85,75.08,984,37.16,1,2.931,456.36,X00,0.07321895306977201,452.76,0
REG-00264,2025-03-08 00:00:00,L-C,Vespertino,M-erro,9,762.75,C,5.788,bar,2.686,41.69,33.33,4685,65.99,0,1.267,519.61,B07,-0.6923708198604551,520.33,0
REG-00265,08/03/2025 06:00,Linha A,N,M06,2,729.66,C,4.658,bar,2.141,38.43,58.58,4247,37.92,0,1.988,466.57,C99,0.8023851549305044,468.59,0
REG-00266,03-08-2025 12:00,linha_A,tarde,M05,11,750.99,C,4.631,bar,2.056,42.36,43.13,2311,46.72,3,2.073,528.78,B07,-0.2702055204125217,518.23,0
REG-00267,2025-03-08 18:00:00,Linha A,MANHA,M01,1,779.33,C,6.745,bar,1.458,40.05,40.68,3557,55.31,0,2.772,535.5,C99,-1.52548014592645,528.02,0
REG-00268,09/03/2025 00:00,L-A,N,M01,5,795.85,C,88.065,psi,2.604,46.91,53.64,1883,40.81,0,2.795,483.73,A12,-0.1950882222613307,479.85,0
REG-00269,03-09-2025 06:00,linha a,M,M08,11,733.12,C,4.84,bar,2.277,41.27,69.74,1848,53.0,0,3.287,508.38,X00,0.19148979436821387,495.62,0
REG-00270,2025-03-09 12:00:00,linha_A,noite,M08,8,757.07,C,5.549,bar,2.643,45.13,62.2,3800,35.59,0,2.199,497.04,A12,-0.8185056976526855,"491,28",0
REG-00271,09/03/2025 18:00,,manha,M05,12,755.77,C,,bar,3.09,42.91,46.42,1650,32.95,3,2.002,492.23,C99,-0.11818030510973446,492.16,0
REG-00272,03-10-2025 00:00,linha_A,M,M02,9,,C,6.139,bar,3.441,35.69,63.46,2291,38.48,0,1.513,518.64,X00,-0.07148283664910232,"513,08",0
REG-00273,2025-03-10 06:00:00,linha_B,Tarde,M07,13,777.13,C,6.303,bar,,41.59,28.08,2302,76.84,1,1.642,609.77,X00,-0.055907894275819284,594.29,1
REG-00274,10/03/2025 12:00,B,TARDE,M02,9,777.42,C,5.476,bar,2.593,36.44,45.96,1431,53.4,2,1.744,499.02,X00,1.2346418697154549,499.71,0
REG-00275,03-10-2025 18:00,A,,M04,1,795.88,C,95.047,psi,2.015,41.51,,4279,39.49,0,2.057,539.84,C99,-1.3115578611847116,530.21,0
REG-00276,2025-03-11 00:00:00,linha a,Vespertino,M03,2,761.25,C,,bar,1.163,38.65,55.94,3630,25.68,1,2.438,454.92,X00,2.033802459185564,448.64,0
REG-00277,11/03/2025 06:00,?,Noturno,M01,12,1461.2,F,6.283,bar,2.961,43.72,52.57,4420,60.34,2,3.628,558.67,X00,-0.03283532019120811,"556,41",0
REG-00278,03-11-2025 12:00,C,TARDE,M07,1,729.41,C,4.732,bar,1.425,,53.3,3000,19.91,0,4.294,442.87,B07,0.5802112339524622,"438,63",0
REG-00279,2025-03-11 18:00:00,Linha C,T,M05,6,1387.25,F,5.665,bar,2.217,42.07,52.9,1536,23.4,2,1.628,497.63,C99,0.1278362665378552,502.66,0
REG-00280,12/03/2025 00:00,linha a,Vespertino,M03,1,738.13,C,,bar,2.012,44.58,55.27,1973,29.49,0,3.559,445.55,B07,-1.7260235717651908,438.1,0
REG-00281,03-12-2025 06:00,linha_A,manha,M05,5,736.0,C,73.292,psi,"2,399",46.08,61.48,2284,64.45,1,3.749,505.85,B07,-1.0565776549858756,509.13,1
REG-00282,2025-03-12 12:00:00,linha_A,T,M01,9,783.11,C,6.211,bar,2.333,38.56,56.79,4756,68.57,0,1.971,588.6,X00,-0.5242758796377893,571.45,0
REG-00283,12/03/2025 18:00,Linha A,Manhã,M04,3,1389.38,F,5.011,bar,1.952,42.08,51.59,1797,33.19,0,2.213,468.89,A12,0.9937198181169649,462.69,0
REG-00284,03-13-2025 00:00,L-B,Vespertino,M05,7,1436.46,F,6.017,bar,3.081,42.83,59.82,3710,35.31,1,3.266,511.78,A12,-1.3843211357497143,508.72,0
REG-00285,2025-03-13 06:00:00,linha a,M,M03,15,741.52,C,4.841,bar,"3,076",48.96,64.91,1315,33.32,0,2.522,519.98,A12,-0.8557374270410827,503.15,0
REG-00286,13/03/2025 12:00,L-A,Noturno,M07,2,1398.25,F,5.227,bar,1.825,35.33,48.33,4815,38.34,0,1.614,509.17,A12,0.1648508402782561,509.78,0
REG-00287,03-13-2025 18:00,L-A,tarde,M02,1,773.42,C,6.053,bar,-1,37.9,54.29,3515,38.14,0,1.356,505.32,C99,0.4728564477829363,503.75,0
REG-00288,2025-03-14 00:00:00,linha_B,NOITE,M02,5,1469.65,F,6.743,bar,2.122,54.62,68.94,2608,50.47,1,1.147,515.88,X00,0.442720876831501,522.67,0
REG-00289,14/03/2025 06:00,L-A,TARDE,M05,13,720.75,C,3.766,bar,2.456,40.77,,2252,61.53,1,3.218,540.68,X00,-0.9840051137237156,522.37,0
REG-00290,03-14-2025 12:00,linha_C,manha,M08,7,728.03,C,3.963,bar,3.045,33.49,76.66,2289,41.03,0,2.526,526.84,X00,-1.5979913601913418,504.29,0
REG-00291,2025-03-14 18:00:00,,N,M04,10,765.86,C,5.825,bar,2.452,39.38,38.93,1746,53.67,1,0.897,545.6,X00,0.5390596432130327,550.73,0
REG-00292,15/03/2025 00:00,L-C,tarde,M01,1,,C,73.117,psi,2.092,29.54,50.86,3319,27.79,1,2.293,476.17,B07,1.4331239415397288,475.57,0
REG-00293,03-15-2025 06:00,A,Noite,M08,12,770.26,C,5.914,bar,2.78,43.08,43.6,4437,55.84,1,0.906,594.7,X00,-0.34530161537568577,585.36,0
REG-00294,2025-03-15 12:00:00,linha c,tarde,M04,2,,C,84.09,psi,1.479,45.64,81.26,1813,31.31,0,2.211,477.04,B07,-1.1446864844840328,474.05,0
REG-00295,15/03/2025 18:00,linha c,,M02,11,750.51,C,4.771,bar,3.476,37.9,48.96,3942,53.71,0,2.755,560.9,C99,-0.4298803224648433,552.86,0
REG-00296,03-16-2025 00:00,linha c,N,M05,3,741.52,C,4.451,bar,2.337,39.88,48.99,3177,43.14,1,2.162,512.33,A12,0.3940625733847306,505.68,0
REG-00297,2025-03-16 06:00:00,linha c,tarde,M03,13,751.58,C,5.833,bar,3.284,46.16,50.55,4049,51.43,2,2.495,570.36,X00,-0.2331431567766334,558.72,0
REG-00298,16/03/2025 12:00,linha c,TARDE,M08,5,776.68,C,6.123,bar,2.493,34.12,140.0,4033,50.53,0,1.076,555.23,X00,1.4071936415148125,554.59,0
REG-00299,03-16-2025 18:00,B,,M03,3,772.82,C,5.738,bar,1.76,,51.06,964,19.76,0,2.299,466.24,C99,0.9249707194042877,457.83,0
REG-00300,2025-03-17 00:00:00,linha c,noite,M05,6,749.87,C,70.622,psi,2.276,40.97,53.41,889,29.42,2,2.401,504.78,A12,0.18433806620425153,506.12,0
REG-00301,17/03/2025 06:00,linha a,noite,M05,1,766.3,C,5.51,bar,1.332,38.61,18.0,4643,32.96,1,1.849,527.93,B07,-1.954322899629362,523.38,0
REG-00302,03-17-2025 12:00,L-B,tarde,M02,3,1497.36,F,6.706,bar,2.297,40.68,55.69,1452,21.28,0,3.569,453.75,C99,-0.6922636288411202,460.73,0
REG-00303,2025-03-17 18:00:00,linha b,T,M04,9,1437.07,F,93.216,psi,2.358,36.31,55.21,3213,40.92,2,1.836,487.67,B07,-0.5480223263456659,483.65,0
REG-00304,18/03/2025 00:00,Linha C,N,M01,5,768.26,C,5.476,bar,2.818,42.96,67.46,3962,36.5,2,0.924,505.82,C99,-0.7466159816479937,502.86,0
REG-00305,03-18-2025 06:00,Linha B,TARDE,M06,6,808.18,C,7.328,bar,2.138,41.33,70.71,2915,57.92,1,3.801,558.77,B07,0.19082127186492498,543.07,0
REG-00306,2025-03-18 12:00:00,L-A,NOITE,M07,13,761.85,C,5.415,bar,3.199,44.47,52.75,825,52.31,0,2.386,468.78,X00,0.21144208103522996,462.32,0
REG-00307,18/03/2025 18:00,,T,M08,2,782.21,C,5.801,bar,2.101,42.9,64.79,844,49.75,0,1.727,507.85,A12,-1.6740748681552187,499.38,0
REG-00308,03-19-2025 00:00,L-A,Matutino,M03,6,1380.34,F,5.023,bar,"2,291",42.93,41.78,3612,45.82,0,2.344,486.52,B07,0.8045980620611511,"479,51",0
REG-00309,2025-03-19 06:00:00,Linha A,Noite,M03,3,758.4,C,4.533,bar,1.756,35.49,64.21,4570,32.17,0,2.612,477.94,A12,0.016123706326332008,"487,66",0
REG-00310,19/03/2025 12:00,B,manha,M05,8,788.38,C,91.505,psi,2.526,44.22,48.13,2242,46.2,0,3.126,485.78,C99,0.35764141350861095,494.34,0
REG-00311,03-19-2025 18:00,linha a,Manhã,M06,5,759.16,C,5.415,bar,2.552,40.51,40.78,3084,49.75,0,1.331,543.87,B07,0.7448263348685243,538.34,0
REG-00312,2025-03-20 00:00:00,linha a,Tarde,M08,1,772.24,C,6.156,bar,1.332,41.25,52.77,4721,50.52,0,0.711,532.25,B07,-0.7669697193401658,522.19,0
REG-00313,20/03/2025 06:00,linha_A,Noite,M01,2,742.75,C,4.322,bar,1.703,46.72,71.81,4265,35.81,0,1.357,510.44,A12,1.2589056893158195,504.75,0
REG-00314,03-20-2025 12:00,linha_A,NOITE,M02,13,1374.05,F,5.474,bar,3.195,38.76,57.17,3070,30.83,1,2.373,506.51,X00,-0.14179355708717323,505.84,0
REG-00315,2025-03-20 18:00:00,L-A,Manhã,M03,1,793.58,C,98.549,psi,2.019,48.08,72.96,3553,15.59,1,3.644,521.18,A12,1.5125472265669353,515.38,0
REG-00316,21/03/2025 00:00,A,M,M03,12,751.8,C,5.692,bar,3.015,48.5,46.02,4837,45.48,0,1.668,560.08,X00,-0.8939324352811749,554.38,0
REG-00317,03-21-2025 06:00,B,,M04,14,767.05,C,5.693,bar,4.134,45.39,67.57,4146,23.75,1,1.961,532.74,X00,1.4382466069308903,518.72,0
REG-00318,2025-03-21 12:00:00,linha_A,manha,M07,7,1437.37,F,6.478,bar,2.34,37.59,47.17,2546,64.94,1,1.74,523.71,X00,-0.9039840243675579,510.27,0
REG-00319,21/03/2025 18:00,L-C,M,M01,5,748.07,C,4.627,bar,2.043,32.16,57.7,3710,48.16,1,1.84,521.11,B07,2.5487812866055903,517.77,0
REG-00320,03-22-2025 00:00,C,M,M07,12,753.41,C,5.552,bar,2.983,46.85,57.6,2181,41.77,0,2.101,496.39,C99,-0.9518337633840985,489.45,0
REG-00321,2025-03-22 06:00:00,Linha B,T,M05,15,783.52,C,5.936,bar,2.858,42.5,62.94,4668,39.68,1,1.522,561.81,X00,1.0565867204553927,551.33,1
REG-00322,22/03/2025 12:00,linha_A,Noite,M05,2,757.26,C,4.84,bar,1.293,,58.01,1192,49.74,0,2.53,464.94,A12,-0.3623942236925023,"454,72",0
REG-00323,03-22-2025 18:00,linha_B,Noturno,M06,15,777.95,C,,bar,3.211,47.28,46.13,1747,39.64,2,2.39,561.37,A12,0.7150223836665484,540.05,0
REG-00324,2025-03-23 00:00:00,linha c,N,M01,15,726.11,C,65.053,psi,3.961,38.12,65.56,2253,40.78,1,5.33,506.9,A12,-0.04052506712566763,499.63,0
REG-00325,23/03/2025 06:00,linha b,Manhã,M06,3,771.42,C,5.554,bar,1.875,40.09,75.78,1648,29.41,0,0.903,455.78,X00,-1.0912303753627135,439.84,0
REG-00326,03-23-2025 12:00,linha_C,T,M02,1,,C,5.671,bar,1.412,44.36,47.99,3299,37.57,1,2.861,493.97,A12,-2.7968301573124212,495.82,0
REG-00327,2025-03-23 18:00:00,linha_B,T,M05,11,819.31,C,6.646,bar,3.482,36.99,32.98,3792,55.65,0,4.787,601.48,X00,2.507583296192893,597.62,0
REG-00328,24/03/2025 00:00,B,M,M06,2,774.55,C,75.303,psi,2.458,41.51,60.99,4539,51.71,0,1.546,543.03,X00,0.07302422561501296,551.84,0
REG-00329,03-24-2025 06:00,linha a,MANHA,M05,10,712.98,C,4.57,bar,3.365,46.9,51.03,2905,59.54,1,3.527,561.89,X00,-2.943530077933057,552.39,0
REG-00330,2025-03-24 12:00:00,L-B,Manhã,M03,1,771.31,C,6.156,bar,1.246,42.95,53.43,3409,225.32227874575472,3,1.436,527.07,C99,0.3026086064649067,514.17,0
REG-00331,24/03/2025 18:00,L-A,Matutino,M04,11,804.31,C,93.725,psi,2.707,47.61,61.67,3316,60.45,1,2.446,532.14,C99,0.6895866565298266,544.42,0
REG-00332,03-25-2025 00:00,linha_B,Vespertino,M04,4,801.59,C,6.747,bar,2.836,47.1,49.52,814,31.75,1,3.042,477.48,C99,-0.7150807835139983,468.94,0
REG-00333,2025-03-25 06:00:00,C,Noturno,M01,2,736.4,C,5.149,bar,1.869,42.03,51.77,3775,15.55,0,2.515,479.8,C99,-0.7083545379036053,467.95,0
REG-00334,25/03/2025 12:00,A,MANHA,M06,1,765.64,C,5.816,bar,1.51,31.48,53.8,897,28.15,0,0.401,452.14,X00,-0.019841847039983276,441.15,0
REG-00335,03-25-2025 18:00,Linha B,Tarde,M01,3,772.64,C,5.931,bar,2.213,37.02,72.64,3099,28.92,2,3.613,501.16,B07,1.2025942307621749,503.18,0
REG-00336,2025-03-26 00:00:00,L-A,N,M04,9,738.63,C,5.242,bar,3.123,45.44,55.36,4999,38.22,1,2.623,543.83,X00,0.09996011982302666,529.7,0
REG-00337,26/03/2025 06:00,linha b,noite,M06,2,1426.51,F,5.686,bar,1.503,35.02,40.17,4108,25.89,1,2.006,494.73,B07,1.4632253043424857,487.34,0
REG-00338,03-26-2025 12:00,linha a,,M01,13,764.65,C,,bar,3.289,40.53,40.65,2927,45.07,1,1.525,533.01,A12,1.1312191725302414,520.47,0
REG-00339,2025-03-26 18:00:00,L-C,T,M08,10,1332.14,F,63.277,psi,3.217,43.52,56.67,2139,54.44,1,3.229,541.64,X00,-0.22878477426350974,534.63,0
REG-00340,27/03/2025 00:00,linha a,noite,M04,5,742.32,C,4.874,bar,1.628,48.61,41.45,4316,61.58,0,2.043,511.51,C99,-1.5705237591931707,500.95,0
REG-00341,03-27-2025 06:00,linha c,MANHA,M01,15,743.19,C,4.859,bar,3.456,39.41,36.25,4407,32.3,0,2.663,531.69,A12,-0.22667083879635339,515.09,0
REG-00342,2025-03-27 12:00:00,linha_C,T,M06,10,,C,75.204,psi,2.299,39.1,62.63,2345,31.55,1,2.182,520.71,A12,0.5264824003950203,514.62,0
REG-00343,27/03/2025 18:00,linha_B,Matutino,M05,11,780.11,C,6.115,bar,2.487,41.76,63.21,1252,38.7,0,2.592,481.59,A12,0.0598934763794693,472.23,0
REG-00344,03-28-2025 00:00,C,Vespertino,M06,3,1353.44,F,,psi,1.637,43.58,,3245,47.79,0,2.739,500.06,C99,0.6344248316912947,482.82,0
REG-00345,2025-03-28 06:00:00,linha c,T,M07,11,768.85,C,6.046,bar,3.145,41.31,58.52,3462,45.74,0,2.399,548.84,X00,0.8634199761497202,541.77,0
REG-00346,28/03/2025 12:00,Linha C,MANHA,M04,9,721.69,C,4.009,bar,2.525,,57.26,4723,37.11,2,3.259,508.63,B07,0.5308585534158851,509.98,0
REG-00347,03-28-2025 18:00,L-A,NOITE,M07,15,792.57,C,6.401,bar,3.158,38.4,140.0,4538,61.6,1,3.023,593.81,A12,-0.2753285540523256,579.71,0
REG-00348,2025-03-29 00:00:00,L-B,Manhã,M03,8,742.12,C,70.491,psi,,42.54,62.26,1762,56.08,2,2.399,518.75,X00,0.5198834749920122,499.77,0
REG-00349,29/03/2025 06:00,L-A,MANHA,M05,11,735.33,C,70.856,psi,2.414,44.0,23.73,1861,47.97,1,3.36,472.67,C99,2.235484231528939,455.53,0
REG-00350,03-29-2025 12:00,L-B,manha,M02,6,1436.92,F,5.374,bar,2.473,40.2,52.11,4987,32.41,1,2.389,543.47,C99,-1.4898795606710118,529.8,0
REG-00351,2025-03-29 18:00:00,A,tarde,M05,1,797.96,C,6.951,bar,2.139,45.78,61.21,2172,39.44,1,2.663,471.42,A12,0.48728746689145996,482.92,0
REG-00352,30/03/2025 00:00,L-B,Manhã,M03,2,778.67,C,5.823,bar,1.724,42.67,50.07,2725,34.6,0,1.847,487.25,C99,1.8320032850557326,485.07,0
REG-00353,03-30-2025 06:00,L-B,T,M06,14,796.13,C,7.011,bar,3.229,45.55,55.43,2082,48.91,2,3.059,572.66,B07,-1.1745899960844401,568.8,0
REG-00354,2025-03-30 12:00:00,L-B,manha,M07,12,773.32,C,83.137,psi,3.228,42.87,64.01,2452,43.25,1,2.238,565.88,A12,1.0011000918459154,557.16,0
REG-00355,30/03/2025 18:00,L-B,noite,M07,6,762.52,C,5.559,bar,1.367,43.69,55.97,3169,53.3,1,1.667,548.69,B07,1.134717244566627,527.28,0
REG-00356,03-31-2025 00:00,Linha C,N,M08,11,742.18,C,,psi,3.172,39.15,73.1,2028,51.2,2,2.43,550.62,A12,-1.4768461549088636,551.0,0
REG-00357,2025-03-31 06:00:00,L-C,tarde,M01,1,734.19,C,4.629,bar,3.026,39.16,68.52,2534,48.63,0,3.335,530.56,B07,0.7123617144181911,505.05,0
REG-00358,31/03/2025 12:00,linha_B,T,M02,1,762.98,C,6.023,bar,1.575,-20.0,53.58,2281,52.24,1,2.27,510.75,X00,-0.2713159011611296,"506,21",0
REG-00359,03-31-2025 18:00,B,NOITE,M08,8,788.23,C,6.361,bar,2.486,44.86,52.62,1253,50.11,0,3.562,453.44,X00,-0.060445796509853024,452.78,0
REG-00360,2025-04-01 00:00:00,C,N,M04,10,730.78,C,4.769,bar,3.135,37.4,20.8,4104,40.92,0,2.542,560.73,C99,-0.3249547252196993,545.78,0
REG-00361,01/04/2025 06:00,L-A,T,M01,15,773.75,C,5.937,bar,4.19,42.81,140.0,4543,65.48,3,3.343,608.06,X00,1.3126890914346314,591.79,0
REG-00362,04-01-2025 12:00,A,Noturno,M03,12,1363.22,F,75.184,psi,3.499,31.32,38.76,2866,54.99,1,1.593,575.7,X00,-0.11212102039942726,562.07,0
REG-00363,2025-04-01 18:00:00,A,N,M07,4,768.33,C,79.918,psi,1.05,39.42,57.65,1659,71.04,0,2.197,525.46,A12,-0.463313534650632,523.76,0
REG-00364,02/04/2025 00:00,linha_B,Noturno,M03,13,772.2,C,80.086,psi,3.444,46.32,,3500,54.32,0,1.129,523.9,B07,-0.44637551334220976,512.2,0
REG-00365,04-02-2025 06:00,Linha A,Vespertino,M01,8,793.32,C,6.276,bar,3.697,41.44,63.35,3043,52.97,0,2.305,541.61,B07,-0.34098995588908926,541.75,0
REG-00366,2025-04-02 12:00:00,linha_C,Matutino,M06,13,1379.89,F,5.2,bar,3.47,42.53,71.76,3115,54.09,1,2.826,584.97,C99,-1.0795355199305365,582.61,0
REG-00367,02/04/2025 18:00,Linha B,M,M02,3,1463.44,F,6.48,bar,1.37,28.43,54.68,3298,37.41,0,2.123,543.23,X00,-0.4721340575694767,535.95,0
REG-00368,04-03-2025 00:00,linha a,Vespertino,M03,1,754.4,C,5.581,bar,1.757,40.23,82.36,3815,33.09,0,1.34,483.42,X00,0.11766962470341936,482.73,0
REG-00369,2025-04-03 06:00:00,L-C,Vespertino,M01,1,1394.62,F,5.867,bar,1.054,43.52,57.79,971,39.73,0,1.44,457.25,A12,0.40438141998251104,442.19,0
REG-00370,03/04/2025 12:00,L-C,Tarde,M05,15,1361.01,F,65.393,psi,4.005,44.09,39.28,1217,59.25,0,3.576,503.38,C99,1.2040390578428064,500.5,0
REG-00371,04-03-2025 18:00,linha_A,,M04,2,760.56,C,5.26,bar,1.33,46.33,48.26,1201,51.25,0,1.003,478.17,A12,0.24097889954175689,472.84,0
REG-00372,2025-04-04 00:00:00,linha a,Vespertino,M07,15,1405.91,F,5.096,bar,3.483,41.05,50.53,1449,56.71,0,1.935,529.74,B07,-0.4744697295968686,528.85,0
REG-00373,04/04/2025 06:00,Linha A,Noite,M03,11,749.93,C,5.909,bar,2.544,41.25,62.11,4881,42.65,2,2.021,591.17,B07,-1.0110399938149581,574.26,0
REG-00374,04-04-2025 12:00,linha a,MANHA,M02,3,733.12,C,4.8,bar,1.644,36.01,43.63,3866,34.68,1,3.31,466.26,C99,0.29448688080660185,464.62,0
REG-00375,2025-04-04 18:00:00,A,MANHA,M02,13,1345.2,F,68.96,psi,3.859,41.08,51.42,3590,34.72,2,4.145,553.65,X00,-0.11737078075783812,536.46,0
REG-00376,05/04/2025 00:00,linha c,NOITE,M02,3,708.88,C,3.497,bar,,36.32,53.07,3735,58.53,0,2.179,521.6,X00,-0.0843172440141746,505.47,0
REG-00377,04-05-2025 06:00,linha b,N,M04,3,1403.57,F,5.559,bar,1.638,33.68,,940,32.11,0,2.337,453.93,B07,0.26252951714809775,450.73,0
REG-00378,2025-04-05 12:00:00,linha_A,noite,M01,9,1425.73,F,6.107,bar,2.155,37.12,64.74,1695,57.41,0,1.398,519.06,C99,0.5193890812447299,511.15,0
REG-00379,05/04/2025 18:00,B,noite,M04,5,752.23,C,,psi,1.308,48.79,62.7,4135,44.32,0,2.112,539.27,A12,0.26973522413647033,535.03,0
REG-00380,04-06-2025 00:00,L-B,Noturno,M07,5,756.37,C,,psi,1.587,,69.0,2743,44.64,1,1.265,542.18,A12,-0.17051810324470135,529.87,0
REG-00381,2025-04-06 06:00:00,L-C,MANHA,M07,3,775.24,C,,bar,"1,940",42.99,51.03,2935,37.19,1,2.238,501.85,X00,-0.801381804043432,495.97,0
REG-00382,06/04/2025 12:00,C,T,M06,10,744.54,C,4.705,bar,3.241,39.69,69.43,3951,37.55,1,4.433,522.97,X00,-0.6127847688760355,"518,53",0
REG-00383,04-06-2025 18:00,L-B,Matutino,M08,1,778.78,C,5.706,bar,1.378,33.94,38.63,1115,24.58,0,2.071,441.07,X00,0.8482598251254296,434.18,0
REG-00384,2025-04-07 00:00:00,linha_A,TARDE,M07,4,779.56,C,5.78,bar,2.727,46.21,38.34,4154,60.54,0,1.783,508.04,B07,-0.4235862383967205,513.0,0
REG-00385,07/04/2025 06:00,L-C,Noturno,M06,9,762.93,C,6.15,bar,2.347,32.23,40.43,3659,47.17,3,1.77,567.73,C99,-1.3460427924374614,559.94,1
REG-00386,04-07-2025 12:00,linha b,tarde,M07,8,758.6,C,5.823,bar,2.433,39.5,55.11,2495,58.1,2,0.936,598.67,A12,1.1595746815122325,584.7,0
REG-00387,2025-04-07 18:00:00,L-C,TARDE,M01,11,751.84,C,5.208,bar,2.444,41.75,69.43,2897,64.82,0,2.975,497.62,C99,-0.9423784922308193,489.18,0
REG-00388,08/04/2025 00:00,linha a,M,M07,4,1338.57,F,65.107,psi,2.466,43.04,47.77,1111,34.87,0,3.089,463.25,B07,0.03524710380702231,448.91,0
REG-00389,04-08-2025 06:00,Linha C,MANHA,M03,10,787.03,C,6.025,bar,3.744,38.73,49.28,1660,52.08,2,2.299,542.44,X00,0.49116308520945146,537.4,0
REG-00390,2025-04-08 12:00:00,B,Manhã,M06,12,744.29,C,5.34,bar,2.267,33.73,52.41,1834,49.94,2,1.753,526.74,B07,0.003218375537777873,"522,57",0
REG-00391,08/04/2025 18:00,A,manha,M08,6,1357.05,F,4.651,bar,-1,38.4,61.87,4486,28.31,0,2.521,468.21,C99,-2.4781378957115345,470.1,0
REG-00392,04-09-2025 00:00,B,noite,M04,4,762.27,C,5.477,bar,2.589,38.63,49.27,1273,37.57,2,2.525,469.18,C99,0.39048799660672645,465.45,0
REG-00393,2025-04-09 06:00:00,linha b,Tarde,M01,9,759.06,C,5.685,bar,2.019,38.52,48.6,2023,52.85,0,0.902,490.48,X00,1.3264632501254123,467.74,0
REG-00394,09/04/2025 12:00,linha a,Noturno,M03,9,1449.22,F,90.716,psi,2.925,46.37,38.86,1353,39.81,3,3.6,566.33,A12,0.7865322279998569,555.79,0
REG-00395,04-09-2025 18:00,linha_B,NOITE,M04,2,824.6,C,106.688,psi,2.31,36.54,48.14,1995,33.5,0,3.522,474.87,B07,-2.123993981995468,472.47,0
REG-00396,2025-04-10 00:00:00,linha c,Manhã,M08,9,734.44,C,68.702,psi,2.705,43.35,69.13,844,43.72,2,2.245,478.63,B07,2.127244323002701,479.49,0
REG-00397,10/04/2025 06:00,L-A,manha,M-erro,3,731.23,C,,bar,2.138,42.71,56.09,1945,63.94,0,2.354,545.55,A12,-1.3258515519343088,550.08,0
REG-00398,04-10-2025 12:00,linha b,Noite,M05,9,740.74,C,,bar,"3,462",46.32,46.12,3839,23.79,1,4.097,488.88,X00,-1.0784194596445453,488.2,0
REG-00399,2025-04-10 18:00:00,Linha B,,M08,14,,C,86.488,psi,4.197,41.4,69.83,4023,57.82,1,1.487,589.84,X00,0.7818775935372912,575.14,1
REG-00400,11/04/2025 00:00,Linha A,Noite,M04,9,757.31,C,5.7,bar,,,47.98,2393,42.76,0,1.317,521.37,A12,0.45284145089231687,517.03,0
REG-00401,04-11-2025 06:00,linha c,manha,M04,12,731.28,C,66.258,psi,2.82,41.23,72.04,3765,41.71,1,3.602,539.51,C99,0.08033510523980861,539.09,0
REG-00402,2025-04-11 12:00:00,linha_C,Noite,M07,5,754.98,C,5.102,bar,"1,736",43.95,,3398,37.67,0,2.002,462.19,X00,-0.5694062421964425,462.05,0
REG-00403,11/04/2025 18:00,A,NOITE,M06,14,770.11,C,6.032,bar,3.76,35.24,55.67,4593,59.81,2,1.894,588.68,B07,1.3308567282298165,574.86,0
REG-00404,04-12-2025 00:00,L-C,M,M05,13,748.82,C,5.224,bar,2.573,30.13,37.02,4179,59.29,0,2.772,552.98,C99,-0.039325850181639976,545.45,0
REG-00405,2025-04-12 06:00:00,linha_C,Matutino,M04,14,737.31,C,4.321,bar,3.206,43.7,82.47,1763,54.03,1,3.594,551.97,C99,-1.5658170096245527,548.75,0
REG-00406,12/04/2025 12:00,Linha A,noite,M06,12,743.17,C,4.88,bar,"3,106",43.94,59.65,3272,62.51,1,2.871,533.11,A12,1.2322999499784633,527.66,0
REG-00407,04-12-2025 18:00,Linha C,Manhã,M07,10,1390.97,F,5.321,bar,2.574,44.14,51.11,4102,62.23,0,1.453,558.19,X00,0.21928499296717477,"532,56",0
REG-00408,2025-04-13 00:00:00,linha_A,TARDE,M04,8,768.23,C,5.568,bar,2.666,39.64,66.47,2083,54.4,1,1.482,547.57,X00,1.1150067072879695,529.87,0
REG-00409,13/04/2025 06:00,C,sem_info,M01,14,1421.58,F,6.378,bar,4.474,48.7,63.43,3206,45.25,1,2.893,576.43,B07,0.5725486234558245,556.34,0
REG-00410,04-13-2025 12:00,L-B,manha,M01,13,787.22,C,94.051,psi,3.135,39.93,70.73,2481,56.53,0,1.626,536.71,B07,2.391622746205688,542.58,0
REG-00411,2025-04-13 18:00:00,linha b,NOITE,M02,7,1391.73,F,5.843,bar,2.214,43.89,47.05,2096,49.39,0,2.765,483.28,X00,-0.30997027179222764,477.33,0
REG-00412,14/04/2025 00:00,linha_A,N,M04,2,737.18,C,4.908,bar,2.217,44.68,58.82,1637,27.61,1,3.784,453.81,X00,0.01609324132121902,452.18,0
REG-00413,04-14-2025 06:00,L-C,Vespertino,M05,1,742.4,C,5.0,bar,1.738,49.73,40.77,948,17.37,0,2.126,438.85,A12,0.7198306439597918,428.07,0
REG-00414,2025-04-14 12:00:00,linha a,NOITE,M07,4,,C,4.692,bar,2.668,40.57,63.0,3949,15.53,0,2.555,514.5,B07,-0.30379228580670764,498.55,0
REG-00415,14/04/2025 18:00,L-A,Manhã,M02,1,768.59,C,5.762,bar,"1,704",39.06,54.72,4239,37.04,1,2.576,528.27,C99,0.8026377088302911,517.89,0
REG-00416,04-15-2025 00:00,Linha A,manha,M07,4,1402.38,F,5.544,bar,"1,908",35.26,58.37,3537,43.38,2,3.238,534.87,A12,-2.947413065987675,533.84,0
REG-00417,2025-04-15 06:00:00,linha c,tarde,M06,2,775.79,C,5.495,bar,0.957,48.99,53.24,1812,246.77688747342552,0,2.967,426.42,X00,-0.07278325582567634,425.33,0
REG-00418,15/04/2025 12:00,linha a,Noturno,M01,15,770.14,C,81.443,psi,2.721,43.9,51.99,879,65.55,0,0.558,559.35,A12,-0.10299246866645724,546.19,0
REG-00419,04-15-2025 18:00,L-C,manha,M03,2,1376.16,F,4.99,bar,0.934,44.04,44.58,3453,39.23,2,2.158,531.53,X00,-0.13921521348813812,518.0,0
REG-00420,2025-04-16 00:00:00,L-B,Matutino,M03,10,794.6,C,96.923,psi,2.971,56.03,64.49,1639,63.19,1,3.204,572.93,A12,-0.8769269485084461,563.35,0
REG-00421,16/04/2025 06:00,,T,M08,6,776.46,C,6.155,bar,1.667,43.46,72.88,3105,46.65,1,1.675,532.56,X00,0.9061228385462992,523.67,0
REG-00422,04-16-2025 12:00,linha_A,noite,M08,3,1407.61,F,5.423,bar,2.455,36.14,48.32,4874,25.8,1,2.895,529.53,A12,-0.5044448237719364,521.31,0
REG-00423,2025-04-16 18:00:00,linha_A,Matutino,M07,11,781.65,C,6.314,bar,2.944,41.12,61.64,818,53.7,2,3.65,499.87,C99,0.20027440007198594,490.36,0
REG-00424,17/04/2025 00:00,B,TARDE,M05,15,788.07,C,6.278,bar,"3,340",37.61,60.19,3224,61.04,4,2.569,568.19,B07,-0.03716363971435488,554.15,0
REG-00425,04-17-2025 06:00,,N,M04,12,745.52,C,4.061,bar,2.68,40.22,55.1,4976,42.83,0,2.144,561.92,B07,0.5003642078537972,548.65,0
REG-00426,2025-04-17 12:00:00,,tarde,M03,15,752.92,C,5.118,bar,"3,730",40.19,36.68,2204,35.69,0,1.915,493.55,A12,1.430960798903887,486.07,0
REG-00427,17/04/2025 18:00,C,Matutino,M07,9,755.65,C,5.747,bar,2.308,39.36,39.38,4220,47.0,0,1.691,536.7,C99,0.1951038552133674,529.15,0
REG-00428,04-18-2025 00:00,L-A,M,M01,11,777.27,C,5.429,bar,2.487,35.73,45.63,4278,36.19,2,2.012,521.18,C99,0.8413970263814929,514.16,0
REG-00429,2025-04-18 06:00:00,linha c,TARDE,M03,3,755.09,C,78.206,psi,2.425,49.17,29.33,2843,52.05,1,2.635,505.13,B07,0.14487017183958753,503.81,0
REG-00430,18/04/2025 12:00,Linha C,Tarde,M02,13,779.54,C,96.321,psi,3.35,43.34,71.9,2088,45.71,0,1.744,532.59,B07,-0.5060081939264898,530.97,0
REG-00431,04-18-2025 18:00,L-C,NOITE,M04,12,715.54,C,3.9,bar,2.954,40.99,59.41,3657,70.1,2,1.83,614.74,C99,-0.14155753655994124,601.37,0
REG-00432,2025-04-19 00:00:00,L-B,TARDE,M03,4,785.0,C,6.251,bar,2.309,,54.64,3401,14.31,1,1.197,476.52,C99,-0.28354238142281224,475.1,0
REG-00433,19/04/2025 06:00,linha c,Noite,M02,6,750.28,C,4.752,bar,2.284,44.12,28.72,2801,43.82,0,1.295,520.84,C99,0.5681621319195349,506.73,0
REG-00434,04-19-2025 12:00,L-A,noite,M04,10,749.91,C,5.767,bar,2.972,43.24,33.11,1609,64.15,1,1.887,538.93,A12,0.106652042269184,531.37,0
REG-00435,2025-04-19 18:00:00,A,TARDE,M07,1,810.91,C,6.998,bar,1.262,45.08,54.97,3927,25.52,0,3.238,511.38,C99,-0.7942645825620018,497.37,0
REG-00436,20/04/2025 00:00,A,Tarde,M05,13,766.81,C,5.721,bar,4.122,42.6,78.65,1687,48.69,2,1.729,585.95,B07,-0.22196226411320275,572.27,0
REG-00437,04-20-2025 06:00,Linha B,Noite,M07,5,1424.59,F,92.59,psi,1.889,45.02,46.62,1364,36.16,1,1.075,488.49,B07,-1.5259166990760864,474.63,0
REG-00438,2025-04-20 12:00:00,linha b,MANHA,M08,2,773.47,C,88.989,psi,2.46,45.39,65.37,1082,29.19,0,1.146,489.92,B07,-0.1846031886504178,486.43,0
REG-00439,20/04/2025 18:00,linha b,NOITE,M08,5,744.95,C,4.742,bar,2.065,42.73,49.24,2674,43.94,0,1.421,506.77,B07,0.001305867904248801,496.06,0
REG-00440,04-21-2025 00:00,linha_C,N,M03,13,737.32,C,4.593,bar,3.553,41.01,55.66,1304,35.05,1,2.643,489.55,A12,1.8084482003859388,"476,50",0
REG-00441,2025-04-21 06:00:00,linha_A,Matutino,M08,5,772.7,C,6.054,bar,2.48,48.89,69.58,2209,39.67,0,1.351,515.81,B07,1.3484520608444754,520.42,1
REG-00442,21/04/2025 12:00,linha_B,Vespertino,M08,9,1426.42,F,82.99,psi,3.186,39.85,50.85,1815,51.99,1,2.729,546.82,C99,-1.0340745976463839,525.33,0
REG-00443,04-21-2025 18:00,A,Matutino,M08,13,740.08,C,4.161,bar,2.812,43.76,46.72,2730,48.02,0,1.81,518.61,A12,0.20176941933177958,493.09,0
REG-00444,2025-04-22 00:00:00,linha a,M,M03,1,778.57,C,-3.0,bar,2.114,43.86,72.02,4066,24.2,0,1.725,540.63,X00,0.219310314122081,"525,18",0
REG-00445,22/04/2025 06:00,B,TARDE,M02,12,810.12,C,94.067,psi,3.891,39.26,55.55,2691,61.76,0,3.282,590.06,B07,-0.2304373527647899,"574,99",1
REG-00446,04-22-2025 12:00,L-C,Manhã,M05,5,752.31,C,5.835,bar,2.034,38.36,68.09,3139,49.76,1,2.631,563.66,C99,-0.16668852488121655,550.69,0
REG-00447,2025-04-22 18:00:00,L-B,noite,M08,11,772.81,C,5.946,bar,2.946,40.41,46.78,1400,35.71,0,1.852,392.93,A12,-0.3539497432921963,389.67,0
REG-00448,23/04/2025 00:00,L-A,Noite,M08,3,758.69,C,5.144,bar,1.654,39.79,71.88,1274,23.07,0,2.456,454.93,A12,1.8727084868833057,449.07,0
REG-00449,04-23-2025 06:00,B,NOITE,M05,3,766.53,C,79.064,psi,1.734,35.44,58.28,4901,27.18,0,0.747,523.29,X00,-0.41618425343394433,507.96,0
REG-00450,2025-04-23 12:00:00,L-A,Matutino,M02,12,,C,4.152,bar,3.83,39.07,60.22,3403,55.94,0,3.001,522.21,X00,0.3409371435992682,522.17,0
REG-00451,23/04/2025 18:00,linha_C,manha,M04,13,724.2,C,4.041,bar,"2,738",43.2,56.58,865,53.91,2,2.865,512.03,A12,-2.5290301337291674,512.82,0
REG-00452,04-24-2025 00:00,,Matutino,M06,15,761.88,C,5.912,bar,3.026,47.7,48.93,3173,62.48,2,1.212,576.8,X00,0.8235683833998559,571.41,0
REG-00453,2025-04-24 06:00:00,A,manha,M05,11,736.38,C,5.572,bar,3.655,44.49,54.98,842,44.29,2,3.18,531.01,X00,1.1842548072524361,517.99,0
REG-00454,24/04/2025 12:00,linha_A,noite,M03,7,1354.74,F,5.0,bar,2.691,30.3,49.69,1124,32.3,0,3.848,446.07,A12,-1.0520300291006222,446.3,0
REG-00455,04-24-2025 18:00,linha_A,TARDE,M03,3,771.95,C,5.826,bar,2.844,44.89,66.51,2368,49.63,0,1.291,546.91,A12,-0.5118867500884194,540.61,0
REG-00456,2025-04-25 00:00:00,L-C,MANHA,M01,5,747.22,C,4.965,bar,1.947,39.49,52.56,3557,34.36,1,2.153,526.46,A12,0.4515035201263798,519.52,0
REG-00457,25/04/2025 06:00,linha_B,NOITE,M03,10,811.61,C,97.374,psi,2.857,44.04,37.04,3405,49.24,2,2.603,575.5,X00,0.01946069441244697,574.97,0
REG-00458,04-25-2025 12:00,linha c,Vespertino,M06,6,1371.15,F,5.74,bar,1.983,41.94,34.85,4122,23.6,1,1.335,498.96,X00,0.46636959051922316,510.82,0
REG-00459,2025-04-25 18:00:00,B,M,M02,8,778.33,C,5.984,bar,2.604,41.13,34.28,1554,37.76,0,1.459,504.03,C99,-0.2872410645747687,504.67,0
REG-00460,26/04/2025 00:00,linha b,Manhã,M08,3,778.63,C,6.799,bar,1.092,41.54,62.42,1605,50.71,1,1.782,538.8,B07,1.8632653870515217,528.78,0
REG-00461,04-26-2025 06:00,linha a,tarde,M01,7,1406.18,F,6.091,bar,2.718,41.9,41.18,3039,34.8,2,1.603,533.31,X00,-0.6697401321390095,521.6,0
REG-00462,2025-04-26 12:00:00,L-C,noite,M05,4,-50.0,F,72.848,psi,2.166,48.05,58.6,4448,49.57,0,1.363,561.99,X00,2.6915747130482157,549.79,0
REG-00463,26/04/2025 18:00,L-A,manha,M04,2,768.95,C,5.536,bar,1.734,41.91,56.64,3835,9.43,0,0.485,479.09,X00,1.241923917349136,467.21,0
REG-00464,04-27-2025 00:00,Linha B,NOITE,M07,2,786.89,C,6.073,bar,1.584,46.88,54.22,3611,30.69,0,1.828,540.3,B07,0.8321152873843225,537.25,0
REG-00465,2025-04-27 06:00:00,L-B,Noite,M08,8,776.4,C,5.964,bar,2.137,46.23,60.26,1195,42.54,3,2.61,544.36,C99,-1.0404776343573001,542.94,1
REG-00466,27/04/2025 12:00,Linha B,NOITE,M05,6,774.56,C,5.916,bar,"2,607",45.0,56.9,4487,63.11,1,1.049,569.25,C99,0.9096823836949726,557.88,0
REG-00467,04-27-2025 18:00,Linha C,Manhã,M06,2,718.38,C,76.872,psi,1.233,33.96,22.48,4934,23.37,1,3.003,557.25,A12,0.603938430680615,550.69,0
REG-00468,2025-04-28 00:00:00,,,M06,8,740.49,C,65.815,psi,2.77,47.02,51.12,3245,52.65,0,2.676,479.38,C99,-2.1196104026729263,465.14,0
REG-00469,28/04/2025 06:00,linha b,NOITE,M05,3,769.8,C,5.874,bar,2.824,39.94,60.1,2214,51.28,0,1.256,532.3,C99,-1.404600307221224,521.43,0
REG-00470,04-28-2025 12:00,linha_A,Matutino,M02,1,1354.58,F,4.959,bar,2.298,45.22,74.68,3582,27.54,0,2.797,481.31,C99,0.3576279264154971,464.08,0
REG-00471,2025-04-28 18:00:00,Linha B,T,M04,2,793.92,C,6.517,bar,"1,083",37.62,75.24,3498,32.92,0,1.447,542.6,B07,-0.1332997216658097,538.25,0
REG-00472,29/04/2025 00:00,Linha A,Noturno,M02,7,1444.17,F,6.275,bar,2.168,36.67,38.64,4702,45.1,0,2.806,558.69,C99,-0.5164782095508309,542.02,0
REG-00473,04-29-2025 06:00,L-A,Manhã,M04,15,1361.58,F,4.494,bar,"3,640",50.89,,1265,35.22,2,3.397,496.7,X00,1.0789491944554621,"473,32",0
REG-00474,2025-04-29 12:00:00,linha a,NOITE,M05,4,1414.58,F,5.78,bar,1.988,37.69,36.21,2964,34.34,1,1.768,504.25,C99,-0.8837792884193246,496.37,0
REG-00475,29/04/2025 18:00,L-A,NOITE,M02,5,744.39,C,5.211,bar,1.52,47.16,73.24,3779,237.896006160936,1,3.129,530.44,X00,-0.4552409430160591,518.67,0
REG-00476,04-30-2025 00:00,L-B,NOITE,M02,4,775.51,C,6.08,bar,2.193,42.53,67.15,2265,46.07,0,1.637,491.89,X00,-0.6470297880169557,491.96,0
REG-00477,2025-04-30 06:00:00,Linha B,T,M07,6,1424.43,F,6.107,bar,2.275,40.11,59.21,4329,40.32,0,1.368,529.62,B07,0.5101692578797279,514.74,0
REG-00478,30/04/2025 12:00,B,Noturno,M04,11,791.83,C,6.949,bar,3.791,41.8,56.99,1071,49.56,0,3.942,504.65,C99,-1.719458199821009,488.3,0
REG-00479,04-30-2025 18:00,A,tarde,M02,5,1392.41,F,5.701,bar,2.036,36.15,71.57,1242,47.97,1,3.231,502.62,C99,-0.49767185185040463,499.09,0
REG-00480,2025-05-01 00:00:00,Linha A,noite,M06,10,781.21,C,6.161,bar,3.326,,69.54,4121,56.27,1,2.049,586.11,X00,-1.7227652206626862,572.83,0
REG-00481,01/05/2025 06:00,L-A,,M06,14,758.58,C,73.204,psi,,37.13,68.9,1328,45.12,2,1.99,493.75,B07,-0.3128754752418948,484.24,0
REG-00482,05-01-2025 12:00,linha_B,noite,M07,15,769.31,C,5.569,bar,2.987,40.22,60.48,2557,71.42,0,2.587,514.22,A12,0.7230490097575197,503.54,0
REG-00483,2025-05-01 18:00:00,linha_A,Matutino,M07,9,1350.39,F,,bar,2.995,46.16,50.81,1980,61.6,0,2.793,526.42,C99,0.7408964952471109,512.24,0
REG-00484,02/05/2025 00:00,Linha A,M,M08,11,1399.2,F,5.575,bar,3.418,43.14,64.21,3690,56.33,0,2.492,561.27,C99,-0.7275983327674701,548.89,0
REG-00485,05-02-2025 06:00,Linha A,manha,M05,14,771.11,C,82.179,psi,2.889,35.33,64.79,850,41.68,1,2.544,509.49,C99,0.5333219529159293,503.06,1
REG-00486,2025-05-02 12:00:00,linha_B,Tarde,M03,12,790.92,C,6.1,bar,3.071,45.83,52.71,2298,37.16,2,2.493,550.56,C99,-0.18516342224493876,535.86,0
REG-00487,02/05/2025 18:00,linha a,T,M07,5,1486.94,F,94.755,psi,1.528,41.97,50.79,4941,37.08,1,3.429,596.29,C99,1.3610849730784083,578.71,0
REG-00488,05-03-2025 00:00,L-B,TARDE,M03,2,811.74,C,6.474,bar,1.678,39.56,,2349,38.13,2,3.371,547.69,A12,-0.1299628614739487,543.96,1
REG-00489,2025-05-03 06:00:00,linha b,Tarde,M03,2,780.46,C,6.032,bar,2.137,45.36,74.97,3313,16.18,0,1.189,539.69,X00,-2.9730473622832214,531.72,0
REG-00490,03/05/2025 12:00,linha b,noite,M07,14,1427.5,F,5.444,bar,"3,124",41.25,46.01,4949,57.74,2,1.669,649.94,B07,0.8946810087109731,"654,27",0
REG-00491,05-03-2025 18:00,L-B,Noturno,M08,9,789.45,C,6.033,bar,2.558,36.75,51.84,3351,61.25,3,2.284,557.17,A12,-0.4590991992390889,544.34,1
REG-00492,2025-05-04 00:00:00,linha b,MANHA,M03,5,757.92,C,5.3,bar,1.642,50.32,,3970,47.92,2,2.638,512.16,X00,-0.2741999521494339,494.95,0
REG-00493,04/05/2025 06:00,Linha A,NOITE,M06,6,783.99,C,5.752,bar,"1,988",41.92,60.84,4827,34.09,1,2.958,538.29,X00,0.33592347224050134,532.36,0
REG-00494,05-04-2025 12:00,C,NOITE,M08,5,757.51,C,5.558,bar,2.941,41.63,48.73,3392,31.47,0,2.472,513.85,C99,-1.4247079130747367,505.2,0
REG-00495,2025-05-04 18:00:00,Linha B,T,M07,13,790.62,C,6.678,bar,3.223,40.18,77.6,4294,54.2,0,3.008,558.74,C99,0.07465357487864907,552.22,0
REG-00496,05/05/2025 00:00,Linha B,M,M01,10,785.37,C,6.069,bar,2.349,47.31,60.07,2934,45.16,1,2.622,544.74,A12,0.5344969948855168,539.72,0
REG-00497,05-05-2025 06:00,L-B,N,M06,14,812.01,C,6.907,bar,3.178,39.64,61.38,4219,57.12,0,3.625,565.97,B07,0.36406418946306923,"555,78",0
REG-00498,2025-05-05 12:00:00,A,NOITE,M02,5,766.08,C,85.143,psi,12.57380520489562,,76.11,3496,48.22,0,1.823,497.82,A12,-0.598931251033421,496.64,0
REG-00499,05/05/2025 18:00,B,N,M07,8,778.97,C,5.819,bar,2.084,38.95,49.61,2225,57.7,3,2.682,549.02,B07,0.9919319635212448,542.76,0
REG-00500,05-06-2025 00:00,Linha B,,M01,2,808.16,C,6.671,bar,2.372,47.97,53.94,3144,23.81,0,2.027,486.93,B07,-0.9974959492459441,486.86,0
REG-00501,2025-05-06 06:00:00,Linha C,N,M08,15,1415.15,F,6.171,bar,3.386,45.74,39.96,2206,55.66,1,1.558,564.36,A12,-0.625521632378334,"551,38",0
REG-00502,06/05/2025 12:00,linha c,T,M02,8,750.22,C,80.005,psi,3.391,40.85,52.93,2467,40.24,2,1.911,520.98,C99,-0.13600143552714444,511.4,0
REG-00503,05-06-2025 18:00,linha b,Vespertino,M04,9,786.09,C,6.493,bar,2.627,48.18,37.13,2025,44.62,0,3.067,497.99,C99,0.2954683592718488,494.03,0
REG-00504,2025-05-07 00:00:00,B,T,M02,7,789.52,C,6.709,bar,2.394,45.37,63.97,2862,53.77,0,3.516,546.92,B07,-0.32454331835599154,538.54,0
REG-00505,07/05/2025 06:00,Linha C,Noite,M07,5,757.51,C,4.733,bar,2.438,40.8,60.04,2256,52.68,0,0.244,499.73,X00,1.2285868990015936,494.09,0
REG-00506,05-07-2025 12:00,linha_A,Matutino,M04,15,730.58,C,5.091,bar,2.247,41.25,51.68,3429,69.78,2,4.04,606.44,B07,0.29528621360115204,588.46,0
REG-00507,2025-05-07 18:00:00,linha c,Tarde,M06,8,728.24,C,4.684,bar,2.632,43.48,53.79,2351,49.71,0,2.903,474.84,A12,0.07565796369986828,471.3,0
REG-00508,08/05/2025 00:00,linha_B,Noturno,M01,11,765.03,C,6.005,bar,2.908,38.26,64.14,2862,46.88,0,2.381,498.83,X00,0.2601361591231718,486.45,0
REG-00509,05-08-2025 06:00,A,MANHA,M04,1,1359.74,F,4.965,bar,2.299,42.02,41.37,1388,33.17,0,2.812,462.9,A12,0.7329059309617004,461.61,0
REG-00510,2025-05-08 12:00:00,A,N,M08,5,751.41,C,5.259,bar,2.584,43.39,57.45,2423,20.18,0,3.019,480.87,A12,0.24077489314101702,467.34,0
REG-00511,08/05/2025 18:00,Linha C,tarde,M08,13,1413.36,F,5.626,bar,2.68,34.41,63.39,2294,66.68,2,2.047,552.6,B07,-1.8095168331490818,536.26,0
REG-00512,05-09-2025 00:00,L-A,Noturno,M02,2,759.96,C,5.627,bar,"2,319",41.15,33.61,4836,33.54,0,0.722,561.56,C99,1.0895088640288708,544.71,0
REG-00513,2025-05-09 06:00:00,Linha A,NOITE,M04,2,766.54,C,81.032,psi,1.642,40.64,,2676,43.47,0,1.48,555.02,B07,0.11967520807609801,"535,22",0
REG-00514,09/05/2025 12:00,L-A,Manhã,M04,13,732.96,C,4.993,bar,2.783,46.63,34.91,890,58.75,3,3.461,524.21,X00,0.6848528072217465,514.16,0
REG-00515,05-09-2025 18:00,linha_A,Noturno,M05,5,754.69,C,4.785,bar,2.239,33.7,53.59,2099,26.06,1,1.83,521.42,B07,-0.4059435260331593,503.96,0
REG-00516,2025-05-10 00:00:00,linha a,MANHA,M05,5,765.57,C,5.478,bar,2.059,40.28,41.04,3863,29.92,0,1.98,461.02,X00,-1.8267165460869084,441.41,0
REG-00517,10/05/2025 06:00,linha_B,Vespertino,M01,9,796.71,C,7.317,bar,3.362,39.83,72.17,1494,64.36,1,3.046,569.14,C99,-2.2789096198743364,569.58,0
REG-00518,05-10-2025 12:00,L-A,tarde,M07,3,754.96,C,5.13,bar,"2,043",,41.11,1484,42.09,1,1.555,468.42,A12,-0.9443677893577699,466.26,0
REG-00519,2025-05-10 18:00:00,Linha C,N,M-erro,1,753.91,C,5.234,bar,1.723,41.8,35.2,2368,29.23,0,1.128,481.36,B07,0.5172942368575506,486.04,0
REG-00520,11/05/2025 00:00,linha c,MANHA,M03,1,782.58,C,5.868,bar,2.035,50.08,56.6,2298,34.68,0,1.841,476.43,A12,1.2978909549642772,461.03,0
REG-00521,05-11-2025 06:00,L-A,manha,M07,2,754.68,C,79.162,psi,2.252,44.98,50.04,2819,50.43,1,2.124,514.36,X00,0.3019712252759173,518.65,0
REG-00522,2025-05-11 12:00:00,L-A,Noturno,M06,3,750.52,C,4.958,bar,2.243,40.15,36.94,943,49.81,0,0.635,448.2,C99,-1.0522274093741641,455.61,0
REG-00523,11/05/2025 18:00,Linha B,Vespertino,M04,11,782.87,C,6.121,bar,3.569,43.08,61.31,3827,30.61,0,2.028,505.78,B07,-0.7841241436436474,506.95,0
REG-00524,05-12-2025 00:00,L-A,Tarde,M08,5,769.66,C,6.087,bar,,40.41,31.1,1698,60.61,0,0.265,545.76,C99,1.3607830986511766,551.39,0
REG-00525,2025-05-12 06:00:00,linha_A,Matutino,M04,2,752.28,C,5.024,bar,1.835,45.87,42.57,3787,48.99,0,1.513,520.25,C99,-1.3107808705415498,510.42,0
REG-00526,12/05/2025 12:00,Linha C,tarde,M05,1,755.44,C,5.639,bar,2.188,36.01,48.1,3171,34.37,1,2.793,549.68,C99,2.1017728815143633,550.11,0
REG-00527,05-12-2025 18:00,linha_C,N,M02,8,1337.03,F,4.738,bar,2.499,38.29,64.63,1651,30.3,0,2.069,437.32,B07,1.8760375258246291,444.18,0
REG-00528,2025-05-13 00:00:00,C,Matutino,M02,13,725.67,C,4.839,bar,3.205,44.05,70.55,2772,63.25,0,3.665,562.05,B07,2.1347220698698854,554.07,0
REG-00529,13/05/2025 06:00,L-A,Vespertino,M04,6,1409.56,F,5.709,bar,3.055,47.52,68.23,953,47.92,1,3.858,468.93,B07,0.3807014874844444,461.86,0
REG-00530,05-13-2025 12:00,Linha B,NOITE,M05,1,778.03,C,7.175,bar,2.36,32.09,53.16,3747,18.71,0,2.973,476.58,X00,-0.34152481759849457,484.27,0
REG-00531,2025-05-13 18:00:00,L-B,MANHA,M07,4,762.81,C,86.346,psi,2.016,,25.87,2075,37.02,0,1.67,468.4,B07,0.3563462661515362,"467,10",0
REG-00532,14/05/2025 00:00,A,Noturno,M04,8,759.81,C,5.608,bar,2.336,41.37,59.69,2410,82.11,1,2.402,602.91,B07,0.9085849510519427,594.58,0
REG-00533,05-14-2025 06:00,,Manhã,M08,3,774.1,C,5.616,bar,"2,548",33.52,72.65,1459,38.8,1,1.0,498.59,C99,-0.6507759057903191,494.03,0
REG-00534,2025-05-14 12:00:00,,noite,M05,15,779.01,C,6.036,bar,3.81,28.49,69.81,2332,44.1,0,1.439,466.99,C99,-1.1012032378261611,462.68,0
REG-00535,14/05/2025 18:00,linha a,N,M01,12,761.21,C,6.036,bar,3.202,35.12,60.56,2462,37.3,2,2.187,509.59,X00,-0.2839364940306632,492.76,0
REG-00536,05-15-2025 00:00,Linha B,N,M06,6,788.18,C,6.944,bar,2.135,41.91,40.73,1744,63.47,0,2.59,524.5,A12,-0.7723077775323667,499.83,0
REG-00537,2025-05-15 06:00:00,A,Matutino,M05,15,745.25,C,5.575,bar,3.599,41.7,48.7,4913,63.17,2,3.659,619.04,A12,1.2408864786503602,612.36,1
REG-00538,15/05/2025 12:00,L-A,tarde,M04,5,1432.94,F,6.324,bar,2.14,44.85,78.21,1975,57.89,0,1.567,527.51,B07,-0.616429513729315,530.13,0
REG-00539,05-15-2025 18:00,Linha C,N,M04,3,757.76,C,4.993,bar,1.591,39.53,,1560,41.58,0,1.889,466.54,C99,0.09564146659734256,461.5,0
REG-00540,2025-05-16 00:00:00,linha_C,Manhã,M03,15,758.58,C,5.628,bar,3.508,37.01,41.23,3102,68.05,2,2.499,571.45,X00,0.9830405206078427,561.47,0
REG-00541,16/05/2025 06:00,L-B,Matutino,M05,15,785.84,C,5.841,bar,3.569,40.14,66.31,2139,42.82,2,2.827,553.87,C99,1.2798423103458394,546.11,0
REG-00542,05-16-2025 12:00,linha_C,,M05,5,753.6,C,69.434,psi,1.981,42.15,49.83,2706,42.95,0,1.848,474.99,X00,0.20855928185472122,463.15,0
REG-00543,2025-05-16 18:00:00,C,Noturno,M04,9,749.23,C,76.298,psi,3.077,43.04,40.82,3845,49.24,0,1.696,559.29,A12,0.3842962366132518,533.6,0
REG-00544,17/05/2025 00:00,Linha A,NOITE,M03,3,767.41,C,5.905,bar,2.47,38.45,73.34,1128,55.19,1,1.9,510.09,C99,-1.0169906275034755,516.06,0
REG-00545,05-17-2025 06:00,Linha B,Vespertino,M04,10,805.14,C,7.17,bar,3.236,46.06,60.53,2938,50.83,0,3.351,532.22,X00,1.023056646923904,528.36,0
REG-00546,2025-05-17 12:00:00,A,Noturno,M04,11,751.26,C,78.493,psi,2.806,39.2,50.42,891,40.69,2,2.041,523.22,C99,1.263523242297267,503.34,0
REG-00547,17/05/2025 18:00,A,T,M04,11,756.69,C,81.029,psi,3.27,38.09,41.25,984,48.97,1,2.7,504.4,B07,-1.8703530724191204,501.06,0
REG-00548,05-18-2025 00:00,L-B,Vespertino,M03,9,789.27,C,6.033,bar,2.705,39.56,79.57,1188,25.68,2,3.395,512.51,X00,1.7629458205356219,498.72,0
REG-00549,2025-05-18 06:00:00,L-B,T,M05,11,793.48,C,93.803,psi,2.374,46.84,54.71,1479,20.35,0,2.971,439.75,X00,-0.7006594668703151,428.28,0
REG-00550,18/05/2025 12:00,L-B,Tarde,M02,9,771.17,C,5.307,bar,2.973,41.4,71.77,2267,55.78,0,1.185,543.8,B07,0.5946308881352735,526.01,1
REG-00551,05-18-2025 18:00,A,MANHA,M05,13,753.65,C,4.608,bar,3.256,38.87,65.72,4728,46.1,2,2.524,605.25,C99,0.07756172481588772,581.23,0
REG-00552,2025-05-19 00:00:00,Linha A,noite,M01,3,1402.35,F,5.798,bar,3.057,46.17,48.75,4606,35.46,0,1.225,538.45,X00,-0.060375846110576135,527.87,0
REG-00553,19/05/2025 06:00,C,Noite,M04,8,711.12,C,3.77,bar,3.196,51.64,48.84,1233,54.57,0,3.745,483.75,A12,-0.20651797827686397,490.36,0
REG-00554,05-19-2025 12:00,linha_A,Tarde,M07,7,764.05,C,85.961,psi,2.73,42.94,72.36,4962,60.16,0,0.995,560.01,A12,-0.9925633320235557,"557,26",0
REG-00555,2025-05-19 18:00:00,linha_A,Tarde,M07,9,1409.3,F,87.646,psi,2.782,47.55,72.55,3467,52.21,0,2.518,572.66,C99,0.5238280106479776,546.97,0
REG-00556,20/05/2025 00:00,linha_A,Matutino,M06,3,752.11,C,73.196,psi,1.964,46.66,32.48,3125,61.74,0,2.499,519.67,X00,-0.28604466875568385,523.14,0
REG-00557,05-20-2025 06:00,Linha B,noite,M06,5,806.49,C,7.101,bar,1.698,39.27,61.6,4127,47.03,1,3.879,536.58,A12,-1.3094223213243914,524.74,0
REG-00558,2025-05-20 12:00:00,B,Noturno,M01,15,759.12,C,5.242,bar,2.667,42.12,53.55,2834,56.63,0,2.512,523.47,C99,-1.0350046884490358,535.55,0
REG-00559,20/05/2025 18:00,L-B,N,M03,2,766.16,C,73.08,psi,1.367,36.23,42.6,1914,40.28,1,1.471,445.8,C99,-1.2924462636913838,449.86,0
REG-00560,05-21-2025 00:00,linha a,Manhã,M06,10,707.98,C,3.983,bar,2.779,41.08,58.14,3024,31.57,1,3.435,504.21,X00,-0.5245905503020182,"489,77",0
REG-00561,2025-05-21 06:00:00,A,M,M07,10,746.34,C,4.925,bar,1.853,39.18,38.8,3845,58.47,1,3.492,539.21,X00,0.4850993084323594,530.96,0
REG-00562,21/05/2025 12:00,Linha C,MANHA,M05,8,735.88,C,67.041,psi,2.295,40.19,49.4,3667,15.25,0,2.404,455.6,A12,-0.71111805059888,451.84,0
REG-00563,05-21-2025 18:00,Linha B,manha,M07,1,763.82,C,6.306,bar,1.519,38.63,45.42,1513,29.16,0,0.593,462.42,C99,0.9754415567366225,462.0,0
REG-00564,2025-05-22 00:00:00,Linha B,M,M03,1,792.94,C,5.954,bar,1.533,40.71,49.0,4740,36.48,0,3.183,496.15,C99,-0.11921447941736316,504.55,0
REG-00565,22/05/2025 06:00,linha_B,MANHA,M02,5,788.49,C,6.489,bar,1.852,44.4,54.14,1995,31.52,0,2.423,500.72,B07,-0.2894049218413703,487.85,0
REG-00566,05-22-2025 12:00,linha_C,N,M01,2,752.4,C,4.924,bar,,41.46,42.81,4243,31.98,0,2.995,500.06,A12,0.01676543029606905,"494,90",0
REG-00567,2025-05-22 18:00:00,A,manha,M05,2,748.33,C,79.303,psi,2.536,33.61,73.88,2109,59.47,1,2.389,504.95,B07,1.395154931756322,509.48,0
REG-00568,23/05/2025 00:00,Linha A,sem_info,M06,3,773.47,C,6.009,bar,2.188,38.64,60.92,1066,51.85,0,1.782,525.41,C99,-1.3713386919423076,517.41,0
REG-00569,05-23-2025 06:00,linha b,N,M03,3,780.64,C,90.679,psi,,35.16,76.53,4985,30.37,1,3.236,546.7,C99,1.6563669714191442,534.04,0
REG-00570,2025-05-23 12:00:00,A,Tarde,M07,13,753.27,C,4.967,bar,3.159,43.1,53.08,3272,44.97,0,1.11,528.65,C99,0.960160108924635,522.42,0
REG-00571,23/05/2025 18:00,Linha C,Noturno,M06,10,720.11,C,4.035,bar,2.787,44.26,48.41,1701,31.68,1,2.902,505.95,C99,-0.02165649503739868,497.56,0
REG-00572,05-24-2025 00:00,L-B,tarde,M03,1,778.06,C,6.366,bar,1.284,43.15,76.1,801,44.66,0,1.336,509.13,X00,1.1830256847701135,501.31,0
REG-00573,2025-05-24 06:00:00,linha_C,Noite,M02,10,764.58,C,90.754,psi,,38.46,48.06,1342,44.0,1,0.098,511.57,C99,-0.32247285207431253,509.58,0
REG-00574,24/05/2025 12:00,linha_C,tarde,M06,3,796.98,C,98.299,psi,2.345,43.11,52.86,1513,15.0,1,3.35,467.56,A12,0.2856783753269752,"460,22",0
REG-00575,05-24-2025 18:00,linha_B,TARDE,M06,7,1448.8,F,5.999,bar,2.221,39.88,63.64,4687,44.61,0,1.884,516.76,B07,-0.5414145075417328,503.33,0
REG-00576,2025-05-25 00:00:00,linha_C,Noite,M02,1,1359.0,F,71.581,psi,1.137,36.88,40.15,1543,41.47,0,3.106,480.29,A12,0.9664751638852932,465.03,0
REG-00577,25/05/2025 06:00,Linha B,tarde,M03,2,764.67,C,6.49,bar,1.741,45.34,63.54,1480,48.96,0,1.784,526.3,X00,-0.7072556052356674,512.29,0
REG-00578,05-25-2025 12:00,C,Tarde,M04,2,765.94,C,82.873,psi,,45.68,62.0,4318,36.52,0,1.958,519.75,X00,-0.05136778900174049,517.39,0
REG-00579,2025-05-25 18:00:00,A,tarde,M05,7,1357.23,F,76.852,psi,1.522,46.27,70.23,4492,38.93,1,2.308,455.76,X00,0.679138818325196,444.01,0
REG-00580,26/05/2025 00:00,Linha B,MANHA,M02,7,782.91,C,5.928,bar,2.392,39.26,65.68,1677,67.24,1,1.712,566.51,A12,1.0481896414881822,554.47,0
REG-00581,05-26-2025 06:00,Linha B,N,M08,6,795.72,C,95.099,psi,2.671,47.31,70.6,3531,42.28,0,2.71,545.06,C99,-0.8211550417688822,542.6,0
REG-00582,2025-05-26 12:00:00,A,M,M04,10,762.85,C,5.802,bar,3.003,39.78,53.67,3044,55.63,0,2.43,522.98,A12,0.7531382351203657,518.91,0
REG-00583,26/05/2025 18:00,L-A,M,M04,11,751.05,C,5.37,bar,3.933,44.94,44.65,3222,41.73,1,2.675,559.99,B07,-0.9819850811261792,546.36,0
REG-00584,05-27-2025 00:00,linha c,M,M01,11,753.17,C,72.908,psi,3.493,39.7,80.32,2107,56.48,0,1.84,542.54,B07,-2.150330825608929,523.67,0
REG-00585,2025-05-27 06:00:00,B,Noite,M08,9,784.08,C,5.939,bar,"3,322",40.99,36.68,3955,28.33,0,1.674,485.64,B07,-0.748063647230787,492.74,0
REG-00586,27/05/2025 12:00,Linha A,manha,M02,9,740.99,C,5.276,bar,3.93,31.1,37.88,4500,40.26,2,3.324,603.15,B07,0.8346599760763175,581.31,0
REG-00587,05-27-2025 18:00,Linha A,NOITE,M08,8,796.31,C,7.006,bar,2.881,40.64,,3849,30.1,0,2.368,502.74,B07,-0.012216878977847257,486.13,1
REG-00588,2025-05-28 00:00:00,A,Noite,M04,4,756.67,C,5.929,bar,"2,093",42.41,,4593,32.54,0,1.741,517.66,A12,-0.5349979717561932,508.44,0
REG-00589,28/05/2025 06:00,A,MANHA,M07,8,768.96,C,6.4,bar,"2,978",,57.27,1264,59.61,0,1.672,510.99,X00,0.055478323491008334,505.34,0
REG-00590,05-28-2025 12:00,L-C,noite,M02,1,707.46,C,3.971,bar,1.378,49.9,66.99,3559,28.85,1,3.323,469.66,B07,0.02239967301675527,1241.028,0
REG-00591,2025-05-28 18:00:00,linha_B,MANHA,M02,15,795.98,C,6.47,bar,3.498,36.77,31.05,4997,61.62,3,3.569,629.45,X00,0.6218985488643262,625.2,0
REG-00592,29/05/2025 00:00,Linha A,Manhã,M07,6,781.44,C,6.616,bar,1.989,39.46,49.01,3049,60.41,1,2.583,583.3,A12,-1.611709924425648,576.08,0
REG-00593,05-29-2025 06:00,linha b,noite,M07,12,1438.77,F,6.396,bar,3.239,37.93,,4755,49.07,2,4.005,603.21,X00,-0.10235295683451828,605.92,0
REG-00594,2025-05-29 12:00:00,linha_A,Noite,M05,15,773.06,C,80.465,psi,3.157,39.46,64.36,2263,64.93,1,2.708,552.63,C99,0.12427727154152424,558.19,0
REG-00595,29/05/2025 18:00,Linha A,Manhã,M01,8,765.05,C,76.723,psi,"2,231",46.64,36.43,4565,50.97,0,2.617,522.64,A12,-1.3653701638542566,496.53,0
REG-00596,05-30-2025 00:00,linha_B,tarde,M08,13,774.43,C,6.105,bar,"3,376",48.65,39.67,4742,52.0,2,1.865,559.74,X00,-1.3790824212346355,550.97,0
REG-00597,2025-05-30 06:00:00,linha_B,Manhã,M04,8,782.85,C,6.123,bar,2.478,38.85,61.17,3413,53.6,0,1.004,543.31,C99,-0.3647084189823896,533.67,0
REG-00598,30/05/2025 12:00,Linha C,T,M08,2,741.44,C,4.934,bar,0.893,38.75,67.74,3759,59.48,0,2.314,524.74,C99,0.00852428327012511,517.23,0
REG-00599,05-30-2025 18:00,Linha B,,M07,1,1427.08,F,6.327,bar,0.975,36.79,,2995,28.55,0,2.452,467.35,X00,0.012046025055529607,466.97,0
REG-00600,2025-05-31 00:00:00,L-B,T,M07,3,806.28,C,103.763,psi,,47.88,61.84,2131,27.09,0,3.436,523.36,X00,-0.5563484813432451,518.05,0
REG-00601,31/05/2025 06:00,C,Tarde,M06,15,1424.38,F,6.372,bar,3.053,47.04,61.45,3052,40.79,4,3.359,578.03,A12,-0.597334592967124,568.77,0
REG-00602,05-31-2025 12:00,linha_C,manha,M06,8,730.29,C,3.933,bar,2.726,41.52,52.41,4842,56.53,2,1.275,582.11,B07,-0.3951763214792695,575.05,0
REG-00603,2025-05-31 18:00:00,B,N,M05,5,767.8,C,5.823,bar,2.249,35.72,41.86,862,54.55,0,2.475,510.36,A12,0.2985217613487433,508.75,0
REG-00604,01/06/2025 00:00,L-C,noite,M01,7,739.38,C,5.125,bar,2.889,36.12,61.78,1661,36.96,1,2.915,496.01,A12,1.244621006793318,484.9,0
REG-00605,06-01-2025 06:00,linha c,NOITE,M04,4,1407.54,F,5.091,bar,2.359,42.77,62.36,2897,14.17,3,0.808,565.73,A12,-2.22039688644412,555.89,0
REG-00606,2025-06-01 12:00:00,linha c,,M06,14,1337.0,F,4.221,bar,3.802,44.47,65.73,2225,43.7,0,3.953,475.59,C99,0.6230021213018256,465.47,0
REG-00607,01/06/2025 18:00,?,TARDE,M07,15,774.42,C,81.779,psi,3.724,32.7,58.74,3419,59.57,3,2.822,585.73,C99,-0.11115166119347974,571.52,0
REG-00608,06-02-2025 00:00,Linha B,T,M05,2,799.44,C,6.691,bar,1.854,40.55,40.98,2314,36.6,1,3.092,490.8,A12,0.5257222810988356,"484,89",0
REG-00609,2025-06-02 06:00:00,Linha B,Manhã,M06,11,771.41,C,6.412,bar,3.425,49.28,63.28,3566,50.36,0,2.812,575.57,B07,1.1855433372609887,568.4,0
REG-00610,02/06/2025 12:00,linha_B,Matutino,M01,6,791.18,C,103.606,psi,2.694,41.02,54.98,1246,35.92,0,2.799,518.67,A12,-0.7551260758165749,499.32,0
REG-00611,06-02-2025 18:00,Linha B,Tarde,M04,1,1436.94,F,84.567,psi,,48.7,49.21,2194,48.37,1,1.132,499.5,A12,0.9443046778972468,499.56,0
REG-00612,2025-06-03 00:00:00,?,N,M05,14,747.15,C,5.299,bar,3.892,44.92,51.46,3709,55.92,2,2.849,538.57,A12,-1.2540428643279284,545.38,0
REG-00613,03/06/2025 06:00,C,MANHA,M08,1,725.41,C,4.658,bar,0.574,37.12,46.72,2779,43.24,0,1.753,516.3,C99,0.12759923276725563,504.3,0
REG-00614,06-03-2025 12:00,Linha A,Noite,M03,4,781.31,C,6.275,bar,1.889,40.68,65.67,3797,41.71,2,2.765,554.8,A12,-0.2425167693359833,551.56,0
REG-00615,2025-06-03 18:00:00,linha_B,T,M02,1,1421.96,F,6.006,bar,1.492,41.42,37.98,3472,42.49,1,2.851,550.52,X00,0.04627946800738833,550.88,0
REG-00616,04/06/2025 00:00,B,N,M03,8,1449.13,F,6.425,bar,,37.71,43.08,2179,50.1,2,1.886,555.08,X00,-0.9890342848495,539.9,0
REG-00617,06-04-2025 06:00,Linha A,T,M02,9,766.72,C,6.292,bar,3.377,37.64,51.05,2598,34.66,0,1.458,513.34,X00,0.4368834560502014,506.9,0
REG-00618,2025-06-04 12:00:00,Linha A,tarde,M05,5,749.05,C,5.557,bar,1.497,48.78,74.37,4851,45.48,0,1.441,528.43,X00,1.5862872655147806,530.58,0
REG-00619,04/06/2025 18:00,L-A,Tarde,M06,2,757.04,C,5.04,bar,2.395,37.6,67.65,4840,46.9,1,1.581,554.23,X00,-0.9718568708163785,530.79,0
REG-00620,06-05-2025 00:00,L-C,NOITE,M07,2,775.89,C,90.725,psi,1.233,46.85,35.31,949,51.26,2,2.41,500.1,X00,0.18964552166322302,505.4,0
REG-00621,2025-06-05 06:00:00,B,Tarde,M08,15,789.63,C,6.701,bar,2.936,40.04,71.22,3762,57.99,0,2.235,530.27,X00,0.8558731210790134,523.12,0
REG-00622,05/06/2025 12:00,C,Tarde,M01,13,,C,4.945,bar,3.085,41.88,71.19,2862,39.02,1,3.273,508.13,A12,-0.2967407281654502,515.51,0
REG-00623,06-05-2025 18:00,Linha B,Tarde,M02,15,791.5,C,6.841,bar,3.307,44.53,,805,43.26,2,3.752,542.84,C99,1.3603929215566573,532.69,0
REG-00624,2025-06-06 00:00:00,Linha C,,M03,8,1379.07,F,5.217,bar,1.839,39.31,24.74,3463,39.38,1,2.973,533.53,B07,-0.42968834141871515,530.69,0
REG-00625,06/06/2025 06:00,A,Matutino,M02,9,1502.91,F,7.285,bar,2.962,44.56,54.13,897,48.07,0,2.738,529.79,X00,-0.11629470319879494,"515,51",0
REG-00626,06-06-2025 12:00,linha c,tarde,M07,12,761.13,C,5.576,bar,3.366,32.79,68.47,2139,47.93,0,2.969,506.63,A12,-0.9931541964265714,499.28,0
REG-00627,2025-06-06 18:00:00,linha a,TARDE,M02,10,1402.07,F,70.025,psi,3.274,43.98,74.1,3699,33.52,1,3.106,567.51,B07,0.126590357069789,548.48,0
REG-00628,07/06/2025 00:00,linha b,Noturno,M01,7,806.56,C,6.869,bar,2.215,30.89,44.55,4213,29.84,0,4.041,539.72,B07,0.0030229454989701434,535.13,0
REG-00629,06-07-2025 06:00,L-C,TARDE,M07,5,722.86,C,4.152,bar,2.132,40.98,76.02,2533,15.82,0,2.864,464.02,X00,0.6359012448448663,469.81,0
REG-00630,2025-06-07 12:00:00,linha c,tarde,M08,8,757.7,C,5.016,bar,2.526,45.84,28.26,4196,7.17,0,1.24,507.43,B07,-0.6362060404222939,498.06,0
REG-00631,07/06/2025 18:00,linha c,N,M02,1,786.9,C,98.755,psi,2.39,44.8,50.58,4325,34.62,0,1.578,524.19,X00,-0.6819956245505742,"518,44",0
REG-00632,06-08-2025 00:00,linha a,Tarde,M03,3,765.91,C,5.854,bar,0.615,,49.99,2679,66.44,0,0.761,521.22,B07,0.4624921178999815,527.86,0
REG-00633,2025-06-08 06:00:00,L-A,M,M-erro,12,723.8,C,,bar,2.629,36.74,68.83,1526,70.96,1,3.125,537.13,C99,1.3971904900745638,537.51,0
REG-00634,08/06/2025 12:00,Linha A,MANHA,M05,14,747.87,C,4.939,bar,3.322,38.9,70.58,3568,40.06,1,3.158,496.37,C99,0.6290102476309841,494.84,0
REG-00635,06-08-2025 18:00,linha_A,Matutino,M08,2,781.18,C,90.491,psi,1.271,42.84,66.45,858,39.2,0,2.981,457.68,B07,1.8474122486111448,438.65,0
REG-00636,2025-06-09 00:00:00,B,MANHA,M04,2,779.77,C,6.44,bar,,32.86,38.79,4551,19.83,0,1.677,479.31,B07,0.5553074712219529,466.65,0
REG-00637,09/06/2025 06:00,linha b,Tarde,M01,2,770.9,C,5.538,bar,1.703,41.94,65.35,2429,21.65,2,1.919,489.67,B07,0.5192928558543685,485.18,0
REG-00638,06-09-2025 12:00,L-C,noite,M04,12,738.67,C,70.464,psi,2.764,43.4,61.11,3992,35.03,1,2.58,517.43,C99,0.6792928806699192,506.08,0
REG-00639,2025-06-09 18:00:00,linha_C,NOITE,M05,5,1365.67,F,5.232,bar,2.179,40.73,34.95,3891,38.29,1,2.018,474.29,B07,1.4881707557791632,483.35,0
REG-00640,10/06/2025 00:00,Linha B,manha,M05,5,779.5,C,78.429,psi,2.433,44.36,30.2,2786,38.81,0,2.523,501.07,X00,1.2375700661171865,498.11,0
REG-00641,06-10-2025 06:00,linha c,TARDE,M05,1,780.09,C,6.082,bar,1.524,43.01,67.46,4881,39.23,0,2.282,533.44,A12,-1.0848782331087696,522.4,0
REG-00642,2025-06-10 12:00:00,Linha A,M,M08,15,773.94,C,5.768,bar,3.246,39.56,52.84,4144,60.96,0,2.226,589.01,A12,0.8005818876100711,579.0,0
REG-00643,10/06/2025 18:00,Linha A,,M07,7,771.21,C,5.789,bar,2.335,,39.58,4511,39.36,1,2.088,584.18,A12,0.26535650579850817,579.79,0
REG-00644,06-11-2025 00:00,L-B,M,M03,12,749.03,C,-3.0,bar,3.057,42.6,52.5,1194,49.83,1,2.844,514.21,X00,-0.1940350158889276,506.92,0
REG-00645,2025-06-11 06:00:00,Linha C,Vespertino,M03,11,732.1,C,4.711,bar,2.147,37.71,59.37,2833,35.07,1,3.195,484.22,B07,-1.7729291554574207,474.4,0
REG-00646,11/06/2025 12:00,linha a,Matutino,M-erro,3,764.6,C,6.311,bar,2.098,39.4,54.01,4798,22.47,0,0.927,524.24,A12,-1.5401609102602785,516.57,0
REG-00647,06-11-2025 18:00,linha_B,Tarde,M04,13,761.78,C,5.44,bar,2.987,44.16,36.38,4213,32.61,0,2.445,523.16,A12,-0.364467220113099,508.64,0
REG-00648,2025-06-12 00:00:00,L-B,tarde,M04,9,781.94,C,6.26,bar,3.238,48.38,77.63,2707,53.59,0,2.581,530.42,X00,-1.4645915084347443,520.07,1
REG-00649,12/06/2025 06:00,L-A,N,M02,10,768.47,C,6.452,bar,3.066,41.83,67.05,1095,42.95,0,1.555,475.87,X00,-0.3437568187539144,"464,80",0
REG-00650,06-12-2025 12:00,Linha A,Manhã,M03,4,1354.14,F,65.894,psi,2.547,44.49,50.98,1985,17.35,1,2.87,464.61,B07,0.714341252761957,444.24,0
REG-00651,2025-06-12 18:00:00,linha_C,noite,M06,13,732.56,C,5.312,bar,2.735,35.5,51.46,3203,49.84,2,3.215,548.36,C99,-0.5809563234561563,533.73,0
REG-00652,13/06/2025 00:00,Linha B,Tarde,M07,14,784.31,C,6.231,bar,3.153,43.1,59.31,3495,36.81,0,3.207,552.93,B07,0.08346260275123667,531.04,0
REG-00653,06-13-2025 06:00,L-A,Noturno,M07,7,1421.72,F,6.486,bar,1.851,41.73,41.44,4682,63.32,0,1.015,572.84,X00,-1.0699519582790673,569.67,0
REG-00654,2025-06-13 12:00:00,L-C,N,M03,2,770.11,C,87.977,psi,1.443,47.53,,1190,30.45,0,2.606,489.23,C99,0.29876728497083155,494.55,0
REG-00655,13/06/2025 18:00,A,Noite,M02,13,773.93,C,87.39,psi,3.753,39.57,39.03,2464,58.78,2,2.595,580.08,B07,0.508135391469566,"572,61",0
REG-00656,06-14-2025 00:00,linha_C,M,M02,14,,C,72.618,psi,3.989,40.91,54.15,1942,64.87,0,2.495,536.37,X00,-1.422934257014142,530.22,0
REG-00657,2025-06-14 06:00:00,,MANHA,M04,8,741.57,C,68.583,psi,2.023,46.76,40.98,4832,33.14,1,2.064,530.56,A12,-0.7518862965979884,511.21,0
REG-00658,14/06/2025 12:00,Linha B,M,M05,9,753.72,C,5.338,bar,2.464,41.59,41.58,1497,46.71,2,1.434,485.17,X00,-1.2671702674073555,486.91,0
REG-00659,06-14-2025 18:00,linha_A,Manhã,M08,4,1374.45,F,5.388,bar,1.986,37.01,74.75,1726,46.44,0,0.953,474.15,B07,0.5092147968178518,467.77,0
REG-00660,2025-06-15 00:00:00,linha a,Tarde,M08,2,775.38,C,5.957,bar,2.024,53.48,55.71,2050,38.79,1,2.457,492.41,X00,0.16400656054818072,481.94,0
REG-00661,15/06/2025 06:00,L-C,Noturno,M01,15,757.06,C,76.884,psi,2.658,37.15,57.49,1243,57.33,3,3.591,488.2,X00,-0.049711794235579934,480.19,0
REG-00662,06-15-2025 12:00,linha_A,Noturno,M06,8,725.2,C,4.368,bar,1.819,41.71,30.86,3502,28.64,2,2.001,482.83,C99,-0.1282815381413193,"477,05",0
REG-00663,2025-06-15 18:00:00,A,Tarde,M03,5,753.86,C,5.663,bar,2.37,43.56,47.84,3004,47.65,0,1.225,553.15,A12,0.32283543543259097,542.15,0
REG-00664,16/06/2025 00:00,linha_A,Tarde,M02,11,1453.43,F,98.905,psi,2.053,,60.53,3142,42.37,1,3.01,551.27,X00,0.34285149201140547,"534,62",0
REG-00665,06-16-2025 06:00,linha_B,NOITE,M05,1,782.43,C,,bar,1.429,,57.33,4610,40.39,0,2.078,532.68,C99,-0.49557749381354266,512.7,0
REG-00666,2025-06-16 12:00:00,C,Noite,M01,2,725.49,C,4.231,bar,,41.17,29.15,2619,48.44,0,3.467,501.5,X00,-0.6355968038704153,"493,83",1
REG-00667,16/06/2025 18:00,Linha C,Matutino,M03,4,785.4,C,92.751,psi,2.207,40.94,57.49,2107,47.83,0,2.143,459.86,A12,-0.058995195036868626,459.5,0
REG-00668,06-17-2025 00:00,A,Vespertino,M05,7,767.48,C,90.779,psi,2.346,36.98,59.4,2376,47.58,1,1.3,543.46,A12,-0.1897348979997314,523.34,0
REG-00669,2025-06-17 06:00:00,linha_A,Noturno,M03,6,769.92,C,6.199,bar,2.115,51.68,70.41,4160,49.91,1,1.634,573.7,B07,2.0606822250493186,573.72,0
REG-00670,17/06/2025 12:00,linha a,manha,M05,3,762.19,C,5.128,bar,2.27,41.01,47.14,3019,46.86,0,0.0,522.89,B07,-0.3838946723710809,501.05,0
REG-00671,06-17-2025 18:00,linha_B,Vespertino,M04,6,779.38,C,5.989,bar,2.408,44.69,28.1,1510,60.15,0,1.203,487.55,A12,0.2896653121143788,469.75,1
REG-00672,2025-06-18 00:00:00,Linha C,noite,M07,6,737.9,C,65.432,psi,1.989,40.49,43.04,3697,41.79,1,3.232,521.21,A12,0.46592648828314914,501.77,0
REG-00673,18/06/2025 06:00,L-B,Noturno,M02,8,819.19,C,7.182,bar,2.557,40.4,41.84,3931,46.57,0,4.255,583.34,B07,1.4005242906141917,569.31,1
REG-00674,06-18-2025 12:00,L-B,noite,M01,9,799.06,C,7.233,bar,2.842,39.95,63.84,1849,56.98,0,3.82,519.92,X00,-0.8111845917461348,528.88,0
REG-00675,2025-06-18 18:00:00,Linha A,Noturno,M05,14,777.79,C,5.536,bar,4.093,35.03,22.4,3139,45.92,0,2.926,489.98,A12,1.339647829141671,490.93,0
REG-00676,19/06/2025 00:00,C,Matutino,M03,13,753.37,C,4.735,bar,3.544,41.28,49.62,3167,34.58,0,0.766,556.52,A12,-0.14739557432084088,545.88,0
REG-00677,06-19-2025 06:00,Linha B,Matutino,M06,5,754.94,C,5.058,bar,2.697,40.17,72.11,1535,46.92,0,1.49,456.65,X00,2.5013452296464025,455.23,0
REG-00678,2025-06-19 12:00:00,linha a,T,M01,14,1455.79,F,6.53,bar,3.045,,55.09,838,49.33,1,3.686,506.86,A12,0.3626022192261495,501.86,0
REG-00679,19/06/2025 18:00,linha_A,TARDE,M05,8,752.82,C,5.502,bar,2.304,36.61,65.76,3815,30.11,0,3.062,482.06,A12,-1.2289291293508675,470.1,0
REG-00680,06-20-2025 00:00,Linha A,T,M08,3,773.1,C,6.046,bar,1.784,39.4,35.3,3384,44.61,1,2.857,507.29,X00,-0.19715867264288506,501.13,0
REG-00681,2025-06-20 06:00:00,linha_A,Tarde,M01,6,738.49,C,5.266,bar,2.215,37.96,35.78,3797,59.37,0,2.262,517.15,B07,1.3362693573282536,519.11,0
REG-00682,20/06/2025 12:00,L-A,tarde,M03,12,731.26,C,4.021,bar,2.606,48.49,72.25,2384,29.84,2,2.051,517.36,B07,0.08154115441122696,502.73,0
REG-00683,06-20-2025 18:00,L-B,noite,M07,13,786.73,C,97.434,psi,3.76,38.09,56.21,2964,62.87,0,2.761,590.54,A12,-0.05962540759710453,577.76,0
REG-00684,2025-06-21 00:00:00,linha b,M,M05,6,758.44,C,5.344,bar,2.678,44.53,56.24,4922,11.76,3,2.175,525.86,B07,0.7189971638676841,520.05,0
REG-00685,21/06/2025 06:00,,Manhã,M02,3,719.19,C,4.532,bar,1.752,46.37,41.58,1746,33.8,1,4.319,455.63,X00,-0.3449976906675541,443.29,0
REG-00686,06-21-2025 12:00,linha b,MANHA,M02,3,782.73,C,5.719,bar,2.179,41.34,56.21,3541,60.69,2,2.52,585.32,X00,-0.21073317578293682,575.92,0
REG-00687,2025-06-21 18:00:00,C,manha,M07,2,781.16,C,6.137,bar,1.86,35.8,41.25,1355,33.46,0,2.077,495.38,C99,-0.9446745099315496,477.57,0
REG-00688,22/06/2025 00:00,Linha B,N,M07,11,806.01,C,100.991,psi,-1,,69.24,1075,49.28,2,3.544,545.91,C99,1.72882078096639,536.65,0
REG-00689,06-22-2025 06:00,linha_B,tarde,M03,8,781.37,C,6.546,bar,"1,935",45.87,87.73,4820,53.75,1,2.473,588.92,C99,-1.2226112792475317,569.78,0
REG-00690,2025-06-22 12:00:00,L-A,Matutino,M04,7,755.16,C,4.8,bar,2.344,36.33,60.81,1345,22.8,0,2.283,431.41,C99,0.16946665976348838,439.8,0
REG-00691,22/06/2025 18:00,?,Noite,M07,11,766.98,C,5.72,bar,2.904,43.76,47.38,3554,49.07,0,1.232,537.28,C99,0.47988454808193304,"525,72",0
REG-00692,06-23-2025 00:00,L-A,T,M02,13,788.2,C,5.966,bar,3.471,,24.6,2959,51.37,1,2.099,541.95,A12,-0.01365111991846189,537.08,0
REG-00693,2025-06-23 06:00:00,Linha A,Matutino,M02,12,748.82,C,77.471,psi,2.777,43.7,34.79,4198,71.75,1,3.262,598.24,X00,-1.2538627954898234,"596,17",0
REG-00694,23/06/2025 12:00,C,Manhã,M07,3,743.62,C,5.28,bar,"0,765",44.12,73.66,3095,23.77,2,1.34,553.88,X00,-0.9987640277111334,536.56,0
REG-00695,06-23-2025 18:00,B,Matutino,M02,9,778.41,C,6.503,bar,2.183,37.8,42.65,3727,41.22,0,3.116,535.6,A12,0.5225169183566184,520.68,0
REG-00696,2025-06-24 00:00:00,linha_B,Tarde,M07,14,795.97,C,6.392,bar,3.293,37.61,50.55,4555,40.66,1,1.699,544.73,A12,-0.7798793085961542,552.5,0
REG-00697,24/06/2025 06:00,?,manha,M04,12,1419.09,F,89.092,psi,3.089,45.22,62.86,4283,36.99,2,1.774,569.67,X00,-2.0720172224884648,555.61,0
REG-00698,06-24-2025 12:00,Linha B,,M08,5,770.84,C,6.301,bar,2.908,39.17,72.79,3831,54.53,1,2.676,551.82,A12,0.3869783227890991,538.98,0
REG-00699,2025-06-24 18:00:00,A,M,M01,6,779.84,C,80.061,psi,2.542,29.62,52.6,1482,42.52,0,2.037,500.47,X00,-0.8724953799557809,498.77,0
REG-00700,25/06/2025 00:00,linha_A,Tarde,M08,14,789.77,C,6.607,bar,3.357,44.92,50.14,1511,45.13,0,1.805,510.5,X00,0.6312192735702514,509.54,0
REG-00701,06-25-2025 06:00,L-A,MANHA,M02,1,763.59,C,5.943,bar,1.615,37.34,55.86,2887,29.99,0,1.848,463.57,A12,-0.2016212982242847,469.26,0
REG-00702,2025-06-25 12:00:00,Linha A,Noturno,M01,8,793.94,C,6.428,bar,3.037,44.1,47.47,3567,37.84,1,2.905,557.35,X00,-0.24981232851380344,551.78,0
REG-00703,25/06/2025 18:00,Linha C,MANHA,M06,2,736.04,C,63.201,psi,1.494,48.27,48.11,3601,31.71,0,2.362,482.79,A12,0.05223818301707456,477.06,0
REG-00704,06-26-2025 00:00,L-A,Vespertino,M05,14,797.21,C,6.946,bar,3.257,42.08,59.94,4104,36.63,0,2.509,522.08,B07,-1.1384933300603812,508.08,0
REG-00705,2025-06-26 06:00:00,L-B,Tarde,M07,1,795.77,C,,bar,1.14,46.48,57.22,1234,33.1,0,2.553,478.68,C99,-0.8254530875976114,469.48,0
REG-00706,26/06/2025 12:00,C,Tarde,M01,1,814.88,C,7.084,bar,2.269,42.69,80.58,1528,31.89,0,2.838,485.24,C99,-0.2599240487546632,486.42,0
REG-00707,06-26-2025 18:00,Linha C,manha,M01,5,1330.76,F,4.332,bar,2.327,49.14,60.27,1429,31.91,0,4.725,477.46,A12,-1.14434292477057,468.52,0
REG-00708,2025-06-27 00:00:00,linha b,Noturno,M05,4,768.59,C,6.008,bar,1.702,37.22,68.81,3072,41.66,0,1.458,523.54,A12,0.713817659461643,517.8,0
REG-00709,27/06/2025 06:00,linha_B,NOITE,M08,8,788.54,C,6.137,bar,2.488,41.96,,3462,47.48,0,2.062,521.28,B07,-0.30737898048809026,520.95,0
REG-00710,06-27-2025 12:00,Linha C,M,M04,5,750.15,C,4.965,bar,2.379,45.03,61.3,1285,34.32,0,1.641,441.41,C99,-1.4494366016509068,447.42,0
REG-00711,2025-06-27 18:00:00,linha b,M,M07,6,808.1,C,101.203,psi,2.167,41.14,46.32,4448,40.47,0,4.252,547.53,B07,-0.5590289787890287,534.52,0
REG-00712,28/06/2025 00:00,C,Noite,M08,9,738.97,C,75.729,psi,2.429,47.18,59.75,2074,71.7,1,1.384,555.52,B07,0.10120256492190757,543.79,0
REG-00713,06-28-2025 06:00,?,TARDE,M07,9,772.29,C,,bar,2.376,40.06,63.26,3573,71.25,1,2.127,595.49,A12,-0.4460904535118868,582.3,0
REG-00714,2025-06-28 12:00:00,linha_C,manha,M05,15,763.92,C,5.09,bar,3.603,51.31,55.6,3956,40.35,2,2.073,555.17,X00,0.3998158863956893,"552,71",0
REG-00715,28/06/2025 18:00,A,manha,M06,8,767.68,C,,bar,2.379,51.55,83.89,952,33.63,2,0.838,494.73,C99,0.5740363495126378,486.07,0
REG-00716,06-29-2025 00:00,B,TARDE,M05,9,768.7,C,5.381,bar,2.466,,72.14,4432,33.09,0,1.056,528.54,X00,2.401700275953115,531.57,0
REG-00717,2025-06-29 06:00:00,linha a,noite,M06,11,788.34,C,6.707,bar,2.329,44.49,69.13,4875,60.88,1,2.659,565.21,B07,1.1506442013607254,564.63,0
REG-00718,29/06/2025 12:00,Linha B,T,M05,3,808.13,C,6.615,bar,1.925,47.36,64.17,4826,33.82,0,2.404,590.58,X00,-1.636370344363338,581.59,0
REG-00719,06-29-2025 18:00,linha c,NOITE,M05,11,761.79,C,5.318,bar,2.848,36.66,76.16,1385,51.08,0,1.94,516.68,C99,-0.36023248499867455,506.97,0
REG-00720,2025-06-30 00:00:00,linha b,TARDE,M04,13,789.68,C,6.184,bar,3.045,36.1,37.76,2449,74.56,0,3.803,520.5,C99,-0.2666412924479661,525.65,0
REG-00721,30/06/2025 06:00,Linha B,Matutino,M06,5,777.07,C,5.985,bar,2.239,47.65,71.44,1776,40.87,2,2.282,515.49,B07,0.5750709224246391,516.2,0
REG-00722,06-30-2025 12:00,L-A,tarde,M07,3,1411.85,F,5.811,bar,2.227,43.23,43.11,2693,47.07,0,0.538,525.46,C99,-0.9335860707017114,520.57,1
REG-00723,2025-06-30 18:00:00,linha c,Vespertino,M08,6,767.53,C,5.895,bar,2.596,40.98,48.23,4894,48.45,2,1.276,578.17,B07,-0.5312521641983385,"562,07",0
REG-00724,01/07/2025 00:00,?,Matutino,M05,5,755.56,C,5.365,bar,2.399,42.05,61.74,4005,33.94,0,1.631,469.13,C99,-1.2444118759093221,468.61,0
REG-00725,07-01-2025 06:00,linha a,Matutino,M01,9,739.73,C,4.426,bar,2.562,31.26,69.8,4038,58.51,0,2.164,515.1,B07,-0.6022657234915083,506.38,0
REG-00726,2025-07-01 12:00:00,A,Vespertino,M05,13,749.13,C,5.428,bar,2.935,41.14,41.16,2572,40.4,1,2.465,527.68,X00,-0.5649655472520776,517.94,0
REG-00727,01/07/2025 18:00,,Noturno,M03,9,1381.03,F,5.165,bar,2.2,38.61,48.85,4733,61.88,3,2.622,557.56,X00,-0.31300581285639156,551.29,0
REG-00728,07-02-2025 00:00,L-B,manha,M01,2,777.0,C,6.417,bar,1.493,46.13,56.17,4664,30.35,1,3.251,501.62,B07,-1.186512736919757,492.09,0
REG-00729,2025-07-02 06:00:00,L-B,,M01,5,785.51,C,6.018,bar,2.159,46.48,52.76,4187,35.26,0,2.215,522.51,B07,0.9820257394008927,525.39,0
REG-00730,02/07/2025 12:00,linha a,TARDE,M05,11,1421.38,F,76.805,psi,2.576,44.6,65.25,4220,35.14,0,0.966,507.62,X00,0.4722138628333851,505.28,0
REG-00731,07-02-2025 18:00,linha a,tarde,M08,5,777.01,C,5.999,bar,2.193,43.78,96.0,3537,29.91,0,2.728,498.3,C99,-1.4488297727144503,479.63,0
REG-00732,2025-07-03 00:00:00,L-A,,M05,9,751.71,C,5.705,bar,2.236,35.26,60.03,1200,40.68,0,2.849,477.02,A12,0.025972939167428134,458.11,0
REG-00733,03/07/2025 06:00,linha a,Noturno,M04,11,789.38,C,6.438,bar,2.183,44.66,46.18,1995,19.02,2,2.756,470.5,X00,-1.565254879742549,456.91,0
REG-00734,07-03-2025 12:00,Linha A,Noturno,M01,5,758.18,C,5.376,bar,2.519,44.83,39.44,4028,246.81073077017305,0,1.574,536.44,C99,1.3422557260266326,"519,84",0
REG-00735,2025-07-03 18:00:00,linha b,MANHA,M06,10,765.2,C,5.351,bar,2.587,47.6,51.1,2172,40.9,0,1.979,461.41,C99,1.6141083731566273,468.98,0
REG-00736,04/07/2025 00:00,linha_A,Vespertino,M01,6,1430.03,F,6.616,bar,1.903,51.53,43.72,1524,51.68,0,1.761,484.61,X00,-0.05573729388854536,484.92,0
REG-00737,07-04-2025 06:00,A,tarde,M07,3,734.94,C,4.388,bar,1.398,34.38,60.61,4778,43.68,0,1.113,523.25,A12,-0.8526451673546678,517.97,0
REG-00738,2025-07-04 12:00:00,linha a,MANHA,M07,6,740.77,C,4.669,bar,2.47,40.25,60.42,2851,33.71,1,2.862,512.64,X00,-0.6642693275955764,486.02,0
REG-00739,04/07/2025 18:00,A,Manhã,M08,7,772.66,C,6.079,bar,3.029,38.66,49.44,4414,37.9,2,2.855,542.86,A12,-0.45374208227580487,537.3,0
REG-00740,07-05-2025 00:00,linha a,MANHA,M03,1,723.73,C,54.566,psi,1.449,42.78,78.82,1993,33.38,1,4.073,431.34,X00,-0.1068272359245996,419.1,0
REG-00741,2025-07-05 06:00:00,L-A,Vespertino,M02,14,788.12,C,6.79,bar,3.223,42.06,46.17,2309,69.63,1,2.221,579.55,C99,1.3704696474063276,568.0,0
REG-00742,05/07/2025 12:00,C,TARDE,M03,8,783.2,C,6.414,bar,3.022,40.95,53.57,2241,34.73,0,2.515,503.56,C99,0.9556018103090642,493.31,0
REG-00743,07-05-2025 18:00,?,Manhã,M07,1,748.35,C,5.465,bar,"0,815",46.62,62.67,2367,27.56,0,2.256,451.3,C99,0.9710045037340956,444.82,0
REG-00744,2025-07-06 00:00:00,B,NOITE,M02,14,786.25,C,6.483,bar,4.205,37.04,65.7,2637,38.26,0,3.02,486.59,B07,0.17057827067284828,488.85,0
REG-00745,06/07/2025 06:00,B,N,M08,13,801.14,C,96.855,psi,4.29,37.31,70.33,2050,32.82,0,3.597,485.83,X00,-1.1536117239417165,499.94,0
REG-00746,07-06-2025 12:00,A,Manhã,M02,1,1375.88,F,4.726,bar,0.412,37.39,60.14,4219,39.88,1,2.29,536.41,A12,-0.7700567096316285,"518,38",0
REG-00747,2025-07-06 18:00:00,linha b,Noite,M-erro,3,1465.92,F,94.994,psi,1.846,40.38,67.61,2169,41.03,0,2.755,498.95,C99,0.06072126315243073,496.44,0
REG-00748,07/07/2025 00:00,linha_C,manha,M02,6,730.92,C,62.167,psi,1.956,36.47,47.02,2654,57.59,2,3.451,558.13,X00,-1.2011000968440921,564.6,0
REG-00749,07-07-2025 06:00,linha c,NOITE,M07,8,742.4,C,5.142,bar,2.421,41.78,66.02,4414,57.1,1,3.265,578.05,A12,0.30398295055210667,"566,05",0
REG-00750,2025-07-07 12:00:00,linha_A,N,M05,11,1379.5,F,5.441,bar,2.742,41.26,65.86,2636,76.97,0,1.646,551.89,C99,0.8051235214103482,540.43,0
REG-00751,07/07/2025 18:00,,MANHA,M03,7,761.17,C,6.052,bar,2.775,38.46,73.15,844,42.51,1,1.749,517.66,X00,0.5453453919583249,503.96,0
REG-00752,07-08-2025 00:00,A,noite,M06,10,783.84,C,6.345,bar,2.749,45.93,34.98,802,234.27546723695974,1,2.088,512.03,C99,0.5051894729183323,495.66,0
REG-00753,2025-07-08 06:00:00,,NOITE,M06,1,777.69,C,92.16,psi,1.22,41.73,44.11,2631,20.6,0,1.548,464.29,C99,-1.8662826499564005,464.67,0
REG-00754,08/07/2025 12:00,B,NOITE,M05,10,758.12,C,5.34,bar,2.723,46.78,64.88,3523,55.36,2,0.943,585.11,A12,1.333355796671096,583.36,0
REG-00755,07-08-2025 18:00,linha_A,NOITE,M05,14,743.51,C,70.169,psi,3.552,41.12,140.0,4759,53.22,0,2.711,528.19,X00,-1.5673853300320142,522.89,0
REG-00756,2025-07-09 00:00:00,Linha A,,M01,8,1427.19,F,6.119,bar,2.007,41.89,60.9,1349,52.42,2,2.429,535.58,X00,-0.15274921384582316,521.19,0
REG-00757,09/07/2025 06:00,C,Matutino,M03,7,776.19,C,5.851,bar,1.669,,67.72,3079,29.73,0,1.783,500.13,X00,0.618543543786074,509.31,0
REG-00758,07-09-2025 12:00,L-A,Noturno,M05,5,770.09,C,5.897,bar,3.047,,48.08,2013,45.22,1,2.021,527.25,A12,0.3585975259848231,518.44,0
REG-00759,2025-07-09 18:00:00,L-B,Tarde,M02,15,779.04,C,5.7,bar,11.44673076609876,45.21,49.84,2691,55.46,2,2.802,558.91,B07,-1.2778363270459614,543.3,0
REG-00760,10/07/2025 00:00,Linha B,tarde,M04,1,799.79,C,6.385,bar,1.568,40.15,42.11,2659,37.87,0,3.705,471.33,X00,-1.098325622903696,457.34,0
REG-00761,07-10-2025 06:00,A,TARDE,M01,5,763.69,C,5.833,bar,1.971,44.33,48.74,2111,32.8,1,1.372,448.95,C99,0.28707162240678163,436.73,0
REG-00762,2025-07-10 12:00:00,Linha A,T,M07,3,761.19,C,5.846,bar,2.137,-20.0,49.09,876,52.87,0,0.813,545.15,X00,0.5108450137694908,528.71,0
REG-00763,10/07/2025 18:00,linha_A,Manhã,M01,13,737.75,C,4.487,bar,3.988,45.42,,1110,75.2,1,3.135,525.57,C99,-1.1072038446128278,539.46,0
REG-00764,07-11-2025 00:00,linha c,noite,M01,8,776.35,C,6.225,bar,2.801,39.39,46.15,2994,31.28,0,3.342,501.43,C99,0.39259263896497654,481.3,0
REG-00765,2025-07-11 06:00:00,A,MANHA,M06,14,1308.73,F,55.004,psi,2.637,45.83,51.75,1742,60.45,1,2.814,520.87,B07,-1.5152734796940641,510.57,0
REG-00766,11/07/2025 12:00,linha_A,NOITE,M02,10,777.36,C,6.027,bar,2.177,42.27,51.6,2173,12.47,0,2.388,446.43,X00,0.62438925730379,429.32,0
REG-00767,07-11-2025 18:00,A,N,M03,9,754.65,C,5.836,bar,2.49,48.84,77.49,1179,53.82,1,2.793,494.92,C99,-0.8838418217670303,496.87,0
REG-00768,2025-07-12 00:00:00,Linha A,tarde,M03,8,760.61,C,5.801,bar,2.419,36.81,50.27,1008,22.16,0,0.0,415.25,X00,0.0805134579182048,422.93,0
REG-00769,12/07/2025 06:00,linha_B,TARDE,M02,4,816.46,C,7.472,bar,1.245,35.36,,1332,33.5,1,3.708,479.98,A12,-0.08739769229550559,458.81,0
REG-00770,07-12-2025 12:00,L-A,M,M07,9,1367.86,F,81.692,psi,,39.23,48.08,2384,30.04,1,3.069,442.27,B07,1.1606573279112682,443.04,0
REG-00771,2025-07-12 18:00:00,L-B,Noturno,M06,11,1415.77,F,,bar,2.441,35.77,47.92,1486,45.61,0,1.444,452.7,A12,0.2421300287003375,448.46,0
REG-00772,13/07/2025 00:00,Linha B,Noite,M02,15,1433.58,F,5.715,bar,"4,122",35.78,34.55,1772,63.07,1,2.327,576.17,C99,-0.5991018546405157,"563,50",0
REG-00773,07-13-2025 06:00,C,tarde,M06,9,763.45,C,5.351,bar,3.489,44.8,36.14,2068,23.51,3,1.916,500.6,C99,0.359592705544174,487.11,0
REG-00774,2025-07-13 12:00:00,A,manha,M06,15,747.05,C,5.022,bar,3.338,41.98,40.52,2023,48.69,0,2.25,523.48,B07,2.142413239220978,507.24,1
REG-00775,13/07/2025 18:00,linha c,manha,M05,15,714.67,C,3.316,bar,3.648,39.84,57.2,846,46.84,2,3.772,520.17,B07,0.7401229212868351,510.72,0
REG-00776,07-14-2025 00:00,B,TARDE,M05,8,1418.75,F,5.74,bar,1.986,40.26,67.91,1292,63.57,1,1.466,517.96,C99,-0.059167013733695435,518.61,0
REG-00777,2025-07-14 06:00:00,linha a,N,M08,7,1446.92,F,6.091,bar,2.691,39.31,33.56,4790,48.58,0,2.076,552.69,X00,-0.8336129713379762,538.95,0
REG-00778,14/07/2025 12:00,C,N,M04,3,752.35,C,5.545,bar,1.666,49.43,48.41,3605,24.47,1,2.896,507.7,B07,-0.6164915006077158,494.51,0
REG-00779,07-14-2025 18:00,linha_C,Manhã,M04,5,751.12,C,5.357,bar,-1,38.69,38.6,1320,35.34,0,1.136,440.21,B07,0.6799929216352303,448.01,0
REG-00780,2025-07-15 00:00:00,L-A,N,M05,14,758.29,C,5.239,bar,3.19,36.05,51.83,1991,70.47,2,1.04,602.3,A12,-0.8858025723216734,582.22,0
REG-00781,15/07/2025 06:00,linha c,T,M07,3,,C,5.23,bar,1.68,45.58,67.91,2409,47.17,0,3.075,517.55,X00,0.002688761079135327,529.5,0
REG-00782,07-15-2025 12:00,linha b,NOITE,M06,6,811.2,C,7.289,bar,2.134,41.03,49.64,4603,31.18,3,3.342,617.09,X00,1.4376189123394112,599.82,0
REG-00783,2025-07-15 18:00:00,Linha B,manha,M01,11,769.61,C,80.052,psi,3.357,51.17,54.43,4494,45.0,3,2.11,531.98,C99,0.15039239302365434,529.11,0
REG-00784,16/07/2025 00:00,linha c,Tarde,M04,4,748.02,C,4.968,bar,1.667,39.63,72.46,4035,36.98,0,2.016,500.77,X00,-1.0791317912974314,487.8,0
REG-00785,07-16-2025 06:00,Linha A,NOITE,M06,15,782.73,C,5.403,bar,4.231,45.81,60.49,1247,46.54,1,3.114,521.53,X00,2.17784785267261,509.8,0
REG-00786,2025-07-16 12:00:00,Linha C,MANHA,M02,10,730.0,C,4.218,bar,,46.87,45.88,2860,26.48,0,2.358,478.22,X00,1.7624482979459097,471.45,0
REG-00787,16/07/2025 18:00,linha_A,N,M08,1,752.29,C,5.009,bar,2.357,39.65,56.91,2831,28.07,1,2.419,459.06,B07,0.5011765583790927,448.72,0
REG-00788,07-17-2025 00:00,linha_C,Noite,M07,4,751.18,C,76.312,psi,1.563,38.66,45.07,3477,56.47,1,1.43,500.24,A12,1.275755411339087,493.53,0
REG-00789,2025-07-17 06:00:00,B,MANHA,M07,12,773.0,C,5.559,bar,3.06,45.34,60.05,4348,44.83,1,1.924,587.84,X00,-0.266979681134306,573.53,0
REG-00790,17/07/2025 12:00,L-A,manha,M01,13,1399.41,F,5.31,bar,2.969,,61.18,2148,49.36,2,0.573,540.56,A12,0.7244544776654501,515.35,0
REG-00791,07-17-2025 18:00,A,N,M05,14,,F,91.238,psi,3.165,,38.59,3139,53.49,0,3.848,498.8,B07,-0.42353980518075196,502.0,0
REG-00792,2025-07-18 00:00:00,L-A,M,M05,13,761.05,C,5.591,bar,3.551,36.92,57.1,1908,77.22,0,1.956,498.96,C99,-1.3554150299549546,516.72,0
REG-00793,18/07/2025 06:00,linha_A,M,M06,2,,C,4.215,bar,2.435,30.59,53.59,1683,37.51,1,3.937,483.91,X00,2.5919226108406765,480.03,0
REG-00794,07-18-2025 12:00,Linha A,TARDE,M07,11,1424.97,F,6.057,bar,3.466,44.68,,2115,61.33,1,2.67,526.14,C99,-1.4065380666233038,522.18,0
REG-00795,2025-07-18 18:00:00,linha a,NOITE,M03,2,1406.63,F,5.615,bar,1.578,40.82,64.98,3889,30.22,0,1.931,501.47,B07,0.29755813105790746,497.03,0
REG-00796,19/07/2025 00:00,Linha A,manha,M05,2,755.78,C,4.834,bar,1.843,41.27,60.73,2638,34.29,0,1.817,452.4,X00,0.28587668517817105,453.02,0
REG-00797,07-19-2025 06:00,L-A,MANHA,M06,11,759.43,C,5.266,bar,2.578,34.39,51.36,3661,48.35,1,2.12,507.9,A12,0.5160055841895184,493.52,0
REG-00798,2025-07-19 12:00:00,linha_B,Noite,M07,8,780.48,C,5.972,bar,2.094,37.06,66.2,3702,35.31,1,1.489,547.28,A12,-0.08968426619184752,550.08,1
REG-00799,19/07/2025 18:00,L-B,T,M07,10,785.05,C,88.625,psi,2.284,39.85,44.52,2321,44.56,1,1.502,534.14,C99,-0.07924984322810705,522.69,0
REG-00800,07-20-2025 00:00,L-B,Noite,M03,13,792.03,C,6.487,bar,2.993,38.97,39.15,4811,61.26,0,2.583,575.26,B07,0.13841173339032659,561.73,0
REG-00801,2025-07-20 06:00:00,A,Tarde,M08,2,758.24,C,5.946,bar,1.872,42.53,18.0,994,27.8,0,1.261,445.51,B07,0.479868481340785,436.43,0
REG-00802,20/07/2025 12:00,Linha C,N,M01,8,733.94,C,72.555,psi,1.68,44.63,54.16,4567,44.6,1,3.705,572.35,B07,-0.0018163614302302647,560.06,0
REG-00803,07-20-2025 18:00,L-B,,M04,13,840.43,C,109.753,psi,3.169,52.21,45.14,833,59.1,1,4.804,565.44,B07,-0.06836114582489584,549.61,0
REG-00804,2025-07-21 00:00:00,linha_A,Matutino,M05,7,742.11,C,5.201,bar,3.092,41.91,59.77,2405,33.51,2,2.288,540.01,X00,-1.3211099429393751,531.61,0
REG-00805,21/07/2025 06:00,linha_A,Noite,M01,8,764.8,C,5.868,bar,3.045,47.02,31.35,4266,57.74,1,1.666,554.47,B07,2.013682469697378,549.01,0
REG-00806,07-21-2025 12:00,linha b,sem_info,M04,8,759.08,C,5.19,bar,2.277,38.27,,3673,45.47,1,1.92,538.34,C99,0.5356991493023663,526.55,0
REG-00807,2025-07-21 18:00:00,linha a,MANHA,M05,14,757.1,C,82.817,psi,2.691,34.46,60.64,2150,49.82,2,2.049,549.94,A12,0.20890676130415511,537.08,0
REG-00808,22/07/2025 00:00,L-B,Matutino,M05,1,1393.16,F,5.33,bar,1.837,40.41,42.64,4519,12.1,0,1.998,476.57,X00,-0.6244672943396101,1248.777,0
REG-00809,07-22-2025 06:00,Linha C,noite,M01,14,,C,4.498,bar,2.277,34.81,59.91,1378,47.32,2,2.557,492.36,X00,-1.0036141928498445,498.58,0
REG-00810,2025-07-22 12:00:00,Linha A,MANHA,M03,13,773.81,C,6.074,bar,3.69,42.07,48.32,3616,55.06,0,1.335,535.29,A12,0.8599864480475362,528.82,0
REG-00811,22/07/2025 18:00,linha_A,Matutino,M02,13,,F,82.394,psi,3.094,38.49,54.61,2977,71.54,2,0.536,583.86,C99,-0.15986238508453757,583.63,0
REG-00812,07-23-2025 00:00,linha_C,Matutino,M06,7,753.23,C,,psi,"3,234",33.21,62.14,1670,50.21,0,1.959,476.22,C99,0.6210645845728948,464.76,0
REG-00813,2025-07-23 06:00:00,B,Vespertino,M03,8,754.12,C,5.31,bar,1.763,49.81,66.43,4667,58.11,2,2.513,595.36,A12,-1.35215013370115,580.83,0
REG-00814,23/07/2025 12:00,A,Tarde,M05,6,801.06,C,6.48,bar,2.693,39.58,56.11,4015,27.69,0,2.59,522.01,X00,1.5468548439766319,1394.4420000000002,0
REG-00815,07-23-2025 18:00,C,Vespertino,M06,4,734.55,C,4.95,bar,1.975,34.63,45.23,835,38.28,1,3.551,461.46,X00,0.9013774354094372,460.39,0
REG-00816,2025-07-24 00:00:00,Linha C,MANHA,M07,14,1418.93,F,5.8,bar,3.171,46.04,49.5,1164,66.45,0,1.942,537.56,X00,-0.0810626927646424,524.91,0
REG-00817,24/07/2025 06:00,linha b,MANHA,M02,8,791.39,C,94.273,psi,1.924,38.72,62.64,1035,33.95,0,3.374,464.45,C99,0.46762541842290745,458.64,0
REG-00818,07-24-2025 12:00,linha b,T,M08,11,1465.51,F,6.717,bar,3.198,46.91,42.74,2544,59.78,0,3.698,541.05,C99,0.7410043595348156,"521,81",0
REG-00819,2025-07-24 18:00:00,linha_A,tarde,M02,2,752.61,C,4.874,bar,2.064,38.7,52.86,2551,46.2,0,2.67,524.83,C99,-1.33698055041447,503.1,0
REG-00820,25/07/2025 00:00,A,,M01,12,770.73,C,5.509,bar,3.863,39.57,50.37,3840,52.7,1,1.551,582.51,X00,1.67782689138792,566.02,0
REG-00821,07-25-2025 06:00,L-B,MANHA,M01,10,764.52,C,4.862,bar,3.254,43.55,53.76,3639,43.06,1,1.965,525.9,C99,0.4832609980829666,516.29,0
REG-00822,2025-07-25 12:00:00,Linha A,M,M02,15,755.52,C,80.69,psi,3.183,44.67,42.89,863,41.16,0,2.974,479.54,C99,-0.7041022875327038,458.07,0
REG-00823,25/07/2025 18:00,linha_B,MANHA,M07,3,768.5,C,5.331,bar,1.438,45.46,32.78,2799,59.9,1,1.933,534.95,A12,-1.0965916566645615,525.14,0
REG-00824,07-26-2025 00:00,linha_C,Tarde,M02,9,719.31,C,62.737,psi,2.054,41.6,61.25,4096,53.38,0,3.487,506.68,C99,0.9870977413840473,502.97,0
REG-00825,2025-07-26 06:00:00,A,TARDE,M06,8,788.19,C,6.476,bar,3.203,44.38,66.57,4569,48.69,1,1.755,599.64,A12,0.21115919722700519,596.1,0
REG-00826,26/07/2025 12:00,linha b,Noite,M04,9,1435.17,F,6.297,bar,2.32,,33.49,2027,40.85,0,3.352,499.47,B07,0.4826009029320935,497.63,1
REG-00827,07-26-2025 18:00,linha_A,tarde,M01,1,759.27,C,5.057,bar,2.296,42.9,59.43,985,36.65,1,1.266,479.52,X00,0.02666455455627987,472.48,0
REG-00828,2025-07-27 00:00:00,linha_C,Tarde,M04,8,1374.65,F,73.311,psi,2.776,41.36,68.0,1442,46.58,0,0.888,469.93,A12,-1.0027436891760515,459.33,0
REG-00829,27/07/2025 06:00,A,TARDE,M01,5,774.45,C,6.518,bar,2.298,35.5,62.15,2228,45.8,2,1.825,541.95,X00,0.5086177899281171,545.09,0
REG-00830,07-27-2025 12:00,linha b,Matutino,M04,10,756.91,C,6.007,bar,2.662,,50.0,2661,55.81,1,0.258,522.5,B07,-0.19753513915045626,518.32,0
REG-00831,2025-07-27 18:00:00,L-B,Tarde,M05,4,745.41,C,5.408,bar,2.317,42.19,43.68,2275,30.41,0,1.426,462.61,X00,-0.02169112649313969,454.1,0
REG-00832,28/07/2025 00:00,linha a,tarde,M05,7,775.33,C,6.078,bar,2.403,40.14,,1180,25.8,0,3.652,484.69,X00,2.3770027057055767,472.45,0
REG-00833,07-28-2025 06:00,L-B,Vespertino,M03,10,795.34,C,6.209,bar,2.634,47.75,57.97,2228,48.01,0,2.352,524.31,A12,0.8690691377647088,516.77,0
REG-00834,2025-07-28 12:00:00,linha_B,,M07,1,769.41,C,6.034,bar,1.943,35.57,56.15,2017,15.23,0,0.655,401.46,A12,0.9267649097579255,393.6,0
REG-00835,28/07/2025 18:00,B,Noite,M05,12,760.34,C,5.455,bar,2.995,49.4,52.84,2848,45.52,1,2.009,514.28,X00,2.720523127437558,516.44,0
REG-00836,07-29-2025 00:00,,Noite,M03,11,1440.68,F,6.374,bar,2.571,41.9,42.01,1132,42.09,1,1.637,498.68,B07,0.38457387218011924,498.5,0
REG-00837,2025-07-29 06:00:00,C,M,M04,1,716.64,C,3.978,bar,1.9,43.43,60.07,4120,42.1,1,3.918,509.69,B07,0.11970753644931316,502.64,0
REG-00838,29/07/2025 12:00,linha_A,Vespertino,M01,1,749.51,C,5.125,bar,1.601,40.22,60.65,2551,59.99,0,1.419,523.38,A12,-0.6792073493912418,511.62,0
REG-00839,07-29-2025 18:00,linha b,NOITE,M08,13,767.49,C,5.782,bar,3.41,34.5,57.41,2135,27.26,2,2.399,472.75,C99,-0.4525518582273461,463.94,0
REG-00840,2025-07-30 00:00:00,linha_A,M,M07,5,770.19,C,85.455,psi,1.946,41.37,56.33,4607,68.29,0,0.879,499.55,A12,-2.047103766548211,498.86,0
REG-00841,30/07/2025 06:00,linha c,Noite,M03,13,744.47,C,75.521,psi,2.646,43.51,75.15,3926,47.8,1,4.219,516.85,B07,0.7904233388065749,511.08,0
REG-00842,07-30-2025 12:00,L-B,Tarde,M06,8,777.94,C,5.835,bar,3.321,45.04,47.51,1374,48.77,0,2.65,521.85,B07,-1.2669209973104003,502.22,0
REG-00843,2025-07-30 18:00:00,L-A,N,M06,6,798.18,C,6.175,bar,2.976,41.11,70.38,0,25.22,1,2.88,420.41,X00,0.9027359819557546,409.91,0
REG-00844,31/07/2025 00:00,Linha A,Noturno,M05,5,769.34,C,6.349,bar,2.548,32.13,46.19,808,52.96,0,1.467,476.61,B07,-0.04302601696057393,470.85,1
REG-00845,07-31-2025 06:00,Linha C,manha,M01,10,749.1,C,87.665,psi,2.625,35.06,68.31,3155,47.5,2,1.962,497.05,X00,0.12805871476436573,"497,79",0
REG-00846,2025-07-31 12:00:00,linha_A,TARDE,M08,2,761.35,C,5.697,bar,1.625,51.23,69.8,2289,36.66,0,1.095,473.15,C99,-0.042367930144399005,471.78,0
REG-00847,31/07/2025 18:00,L-B,,M08,7,775.27,C,5.495,bar,3.032,37.08,51.48,2375,20.15,0,1.531,517.25,B07,1.3860744288829663,"509,55",0
REG-00848,08-01-2025 00:00,L-A,Matutino,M08,6,1320.16,F,3.899,bar,2.121,48.42,74.93,2939,43.09,1,4.522,499.46,A12,1.2094423599364288,489.9,0
REG-00849,2025-08-01 06:00:00,linha c,manha,M08,3,760.44,C,5.691,bar,1.605,37.8,60.63,3064,48.75,0,1.273,515.04,X00,-0.02889140565462234,502.97,0
REG-00850,01/08/2025 12:00,Linha A,NOITE,M08,6,771.07,C,6.301,bar,3.123,41.18,44.47,804,39.36,0,0.483,503.33,B07,-0.8990040764132963,492.83,0
REG-00851,08-01-2025 18:00,linha a,,M06,8,751.78,C,-3.0,psi,2.519,44.81,50.51,1252,58.69,1,1.274,511.0,C99,0.9238891053320395,506.37,0
REG-00852,2025-08-02 00:00:00,C,tarde,M01,11,1388.35,F,5.262,bar,3.726,38.31,68.59,4114,61.79,1,3.186,564.04,B07,-0.9745749714152614,559.73,0
REG-00853,02/08/2025 06:00,L-C,Noturno,M04,2,764.25,C,5.696,bar,1.131,49.16,66.08,4804,29.71,0,1.35,546.77,B07,-1.5548612911181614,522.55,0
REG-00854,08-02-2025 12:00,linha a,M,M02,14,727.02,C,4.813,bar,3.553,42.34,42.3,4316,70.94,0,3.178,572.16,C99,0.49834986848772744,568.09,0
REG-00855,2025-08-02 18:00:00,linha b,tarde,M02,14,775.38,C,84.72,psi,4.252,44.07,53.33,4606,52.34,1,3.538,574.24,B07,1.2184899218032264,575.93,0
REG-00856,03/08/2025 00:00,linha b,NOITE,M07,11,1400.98,F,4.969,bar,2.943,40.8,57.44,2746,48.8,0,1.298,497.21,X00,-0.40508516779387616,502.78,0
REG-00857,08-03-2025 06:00,linha_C,tarde,M07,14,787.89,C,95.058,psi,3.201,44.96,48.91,4270,52.99,1,3.158,562.39,C99,0.4045176882347607,556.86,0
REG-00858,2025-08-03 12:00:00,L-A,manha,M05,7,1419.37,F,6.217,bar,1.885,49.1,83.29,4505,44.23,0,1.234,563.4,X00,-0.4156738117376999,547.66,0
REG-00859,03/08/2025 18:00,linha_B,MANHA,M06,13,733.35,C,4.672,bar,3.677,41.41,57.8,4549,19.04,0,3.505,484.95,B07,0.721993348685818,482.32,0
REG-00860,08-04-2025 00:00,Linha B,Noite,M02,11,753.75,C,5.454,bar,2.583,49.78,54.26,1427,45.97,0,1.655,527.69,A12,1.0950296864122153,508.25,0
REG-00861,2025-08-04 06:00:00,B,MANHA,M02,9,770.62,C,5.652,bar,2.627,39.25,69.29,1416,29.43,0,1.581,445.83,A12,-0.2628652144820228,439.3,0
REG-00862,04/08/2025 12:00,C,Tarde,M07,3,747.5,C,4.829,bar,1.334,45.44,50.62,2490,58.12,2,2.927,577.43,X00,-1.027603157722529,560.15,0
REG-00863,08-04-2025 18:00,B,Manhã,M04,9,749.16,C,5.534,bar,3.371,44.2,67.09,2915,64.83,0,2.944,547.54,X00,-1.4570306026115392,545.42,0
REG-00864,2025-08-05 00:00:00,linha a,T,M05,14,803.01,C,6.926,bar,3.84,37.19,34.99,4824,62.02,3,3.637,604.56,C99,0.9256884324602483,601.47,1
REG-00865,05/08/2025 06:00,Linha C,Noturno,M04,15,1393.93,F,5.57,bar,3.436,42.96,49.56,2135,50.14,4,2.336,581.28,C99,-1.1365664917078266,571.97,0
REG-00866,08-05-2025 12:00,Linha C,Tarde,M02,7,764.55,C,,psi,1.891,42.03,67.59,4292,31.3,1,2.755,515.92,A12,0.3720242412023667,504.49,0
REG-00867,2025-08-05 18:00:00,L-C,NOITE,M07,4,738.54,C,4.487,bar,2.711,38.16,73.84,4527,31.91,0,2.927,507.34,X00,0.777407068442516,501.25,0
REG-00868,06/08/2025 00:00,A,MANHA,M07,12,768.0,C,5.547,bar,-1,43.61,45.72,4854,72.71,1,1.617,589.6,C99,-0.5013018785505434,578.58,0
REG-00869,08-06-2025 06:00,Linha A,T,M06,2,761.15,C,5.59,bar,1.263,42.66,44.32,1595,29.09,0,1.178,461.46,C99,-0.1662108501799558,450.0,0
REG-00870,2025-08-06 12:00:00,linha b,noite,M03,3,775.9,C,5.779,bar,1.097,,61.81,1815,10.33,0,2.599,448.7,A12,0.9990434475067727,453.26,0
REG-00871,06/08/2025 18:00,linha_A,TARDE,M06,9,779.0,C,6.344,bar,2.379,41.69,47.52,1723,58.16,0,2.071,527.46,C99,-0.8081937873347598,"522,35",0
REG-00872,08-07-2025 00:00,C,Matutino,M08,15,713.68,C,58.664,psi,2.795,41.59,51.78,3887,71.01,0,3.306,518.01,C99,-0.9097116050340971,514.44,1
REG-00873,2025-08-07 06:00:00,linha_A,noite,M06,5,791.75,C,6.105,bar,1.87,40.35,65.52,3684,60.91,1,2.637,536.27,X00,-0.23439122120907074,"532,05",0
REG-00874,07/08/2025 12:00,Linha B,sem_info,M04,7,789.28,C,6.402,bar,2.745,42.63,48.47,2509,55.86,1,2.809,555.63,A12,1.277912662076373,544.21,0
REG-00875,08-07-2025 18:00,Linha C,TARDE,M03,5,779.06,C,6.131,bar,1.981,39.1,31.41,1173,55.42,2,2.192,534.31,A12,1.6107310946036024,530.39,1
REG-00876,2025-08-08 00:00:00,A,Noite,M05,7,743.64,C,77.398,psi,2.57,53.96,39.39,2987,44.04,0,3.12,475.64,X00,-0.09878302044073389,484.41,0
REG-00877,08/08/2025 06:00,L-A,Matutino,M03,1,738.38,C,4.989,bar,1.304,35.66,55.12,3875,11.28,0,3.313,495.37,B07,-0.7121216280448002,489.91,0
REG-00878,08-08-2025 12:00,linha_B,M,M05,9,752.09,C,5.424,bar,2.699,39.37,32.64,2792,46.13,2,2.648,547.8,B07,1.0641146159195851,"548,10",0
REG-00879,2025-08-08 18:00:00,B,M,M01,9,777.51,C,89.014,psi,3.534,39.72,51.43,1926,53.26,1,3.454,525.66,C99,-1.6692955816604753,513.98,1
REG-00880,09/08/2025 00:00,linha a,TARDE,M02,5,769.19,C,5.71,bar,1.993,51.18,38.29,3287,39.38,0,1.653,497.77,B07,0.2476108541480902,1306.989,0
REG-00881,08-09-2025 06:00,B,manha,M07,4,-50.0,F,78.154,psi,"2,193",36.06,74.68,3575,37.63,0,1.996,485.57,X00,-0.04391359283920513,495.53,0
REG-00882,2025-08-09 12:00:00,linha c,Noite,M04,12,732.75,C,4.783,bar,2.356,43.92,80.98,3283,37.83,0,3.332,482.06,X00,1.2938278435243813,481.03,0
REG-00883,09/08/2025 18:00,Linha B,MANHA,M04,3,750.2,C,73.816,psi,2.574,43.12,42.3,4466,26.58,0,2.762,535.1,B07,1.3950185396383763,524.41,0
REG-00884,08-10-2025 00:00,Linha A,Noite,M05,1,762.13,C,89.275,psi,1.415,43.5,58.08,2118,58.26,1,2.362,538.64,A12,-0.9425285579472741,541.78,0
REG-00885,2025-08-10 06:00:00,L-A,Matutino,M04,1,1375.91,F,5.568,bar,2.103,47.56,43.48,3360,58.69,1,2.705,553.09,X00,0.16767803547497515,538.75,0
REG-00886,10/08/2025 12:00,L-A,T,M07,14,755.66,C,81.095,psi,3.265,47.47,51.29,4391,51.77,2,3.758,599.69,C99,-0.5706043422415404,582.55,0
REG-00887,08-10-2025 18:00,Linha A,Tarde,M02,6,795.85,C,97.29,psi,2.555,39.97,76.64,1693,45.58,0,2.225,523.82,X00,-0.2933273849067402,517.35,0
REG-00888,2025-08-11 00:00:00,A,Noturno,M07,2,761.52,C,5.515,bar,2.062,42.87,49.4,1982,25.63,0,1.513,461.1,B07,0.6173877745579746,460.39,0
REG-00889,11/08/2025 06:00,linha_B,tarde,M02,14,808.86,C,94.629,psi,3.116,33.61,51.57,1006,59.51,2,3.384,540.29,B07,-0.3348941220919324,550.51,0
REG-00890,08-11-2025 12:00,linha_A,tarde,M03,3,758.4,C,77.978,psi,,42.45,43.69,2374,59.72,0,1.473,541.06,A12,0.19392545652802495,526.65,0
REG-00891,2025-08-11 18:00:00,C,Noturno,M05,6,755.41,C,5.398,bar,1.938,38.43,68.75,987,23.85,2,0.684,500.96,B07,0.9572721652797633,477.77,0
REG-00892,12/08/2025 00:00,Linha A,Vespertino,M08,1,1412.6,F,5.79,bar,1.98,41.16,18.0,3934,41.77,0,2.532,517.66,C99,1.5151617237959258,495.85,0
REG-00893,08-12-2025 06:00,L-A,MANHA,M02,11,724.44,C,4.598,bar,,34.42,49.69,1173,54.67,1,2.428,485.2,A12,0.2886801448094544,479.57,0
REG-00894,2025-08-12 12:00:00,B,Noturno,M05,11,806.71,C,7.224,bar,3.087,43.82,54.45,3708,54.53,1,3.445,557.97,C99,0.11776540704013855,558.33,0
REG-00895,12/08/2025 18:00,linha_C,Vespertino,M01,12,753.57,C,5.065,bar,2.852,34.37,47.07,3235,69.11,0,1.053,539.29,C99,-1.1072901594818472,524.72,0
REG-00896,08-13-2025 00:00,A,MANHA,M01,4,768.44,C,5.514,bar,2.042,42.67,65.36,4949,64.23,0,2.055,533.23,X00,1.58579845411072,526.35,0
REG-00897,2025-08-13 06:00:00,L-A,Vespertino,M07,5,,C,5.842,bar,1.666,36.48,69.42,2262,38.2,1,1.439,519.07,A12,0.4957010678281487,507.63,0
REG-00898,13/08/2025 12:00,A,Matutino,M06,15,1385.66,F,5.531,bar,3.561,38.18,38.06,2248,61.08,0,1.604,539.59,A12,0.1362251244866923,529.22,0
REG-00899,08-13-2025 18:00,B,Manhã,M04,13,757.4,C,,bar,3.21,47.2,80.12,1821,51.61,0,2.2,477.35,B07,0.08504922219669409,469.56,0
REG-00900,2025-08-14 00:00:00,,Noite,M05,1,803.25,C,6.76,bar,1.387,44.65,37.92,3056,28.61,0,2.348,499.59,X00,0.3606534735552544,484.1,0
REG-00901,14/08/2025 06:00,A,MANHA,M04,11,760.61,C,5.482,bar,2.905,47.17,70.46,1721,51.45,1,1.542,522.96,A12,0.7717904898807331,506.83,0
REG-00902,08-14-2025 12:00,linha a,Noite,M03,13,769.61,C,5.799,bar,3.25,49.02,56.8,1276,58.66,2,2.337,542.07,X00,0.8955505301305932,538.18,0
REG-00903,2025-08-14 18:00:00,B,noite,M04,9,805.45,C,101.945,psi,,38.52,48.96,4784,48.4,1,3.596,542.97,X00,1.6108018958066057,542.22,0
REG-00904,15/08/2025 00:00,linha_C,,M03,10,776.81,C,6.892,bar,2.742,48.75,50.09,3652,36.43,1,1.562,486.47,A12,0.24268850851261617,498.98,1
REG-00905,08-15-2025 06:00,linha b,Noturno,M07,1,794.78,C,6.61,bar,1.178,35.41,54.6,1299,30.64,0,1.848,477.78,B07,1.7542012192654037,473.45,0
REG-00906,2025-08-15 12:00:00,B,Noite,M04,1,755.41,C,5.594,bar,2.686,45.36,57.5,3395,30.73,0,1.93,455.53,B07,1.0577232794825613,457.42,0
REG-00907,15/08/2025 18:00,linha_A,noite,M03,1,750.48,C,4.624,bar,2.107,39.78,43.96,2080,26.09,0,2.386,459.35,B07,-0.06013138116947414,449.26,0
REG-00908,08-16-2025 00:00,Linha A,Vespertino,M05,3,1381.87,F,5.028,bar,2.013,37.81,52.19,1556,42.36,1,3.171,482.19,X00,-1.6673737284433254,477.71,0
REG-00909,2025-08-16 06:00:00,linha a,manha,M07,15,768.1,C,89.531,psi,3.977,44.77,45.75,2780,58.02,3,1.839,580.91,B07,0.0855622642969829,574.11,0
REG-00910,16/08/2025 12:00,C,T,M03,10,759.07,C,5.613,bar,1.909,46.25,40.42,4108,58.75,1,1.605,570.82,C99,1.5584778048903218,555.99,0
REG-00911,08-16-2025 18:00,C,TARDE,M08,12,730.97,C,3.093,bar,1.909,46.12,45.19,801,39.11,2,3.754,513.53,A12,-0.7752631301322105,502.81,0
REG-00912,2025-08-17 00:00:00,linha c,manha,M04,5,1363.28,F,5.124,bar,1.97,42.97,41.2,2291,34.07,1,3.89,453.29,C99,0.08246264746255208,"447,51",0
REG-00913,17/08/2025 06:00,L-C,Tarde,M06,15,729.11,C,5.245,bar,2.83,42.59,49.96,4668,71.65,1,2.32,617.5,B07,0.16521890932177588,595.09,1
REG-00914,08-17-2025 12:00,C,manha,M08,3,742.04,C,4.263,bar,1.784,44.37,60.19,2456,36.63,1,1.906,439.94,X00,0.9421265918312003,427.63,0
REG-00915,2025-08-17 18:00:00,linha c,Noite,M04,14,721.2,C,4.868,bar,3.413,43.37,56.45,1216,52.16,1,3.803,532.46,X00,-0.38781154778329713,527.87,0
REG-00916,18/08/2025 00:00,?,M,M02,1,764.52,C,4.665,bar,2.044,44.44,78.69,2600,34.1,0,1.112,434.27,A12,-0.8693837484552895,430.78,0
REG-00917,08-18-2025 06:00,linha_A,MANHA,M06,1,761.8,C,5.882,bar,1.118,42.92,28.47,3666,49.8,1,1.2,596.4,C99,0.5700021512237344,581.37,0
REG-00918,2025-08-18 12:00:00,linha_A,M,M01,2,789.34,C,6.377,bar,1.94,45.79,60.63,4984,51.46,0,2.523,550.62,B07,-0.7433870190376026,540.88,0
REG-00919,18/08/2025 18:00,linha b,Manhã,M04,12,788.26,C,5.525,bar,3.066,34.68,55.08,3441,62.76,0,3.637,572.89,B07,-1.8355053521421103,573.26,0
REG-00920,08-19-2025 00:00,Linha A,MANHA,M08,4,747.39,C,5.278,bar,2.176,41.41,64.79,1012,40.12,1,1.32,514.22,B07,1.8403719244278647,499.57,0
REG-00921,2025-08-19 06:00:00,Linha C,Manhã,M04,7,757.73,C,5.835,bar,2.176,35.77,63.6,4198,32.93,0,2.803,512.42,X00,0.9270306621375525,494.93,0
REG-00922,19/08/2025 12:00,B,MANHA,M06,8,747.84,C,,bar,,43.25,,4076,67.7,0,1.976,562.91,B07,1.8833877854171874,545.28,0
REG-00923,08-19-2025 18:00,L-B,Matutino,M05,12,755.68,C,5.575,bar,3.013,49.39,57.07,3535,59.68,1,2.404,551.92,A12,0.8740127530155358,531.6,0
REG-00924,2025-08-20 00:00:00,,tarde,M02,6,774.0,C,5.776,bar,3.078,39.87,46.07,4565,36.72,0,3.171,566.25,A12,0.6803649216924524,541.57,0
REG-00925,20/08/2025 06:00,A,Vespertino,M03,1,729.15,C,3.923,bar,1.274,42.57,62.36,4031,53.29,1,3.102,534.2,X00,0.36953563342035745,512.67,0
REG-00926,08-20-2025 12:00,linha a,M,M05,6,1389.8,F,80.816,psi,2.614,45.4,32.45,1775,35.77,0,1.713,464.64,B07,-0.18602828156227816,455.09,0
REG-00927,2025-08-20 18:00:00,linha_C,Manhã,M01,5,,C,73.266,psi,2.123,32.7,64.32,2569,57.93,0,3.415,522.12,A12,0.5121065819050965,516.05,0
REG-00928,21/08/2025 00:00,L-B,manha,M04,11,774.82,C,6.34,bar,2.783,39.65,54.72,2931,65.94,2,2.081,543.88,B07,-0.5532324843741019,550.26,0
REG-00929,08-21-2025 06:00,B,,M04,12,753.6,C,4.612,bar,3.345,43.64,,2852,38.34,3,2.979,535.02,X00,-1.0692291724792182,527.03,0
REG-00930,2025-08-21 12:00:00,A,manha,M07,2,762.64,C,5.049,bar,1.625,28.96,52.21,3482,44.38,0,1.439,516.38,X00,-0.3322258169210742,504.66,0
REG-00931,21/08/2025 18:00,Linha A,Noite,M01,12,763.35,C,5.304,bar,1.862,37.6,53.09,3746,58.79,1,2.281,537.85,X00,1.2914922913513938,529.56,0
REG-00932,08-22-2025 00:00,A,NOITE,M07,2,788.21,C,5.789,bar,0.382,46.95,70.57,1236,68.78,0,1.336,484.42,C99,-1.2324066869252508,492.14,0
REG-00933,2025-08-22 06:00:00,linha c,NOITE,M04,10,751.12,C,5.249,bar,3.373,46.51,93.8,3187,38.09,0,1.643,539.88,X00,-1.2165166508000995,534.16,0
REG-00934,22/08/2025 12:00,Linha C,Vespertino,M06,6,1367.9,F,5.103,bar,2.834,43.68,69.64,963,59.39,1,1.573,512.78,X00,0.5913091627128223,500.12,0
REG-00935,08-22-2025 18:00,linha a,T,M05,5,763.56,C,5.106,bar,2.999,45.97,48.22,2948,41.21,0,1.721,491.22,A12,-0.4150787044366666,492.05,0
REG-00936,2025-08-23 00:00:00,L-C,sem_info,M03,8,718.8,C,4.536,bar,2.532,42.97,62.56,2573,29.7,1,2.18,482.18,B07,0.48549504515946496,473.75,0
REG-00937,23/08/2025 06:00,A,noite,M08,5,770.31,C,87.309,psi,1.568,44.5,63.08,1663,39.56,0,1.202,495.6,C99,0.9898574318794453,484.88,0
REG-00938,08-23-2025 12:00,linha_C,NOITE,M02,12,761.62,C,77.692,psi,2.871,40.58,43.9,4961,49.43,1,1.119,550.07,B07,0.461532484257878,533.13,0
REG-00939,2025-08-23 18:00:00,linha a,Noite,M01,15,807.45,C,99.539,psi,3.455,42.52,39.87,1884,40.29,1,4.543,549.01,X00,-0.6322455786784477,527.4,0
REG-00940,24/08/2025 00:00,L-A,NOITE,M07,13,751.81,C,4.572,bar,2.737,39.15,54.24,1036,54.35,2,1.608,520.97,X00,1.282933808528605,516.25,0
REG-00941,08-24-2025 06:00,C,TARDE,M05,7,1384.12,F,5.119,bar,,47.69,64.69,2305,54.89,0,1.357,477.55,C99,0.7421226826035108,469.04,0
REG-00942,2025-08-24 12:00:00,linha_A,Noite,M08,8,1386.75,F,5.282,bar,3.548,48.85,35.66,3981,47.46,1,2.667,591.0,A12,0.02682785418957803,580.57,0
REG-00943,24/08/2025 18:00,linha_A,Noturno,M04,7,766.82,C,5.764,bar,2.625,48.21,46.35,838,36.9,0,2.797,508.84,B07,-0.021582813898431138,496.2,0
REG-00944,08-25-2025 00:00,L-B,MANHA,M01,12,779.87,C,6.229,bar,3.055,40.16,61.87,2870,47.62,3,2.532,554.42,A12,0.37399253947698935,541.99,0
REG-00945,2025-08-25 06:00:00,A,NOITE,M01,9,1403.67,F,5.647,bar,2.087,37.71,55.5,2552,45.75,0,1.577,490.64,B07,-0.31198370025830435,472.16,0
REG-00946,25/08/2025 12:00,B,MANHA,M04,8,792.55,C,92.594,psi,3.236,47.75,72.0,4436,47.21,1,3.797,553.8,A12,-1.6312046947200598,563.99,1
REG-00947,08-25-2025 18:00,L-C,N,M02,7,739.89,C,4.997,bar,2.444,44.45,38.06,811,56.72,0,2.993,459.56,A12,0.7501577462616736,449.48,0
REG-00948,2025-08-26 00:00:00,linha_C,Noturno,M08,6,768.75,C,6.113,bar,2.15,43.48,83.23,872,45.46,0,1.929,517.11,A12,0.6907430198711753,505.62,0
REG-00949,26/08/2025 06:00,linha a,manha,M01,9,764.69,C,5.607,bar,2.887,39.15,36.54,3173,28.97,0,1.265,483.51,B07,-2.3010659656967247,478.22,0
REG-00950,08-26-2025 12:00,linha_B,T,M08,11,785.78,C,-3.0,psi,2.666,43.92,30.65,1553,41.45,1,2.736,528.1,A12,0.5106761426572534,"538,14",0
REG-00951,2025-08-26 18:00:00,linha_A,Manhã,M02,7,749.33,C,74.184,psi,2.476,37.12,54.29,3756,45.39,1,1.216,514.76,A12,1.7564835388897118,507.63,0
REG-00952,27/08/2025 00:00,Linha A,NOITE,M01,13,1484.02,F,6.674,bar,2.541,44.85,41.39,1968,64.09,1,2.659,544.93,B07,-1.1276383531735399,542.47,0
REG-00953,08-27-2025 06:00,linha a,noite,M03,13,748.29,C,5.332,bar,"3,679",48.2,54.53,3161,66.17,3,3.942,633.9,C99,-0.07329129089071088,611.31,0
REG-00954,2025-08-27 12:00:00,linha c,tarde,M02,7,1402.45,F,5.347,bar,2.363,49.34,54.12,958,64.7,0,2.539,502.82,C99,-0.18198231413405871,492.43,0
REG-00955,27/08/2025 18:00,C,Noturno,M04,14,737.5,C,4.96,bar,3.841,45.19,52.65,3712,53.37,1,3.452,550.66,B07,1.6604119343708827,548.79,0
REG-00956,08-28-2025 00:00,linha c,Matutino,M03,3,775.14,C,5.964,bar,1.799,35.78,44.89,2976,47.76,0,0.504,523.82,C99,1.1209470441569618,532.26,0
REG-00957,2025-08-28 06:00:00,linha b,manha,M05,14,788.96,C,6.263,bar,3.259,42.89,60.19,800,34.35,0,1.812,470.61,A12,-0.8784161465124305,459.0,0
REG-00958,28/08/2025 12:00,Linha B,T,M05,5,773.79,C,5.799,bar,1.604,51.63,51.19,1916,46.16,0,1.332,472.22,C99,0.342118523358526,459.75,0
REG-00959,08-28-2025 18:00,Linha B,M,M01,9,782.23,C,86.863,psi,3.012,38.09,68.24,1049,32.9,0,2.198,441.14,A12,2.302672132277526,436.32,0
REG-00960,2025-08-29 00:00:00,B,tarde,M01,5,790.64,C,5.843,bar,1.756,41.73,52.84,988,40.25,0,1.522,494.57,A12,-0.6247078991411382,482.5,0
REG-00961,29/08/2025 06:00,linha b,M,M02,7,1406.66,F,5.745,bar,2.191,48.36,43.42,3733,79.76,1,1.493,592.34,X00,-0.011153783659332183,"586,33",1
REG-00962,08-29-2025 12:00,A,Vespertino,M02,6,,C,6.23,bar,11.781121550923514,44.78,34.75,2597,45.84,2,3.56,574.18,B07,0.5135073034876191,557.29,0
REG-00963,2025-08-29 18:00:00,linha a,Tarde,M01,11,775.01,C,,bar,2.985,53.16,52.93,4172,37.83,1,2.454,546.04,C99,-0.6100545497192573,530.15,0
REG-00964,30/08/2025 00:00,linha c,Noite,M03,2,1390.79,F,5.16,bar,0.992,38.7,,1882,42.29,1,2.127,446.4,B07,1.7632030849927454,452.72,0
REG-00965,08-30-2025 06:00,linha_B,Manhã,M05,13,1422.04,F,6.531,bar,3.086,37.55,38.8,3814,44.4,2,1.527,500.49,C99,-0.47266830028352164,504.09,0
REG-00966,2025-08-30 12:00:00,linha_C,NOITE,M03,14,758.76,C,5.33,bar,3.678,47.51,61.33,3383,40.27,1,1.186,612.52,C99,-1.3890351291241942,587.45,0
REG-00967,30/08/2025 18:00,linha a,TARDE,M03,9,772.13,C,5.558,bar,2.5,36.62,33.67,3584,71.04,2,1.13,607.85,X00,-0.5249820389162893,591.52,0
REG-00968,08-31-2025 00:00,Linha B,Manhã,M04,9,774.06,C,5.574,bar,2.569,,71.95,4277,58.6,1,0.791,561.19,A12,0.6530200861861699,562.85,0
REG-00969,2025-08-31 06:00:00,linha_A,Vespertino,M05,11,756.46,C,4.787,bar,3.003,41.7,56.92,3771,52.35,1,2.183,540.54,C99,-0.7981741257542534,544.93,0
REG-00970,31/08/2025 12:00,L-A,tarde,M03,3,798.49,C,7.191,bar,1.833,46.66,54.47,3931,33.9,0,2.941,492.11,X00,0.3021993888671026,483.2,0
REG-00971,08-31-2025 18:00,A,Matutino,M02,12,736.09,C,5.263,bar,2.596,44.76,42.58,3906,45.67,1,1.996,508.75,B07,0.5625504401416662,510.24,1
REG-00972,2025-09-01 00:00:00,L-A,tarde,M-erro,4,775.7,C,89.651,psi,2.004,44.06,64.17,2677,58.31,0,1.978,565.5,B07,-1.208934042079654,559.64,0
REG-00973,01/09/2025 06:00,linha c,MANHA,M01,11,737.24,C,4.503,bar,3.377,40.19,54.97,3842,51.88,2,4.109,573.31,C99,-0.5637022175942242,565.21,0
REG-00974,09-01-2025 12:00,A,Vespertino,M04,5,1471.41,F,106.227,psi,1.677,47.47,46.77,4337,5.0,0,4.084,469.64,C99,0.3489708595380674,463.42,0
REG-00975,2025-09-01 18:00:00,linha b,T,M08,12,,C,5.669,bar,2.891,60.12,57.4,3899,78.45,0,2.37,560.16,B07,0.7024121600035143,543.0,0
REG-00976,02/09/2025 00:00,L-B,TARDE,M04,12,772.77,C,5.789,bar,2.438,45.11,34.81,3352,51.6,1,1.769,547.46,X00,-0.5387840197676386,524.91,0
REG-00977,09-02-2025 06:00,Linha A,NOITE,M01,4,745.54,C,5.569,bar,2.444,42.45,35.38,1110,43.92,0,2.698,467.95,C99,0.1517723102480286,464.8,0
REG-00978,2025-09-02 12:00:00,B,manha,M06,10,778.82,C,6.295,bar,2.758,36.16,41.56,2633,60.04,0,3.039,574.22,C99,-0.2839362497457617,574.64,0
REG-00979,02/09/2025 18:00,linha_A,N,M02,8,738.29,C,5.619,bar,2.157,39.13,59.19,1065,50.18,0,1.03,482.88,A12,0.727850170800594,472.67,0
REG-00980,09-03-2025 00:00,Linha C,noite,M02,5,,C,5.059,bar,2.192,41.04,54.96,1236,49.96,1,3.449,484.65,C99,0.5194135791656076,464.63,0
REG-00981,2025-09-03 06:00:00,Linha C,N,M02,9,712.26,C,3.929,bar,2.128,39.59,67.59,2316,40.72,0,2.965,470.11,X00,-0.37348301519567256,466.34,0
REG-00982,03/09/2025 12:00,linha_B,Noite,M08,15,1445.59,F,6.046,bar,2.985,41.93,43.96,2749,38.24,2,2.281,550.75,C99,0.47844385119615784,535.91,0
REG-00983,09-03-2025 18:00,linha_B,Manhã,M08,1,764.0,C,4.973,bar,0.973,50.0,61.9,3015,39.56,1,1.407,469.96,C99,-0.41259837179269887,469.62,0
REG-00984,2025-09-04 00:00:00,A,tarde,M05,15,741.21,C,4.839,bar,2.97,47.61,53.63,4581,70.18,1,2.874,590.99,C99,0.45736195435647853,582.09,1
REG-00985,04/09/2025 06:00,,MANHA,M05,13,762.54,C,86.687,psi,3.801,41.29,43.68,4003,42.83,1,1.475,568.37,A12,0.47129454534458826,569.13,0
REG-00986,09-04-2025 12:00,A,Noite,M06,8,739.46,C,5.093,bar,2.21,36.56,59.62,2576,35.86,1,2.314,501.51,A12,2.3710465285685087,494.02,0
REG-00987,2025-09-04 18:00:00,linha a,TARDE,M05,10,782.34,C,6.177,bar,3.01,48.02,54.21,2205,61.65,1,2.809,530.49,C99,-0.3362622421041108,523.57,0
REG-00988,05/09/2025 00:00,A,MANHA,M05,6,742.38,C,4.623,bar,1.904,41.78,47.45,3792,36.71,0,2.445,492.48,A12,-0.14126848696349262,480.41,0
REG-00989,09-05-2025 06:00,Linha C,N,M08,2,1435.69,F,,bar,2.102,34.23,55.5,1955,32.47,1,2.406,474.21,A12,-0.6472316003921244,453.19,0
REG-00990,2025-09-05 12:00:00,linha_B,Matutino,M06,9,786.49,C,6.649,bar,2.208,45.21,53.45,4511,41.32,0,2.025,532.98,X00,-1.0328236977891947,528.16,0
REG-00991,05/09/2025 18:00,L-B,TARDE,M01,13,767.86,C,5.886,bar,3.208,46.62,53.16,4082,49.82,0,2.383,534.77,B07,-0.4564604935924198,542.62,0
REG-00992,09-06-2025 00:00,L-C,N,M04,4,,C,69.519,psi,2.044,31.08,50.05,3666,20.92,0,3.307,453.98,X00,0.6651006952212376,448.86,0
REG-00993,2025-09-06 06:00:00,A,M,M08,11,,C,5.398,bar,3.978,38.29,39.34,1847,41.73,0,2.85,546.24,X00,0.737461531349306,535.81,0
REG-00994,06/09/2025 12:00,linha c,TARDE,M04,12,751.28,C,5.542,bar,3.344,41.5,55.9,3411,52.16,1,2.754,566.36,A12,0.29567984468732983,556.4,0
REG-00995,09-06-2025 18:00,linha_B,noite,M02,12,777.95,C,4.942,bar,2.793,45.31,45.37,4247,52.08,1,2.854,515.81,X00,-0.29576488052991046,509.42,0
REG-00996,2025-09-07 00:00:00,linha b,M,M07,6,795.9,C,6.711,bar,2.588,39.68,42.76,1102,56.1,1,3.348,499.49,B07,-0.4933749859308093,480.38,0
REG-00997,07/09/2025 06:00,linha a,tarde,M05,6,1390.14,F,6.235,bar,3.242,38.26,52.11,1543,64.27,2,4.292,533.1,C99,-0.9168305104620249,524.15,0
REG-00998,09-07-2025 12:00,linha_C,MANHA,M05,7,744.64,C,4.511,bar,1.677,45.27,63.81,2963,61.55,2,3.305,582.95,A12,-0.5568876009630063,575.16,0
REG-00999,2025-09-07 18:00:00,Linha A,T,M04,13,785.18,C,6.171,bar,2.811,,57.23,2309,61.58,1,2.395,563.44,B07,-1.2951280591322758,561.24,0
REG-01000,08/09/2025 00:00,Linha A,Matutino,M01,14,-50.0,C,5.784,bar,3.213,44.44,48.63,3780,50.02,1,1.441,575.75,C99,1.3578583118756624,581.01,1
REG-01001,09-08-2025 06:00,L-B,noite,M04,7,778.13,C,5.882,bar,2.222,37.0,48.14,2484,35.92,0,1.777,497.46,B07,1.8371514863220448,487.51,0
REG-01002,2025-09-08 12:00:00,,N,M04,15,1396.04,F,5.797,bar,3.3,35.91,62.63,4985,53.21,1,1.976,572.18,C99,-1.935862753499927,561.79,0
REG-01003,08/09/2025 18:00,A,Matutino,M08,9,723.7,C,,bar,2.083,45.4,26.24,2057,52.83,4,3.783,514.01,A12,0.28926363785061077,514.76,0
REG-01004,09-09-2025 00:00,B,MANHA,M03,6,753.99,C,5.373,bar,2.912,43.14,64.57,2312,52.06,2,1.808,548.28,A12,0.2726919553560268,540.52,1
REG-01005,2025-09-09 06:00:00,linha_A,tarde,M02,1,773.73,C,6.191,bar,0.99,46.15,32.51,814,43.68,0,2.64,466.92,C99,0.2088087895901322,461.15,0
REG-01006,09/09/2025 12:00,L-C,Noite,M04,10,748.52,C,5.161,bar,2.71,39.6,38.02,1839,45.55,0,1.192,482.03,B07,-0.5927443212130082,479.83,0
REG-01007,09-09-2025 18:00,A,Tarde,M08,10,769.35,C,6.893,bar,3.271,38.42,48.83,1789,56.44,0,0.833,554.76,C99,1.0225139587556902,552.81,0
REG-01008,2025-09-10 00:00:00,B,M,M04,15,791.71,C,94.335,psi,3.436,48.12,81.04,4003,68.13,0,2.733,578.68,B07,0.41047730157856044,566.93,0
REG-01009,10/09/2025 06:00,L-B,,M04,11,751.63,C,5.317,bar,"2,489",35.15,75.13,2218,58.76,1,1.498,558.86,A12,1.0341217539638328,552.38,0
REG-01010,09-10-2025 12:00,linha b,N,M06,1,776.75,C,5.404,bar,1.023,47.63,63.48,1654,35.82,0,1.03,430.03,C99,-0.737511979412805,428.33,0
REG-01011,2025-09-10 18:00:00,Linha B,TARDE,M06,9,789.4,C,6.192,bar,2.567,47.94,59.28,2117,35.79,1,2.056,562.49,A12,-1.38318280465793,560.97,0
REG-01012,11/09/2025 00:00,B,noite,M03,12,768.33,C,6.151,bar,2.719,45.87,32.65,3163,39.11,4,1.655,560.25,X00,0.43490552958201956,"553,00",0
REG-01013,09-11-2025 06:00,linha_C,Vespertino,M08,8,781.77,C,5.686,bar,2.632,38.9,56.88,4099,36.43,1,2.27,559.72,A12,-0.9629437258182533,544.16,0
REG-01014,2025-09-11 12:00:00,Linha A,N,M05,7,779.35,C,5.325,bar,1.779,38.33,48.41,4911,46.48,0,1.568,561.35,X00,1.054599605833873,551.43,0
REG-01015,11/09/2025 18:00,Linha A,MANHA,M01,13,760.22,C,5.518,bar,3.556,41.05,45.2,998,56.84,0,1.733,492.75,B07,-2.126621314376833,487.34,0
REG-01016,09-12-2025 00:00,,M,M04,10,805.3,C,106.438,psi,2.852,36.17,56.86,4332,30.03,1,3.175,567.33,X00,-0.46853989490219317,556.52,0
REG-01017,2025-09-12 06:00:00,linha_C,noite,M08,11,1335.24,F,4.435,bar,3.015,37.67,49.35,2433,42.15,0,3.861,520.27,A12,-0.6159218476530665,501.83,0
REG-01018,12/09/2025 12:00,Linha A,N,M04,7,1405.15,F,5.468,bar,3.058,44.9,65.43,4194,46.32,1,2.959,538.33,B07,-0.3323766418321626,526.51,0
REG-01019,09-12-2025 18:00,,Manhã,M05,5,779.59,C,5.437,bar,1.953,44.92,31.77,957,30.2,0,2.114,445.38,B07,0.26109907196320514,436.75,0
REG-01020,2025-09-13 00:00:00,L-C,TARDE,M05,8,739.54,C,73.163,psi,2.213,37.28,55.9,3429,49.81,0,2.549,522.79,A12,0.3962357360013959,510.03,0
REG-01021,13/09/2025 06:00,L-B,Vespertino,M06,15,791.41,C,6.674,bar,3.204,45.04,44.45,4708,49.31,1,2.712,571.91,B07,0.6397376023146959,564.7,0
REG-01022,09-13-2025 12:00,L-C,Vespertino,M07,10,736.08,C,4.159,bar,,44.04,50.08,964,38.32,0,2.939,493.1,A12,0.7549863642896314,484.36,0
REG-01023,2025-09-13 18:00:00,linha_B,M,M02,11,1445.77,F,6.66,bar,2.889,48.79,58.66,4118,48.84,0,2.652,560.26,B07,-0.17152560067176364,555.83,0
REG-01024,14/09/2025 00:00,B,NOITE,M05,2,800.04,C,101.08,psi,1.386,44.56,41.59,1280,42.11,0,3.655,475.54,B07,2.1087043617064585,480.73,1
REG-01025,09-14-2025 06:00,linha_A,Matutino,M05,15,759.9,C,5.893,bar,,46.76,56.97,4925,42.82,3,0.733,599.46,A12,1.3870903339569887,587.89,0
REG-01026,2025-09-14 12:00:00,C,Noturno,M02,4,717.65,C,4.434,bar,"1,768",44.15,52.45,3926,36.89,1,3.113,466.4,X00,-0.3119882156613612,456.77,0
REG-01027,14/09/2025 18:00,A,M,M06,15,737.6,C,5.057,bar,3.612,46.41,47.07,4622,58.61,0,3.164,540.96,C99,-0.13687369214197828,535.23,0
REG-01028,09-15-2025 00:00,?,Manhã,M01,7,783.16,C,6.377,bar,2.471,36.21,49.35,4570,34.25,1,2.237,558.51,X00,-0.33304779270025175,542.1,0
REG-01029,2025-09-15 06:00:00,A,Tarde,M04,14,768.38,C,6.055,bar,3.86,41.45,53.15,2126,31.91,1,1.652,527.66,X00,0.3632986138605778,525.55,0
REG-01030,15/09/2025 12:00,L-B,manha,M03,14,724.51,C,3.799,bar,4.2,41.82,45.79,2546,33.36,0,2.722,474.18,B07,-0.9719378301428497,481.13,0
REG-01031,09-15-2025 18:00,linha_B,Tarde,M02,12,808.37,C,6.426,bar,3.402,40.9,55.09,3704,44.38,1,4.081,583.49,B07,-0.7895374609239515,"580,37",1
REG-01032,2025-09-16 00:00:00,linha_B,Manhã,M07,14,775.46,C,5.706,bar,3.942,44.0,51.66,1534,35.98,0,1.942,497.96,X00,-2.1673662454143763,502.75,0
REG-01033,16/09/2025 06:00,C,noite,M02,10,736.26,C,4.742,bar,3.145,44.85,47.66,2087,42.83,2,1.789,510.78,B07,-0.3986601287731764,500.57,0
REG-01034,09-16-2025 12:00,Linha A,NOITE,M03,13,780.91,C,6.263,bar,3.959,43.77,74.08,1215,70.58,0,3.269,530.47,A12,1.0647591839740027,528.56,0
REG-01035,2025-09-16 18:00:00,L-B,NOITE,M07,3,768.8,C,5.878,bar,2.723,41.2,59.98,4530,22.06,0,2.048,524.87,C99,-0.15210102014946622,509.35,0
REG-01036,17/09/2025 00:00,linha a,MANHA,M08,2,742.61,C,5.369,bar,2.188,38.69,50.41,1841,34.01,0,2.203,470.03,X00,-0.09616194147966557,455.48,0
REG-01037,09-17-2025 06:00,linha a,Matutino,M01,9,761.45,C,5.945,bar,2.988,46.94,56.75,2525,71.39,0,1.189,575.18,A12,0.27815914385551105,573.97,0
REG-01038,2025-09-17 12:00:00,linha_B,TARDE,M03,13,,C,6.936,bar,3.098,43.57,42.68,2700,55.5,0,3.529,514.2,C99,-1.0022374327951271,512.97,0
REG-01039,17/09/2025 18:00,A,Vespertino,M06,12,1467.0,F,6.7,bar,3.041,37.42,49.76,2378,44.99,3,4.066,573.95,B07,0.025286212644237204,561.26,0
REG-01040,09-18-2025 00:00,L-A,Manhã,M07,8,761.47,C,5.248,bar,2.388,41.13,51.16,4067,42.72,3,0.853,589.64,B07,0.8903294954988252,573.21,0
REG-01041,2025-09-18 06:00:00,,Manhã,M08,8,1438.38,F,6.074,bar,2.82,34.16,40.04,4639,49.75,2,1.351,558.33,B07,0.30656316661198124,565.95,0
REG-01042,18/09/2025 12:00,L-B,Tarde,M05,10,800.25,C,6.82,bar,,42.16,59.65,3206,67.35,0,2.294,551.83,A12,0.978164731261709,541.46,0
REG-01043,09-18-2025 18:00,L-B,M,M01,14,750.37,C,,psi,3.234,41.11,48.93,4314,45.43,0,2.302,507.83,B07,1.2641319062686585,517.65,0
REG-01044,2025-09-19 00:00:00,linha_A,TARDE,M07,13,779.59,C,,psi,2.13,39.41,50.73,1265,41.51,1,1.783,517.72,B07,0.6625897616378073,514.39,0
REG-01045,19/09/2025 06:00,Linha A,Manhã,M02,2,1367.22,F,74.721,psi,2.535,49.13,48.18,4858,20.85,0,2.777,498.2,X00,-0.7133670241800586,482.22,0
REG-01046,09-19-2025 12:00,A,MANHA,M01,9,760.73,C,5.313,bar,2.571,36.8,90.51,1286,47.04,0,2.441,488.31,A12,-0.34413536362025987,457.37,0
REG-01047,2025-09-19 18:00:00,C,Vespertino,M06,6,751.91,C,86.033,psi,2.485,45.18,47.05,1079,25.33,0,2.153,479.31,X00,1.9314888529666354,474.1,0
REG-01048,20/09/2025 00:00,C,TARDE,M05,12,-50.0,C,80.192,psi,3.716,51.84,30.18,893,43.83,2,2.644,515.12,A12,0.3141685133284979,517.33,0
REG-01049,09-20-2025 06:00,linha_A,TARDE,M01,8,770.13,C,5.85,bar,2.675,46.85,35.8,1822,33.7,0,1.943,501.32,B07,0.18095658977239737,497.96,0
REG-01050,2025-09-20 12:00:00,Linha B,Tarde,M02,15,1347.23,F,4.45,bar,,41.86,64.11,4316,65.89,1,3.5,593.01,B07,-0.8599593403739552,583.72,0
REG-01051,20/09/2025 18:00,A,Noturno,M05,7,766.22,C,6.265,bar,1.851,36.9,71.04,2063,37.3,1,0.757,545.11,B07,-0.09146115561532206,542.34,0
REG-01052,09-21-2025 00:00,,TARDE,M03,11,1435.21,F,6.05,bar,4.009,35.87,46.82,4121,52.96,1,2.044,589.39,X00,0.7163735861527867,"587,97",0
REG-01053,2025-09-21 06:00:00,linha_A,Tarde,M06,2,776.03,C,87.503,psi,2.249,40.15,70.35,2582,18.15,1,1.06,466.16,X00,0.01484571049646707,462.63,0
REG-01054,21/09/2025 12:00,linha a,Noturno,M04,14,1402.08,F,5.956,bar,3.414,38.91,63.9,1236,53.38,1,2.035,534.08,C99,-0.5193782348506476,523.07,0
REG-01055,09-21-2025 18:00,,T,M05,3,815.56,C,7.372,bar,2.531,38.76,52.73,2787,24.16,1,3.565,500.71,C99,-0.28738616294741903,494.64,1
REG-01056,2025-09-22 00:00:00,Linha C,Noturno,M04,6,756.6,C,5.379,bar,1.754,40.53,51.87,1775,37.09,1,0.899,472.26,C99,1.1918253180160974,472.23,0
REG-01057,22/09/2025 06:00,A,N,M03,13,1419.58,F,6.215,bar,3.06,41.54,57.17,2024,77.13,1,2.112,530.05,X00,0.6677808126642371,527.5,0
REG-01058,09-22-2025 12:00,Linha B,manha,M03,15,791.8,C,7.342,bar,"4,100",44.18,65.53,2972,64.19,0,2.497,556.92,X00,0.5340402268622355,551.96,1
REG-01059,2025-09-22 18:00:00,B,tarde,M06,8,792.53,C,6.587,bar,1.7,36.43,59.77,4119,43.06,1,1.835,551.08,X00,0.44088213894866324,550.82,1
REG-01060,23/09/2025 00:00,linha c,NOITE,M05,8,1354.7,F,69.414,psi,2.792,38.93,46.88,3264,82.99,0,2.241,555.91,A12,-1.1830299592352236,553.26,0
REG-01061,09-23-2025 06:00,B,noite,M05,1,1358.8,F,,psi,1.869,41.28,,1737,25.22,1,1.812,446.88,B07,0.2723490867492664,435.2,0
REG-01062,2025-09-23 12:00:00,L-A,T,M05,15,759.41,C,5.941,bar,4.336,41.12,78.78,3813,66.98,4,3.371,591.9,B07,1.0680074772301238,584.97,0
REG-01063,23/09/2025 18:00,L-B,Matutino,M02,1,1448.05,F,6.091,bar,0.918,50.26,58.01,3725,17.81,0,2.142,514.41,A12,-0.2609215412202451,520.62,0
REG-01064,09-24-2025 00:00,Linha A,Tarde,M08,1,761.64,C,5.452,bar,2.354,43.05,65.43,1795,33.27,1,2.308,505.41,X00,0.9774280623608238,489.86,0
REG-01065,2025-09-24 06:00:00,Linha C,sem_info,M05,8,1395.36,F,70.844,psi,2.288,34.74,61.48,4377,28.43,0,1.455,488.51,A12,0.5452267185212277,478.01,0
REG-01066,24/09/2025 12:00,linha a,NOITE,M06,1,765.68,C,5.256,bar,1.429,43.88,58.28,4341,39.29,0,1.24,515.3,X00,0.8276728425567058,518.58,0
REG-01067,09-24-2025 18:00,B,tarde,M08,3,809.19,C,6.794,bar,1.34,44.46,56.3,3335,39.27,0,4.358,563.05,X00,0.050936486557080954,557.61,0
REG-01068,2025-09-25 00:00:00,linha_A,noite,M08,10,1395.83,F,78.48,psi,2.31,41.44,65.77,2043,43.31,0,0.62,500.01,C99,0.8865855612174934,498.87,0
REG-01069,25/09/2025 06:00,Linha A,noite,M06,11,771.42,C,93.719,psi,3.112,36.54,63.62,2287,61.3,1,3.001,493.56,B07,-1.4646816134206393,480.93,0
REG-01070,09-25-2025 12:00,Linha C,T,M07,5,765.11,C,5.841,bar,1.649,49.91,58.17,2645,34.19,1,2.782,558.36,B07,0.0331457201733783,553.04,0
REG-01071,2025-09-25 18:00:00,L-B,,M04,12,813.03,C,98.214,psi,3.393,37.19,46.67,1589,53.32,1,4.212,497.96,C99,0.7130148610775204,491.18,0
REG-01072,26/09/2025 00:00,linha_B,N,M06,10,750.28,C,4.954,bar,2.502,44.97,59.63,2084,56.85,1,1.905,517.77,C99,0.29629952624595357,511.61,0
REG-01073,09-26-2025 06:00,linha_C,Noturno,M03,4,742.75,C,5.464,bar,1.474,42.9,54.2,1364,22.0,0,3.278,406.37,C99,1.0956236560040364,412.03,0
REG-01074,2025-09-26 12:00:00,C,NOITE,M06,11,766.27,C,6.083,bar,2.692,44.7,51.3,1449,39.22,1,1.52,494.81,C99,-0.15709882519614551,"476,42",0
REG-01075,26/09/2025 18:00,Linha A,Manhã,M01,9,782.83,C,,bar,2.822,49.68,87.15,3925,46.45,1,1.885,564.3,X00,-0.547455273005058,550.75,0
REG-01076,09-27-2025 00:00,B,T,M08,13,1454.58,F,6.255,bar,,44.53,36.53,1339,58.16,0,2.352,466.95,X00,-1.6390749991623594,465.94,0
REG-01077,2025-09-27 06:00:00,B,M,M02,3,767.73,C,6.126,bar,1.905,39.49,66.5,2770,55.65,0,1.196,523.79,X00,-0.27296650037289805,514.54,0
REG-01078,27/09/2025 12:00,B,Noite,M06,4,794.63,C,6.191,bar,2.333,46.98,44.65,2602,37.21,1,1.994,551.47,B07,0.5168749468199618,535.64,0
REG-01079,09-27-2025 18:00,,TARDE,M01,5,1442.55,F,6.346,bar,2.637,39.16,56.57,994,37.2,0,2.987,462.03,A12,0.7610085137491102,454.76,0
REG-01080,2025-09-28 00:00:00,A,Vespertino,M02,6,761.53,C,6.341,bar,2.14,42.74,85.82,4291,31.73,1,1.2,510.86,B07,-1.3991855816560208,491.04,0
REG-01081,28/09/2025 06:00,L-C,Manhã,M08,14,748.95,C,5.24,bar,2.85,36.18,43.45,4932,55.76,3,2.548,618.27,B07,1.1753251263266327,586.13,0
REG-01082,09-28-2025 12:00,Linha C,Manhã,M07,11,764.25,C,5.356,bar,2.964,37.35,46.31,3481,44.63,0,0.711,513.23,B07,-0.9744208211297134,506.64,0
REG-01083,2025-09-28 18:00:00,Linha C,N,M02,9,785.03,C,6.394,bar,2.882,,54.79,3619,42.51,2,2.623,540.67,C99,-0.1211481412946626,537.27,0
REG-01084,29/09/2025 00:00,Linha C,Manhã,M02,9,756.37,C,5.227,bar,2.013,43.66,44.83,1777,44.67,2,1.233,480.91,X00,-0.5688163816575398,481.6,0
REG-01085,09-29-2025 06:00,B,MANHA,M07,14,773.79,C,5.426,bar,2.919,34.34,65.61,4345,58.42,1,1.278,564.47,X00,0.41724988383238715,573.57,0
REG-01086,2025-09-29 12:00:00,C,N,M08,7,750.03,C,5.446,bar,,44.24,48.59,4093,36.64,1,2.068,548.93,C99,0.09407471754184488,1433.6460000000002,0
REG-01087,29/09/2025 18:00,L-C,,M02,4,1401.86,F,5.922,bar,1.926,38.31,62.85,2640,30.53,0,2.379,457.7,C99,0.6779685553698392,453.72,0
REG-01088,09-30-2025 00:00,B,Matutino,M06,3,770.92,C,5.719,bar,1.548,47.76,39.05,3764,43.78,0,2.015,504.47,B07,1.8438046145243843,490.12,0
REG-01089,2025-09-30 06:00:00,B,manha,M03,5,776.41,C,5.86,bar,2.468,40.42,33.32,4812,5.0,0,2.256,499.06,C99,0.397852473006747,483.2,0
REG-01090,30/09/2025 12:00,linha_A,noite,M06,10,743.96,C,4.682,bar,2.078,36.94,52.25,3331,39.76,0,2.146,468.41,B07,-0.5766796386342469,1269.027,0
REG-01091,09-30-2025 18:00,L-B,N,M04,8,1479.82,F,6.778,bar,1.829,42.34,36.18,1638,30.78,1,2.762,492.44,X00,0.4610690275555554,492.5,0
REG-01092,2025-10-01 00:00:00,L-A,Tarde,M02,7,747.48,C,4.927,bar,2.26,37.88,73.22,2187,57.84,0,2.667,557.0,X00,1.9451392467373763,535.02,0
REG-01093,01/10/2025 06:00,linha a,Manhã,M03,8,747.22,C,4.763,bar,2.461,47.71,36.64,1577,39.31,1,1.848,487.37,B07,0.6563402638289583,480.72,0
REG-01094,10-01-2025 12:00,Linha B,Manhã,M05,15,774.76,C,6.605,bar,2.795,42.0,42.55,2192,46.27,0,2.55,480.19,C99,0.9456936090599898,478.29,0
REG-01095,2025-10-01 18:00:00,linha_A,manha,M07,15,790.84,C,95.557,psi,3.177,41.32,59.96,4539,52.42,1,3.674,577.19,A12,-1.593576449898219,576.9,0
REG-01096,02/10/2025 00:00,A,N,M01,3,755.39,C,5.562,bar,1.71,44.66,47.96,1596,31.46,1,1.367,474.16,B07,0.38687859895737553,468.27,0
REG-01097,10-02-2025 06:00,Linha C,Manhã,M08,2,731.01,C,4.94,bar,1.583,37.48,36.78,4545,32.57,0,2.203,511.22,X00,-0.2680177499256537,491.78,0
REG-01098,2025-10-02 12:00:00,C,manha,M06,4,733.09,C,71.974,psi,2.088,36.2,79.48,1997,40.97,1,2.355,510.06,C99,-0.6801248620724167,497.12,0
REG-01099,02/10/2025 18:00,Linha A,noite,M08,13,792.86,C,6.341,bar,2.892,43.84,42.98,2895,45.54,1,1.733,555.76,C99,-0.0223173272589282,546.12,0
REG-01100,10-03-2025 00:00,linha_A,Noite,M08,7,712.38,C,4.167,bar,3.075,37.05,52.64,3019,38.25,1,3.375,517.71,A12,0.10863398129714882,"497,54",0
REG-01101,2025-10-03 06:00:00,A,NOITE,M02,13,744.95,C,71.857,psi,3.41,37.05,52.49,1328,38.48,2,3.735,515.77,X00,-0.624391901991972,497.15,0
REG-01102,03/10/2025 12:00,L-C,TARDE,M01,10,805.16,C,7.008,bar,2.437,45.77,63.52,1572,33.15,0,2.174,538.62,X00,0.18846376020872843,528.03,0
REG-01103,10-03-2025 18:00,,Tarde,M07,9,766.64,C,5.819,bar,2.713,44.36,60.55,2081,46.53,1,2.694,567.77,B07,-0.17348709779888655,"537,50",0
REG-01104,2025-10-04 00:00:00,Linha A,tarde,M02,5,748.09,C,5.009,bar,2.206,36.36,45.08,1051,44.68,0,1.788,491.11,X00,0.702438874516117,485.8,0
REG-01105,04/10/2025 06:00,L-C,M,M02,6,1368.04,F,65.298,psi,2.827,39.21,51.09,3967,25.06,1,4.033,517.28,C99,0.22757484082057314,"500,98",0
REG-01106,10-04-2025 12:00,,tarde,M04,3,769.21,C,5.828,bar,1.62,37.93,52.28,3094,47.72,0,1.17,488.81,B07,0.3759233588492973,484.69,0
REG-01107,2025-10-04 18:00:00,linha a,Vespertino,M08,8,783.23,C,6.125,bar,2.885,49.99,63.99,4353,53.77,1,2.319,602.09,B07,0.9793879686866628,586.08,0
REG-01108,05/10/2025 00:00,L-C,Vespertino,M07,5,789.11,C,5.712,bar,2.169,46.08,40.98,4425,52.7,0,1.707,549.84,C99,0.5549558598392129,543.67,0
REG-01109,10-05-2025 06:00,linha a,N,M05,5,769.99,C,86.696,psi,,40.11,79.22,2260,44.6,1,1.448,511.86,B07,-0.0060843926091290286,500.66,0
REG-01110,2025-10-05 12:00:00,,N,M02,1,753.28,C,81.749,psi,2.211,44.59,45.89,4231,43.84,0,2.847,540.08,C99,-2.0869249500164,513.26,0
REG-01111,05/10/2025 18:00,L-B,M,M03,12,1448.9,F,7.2,bar,3.149,35.9,54.9,1057,75.62,0,2.88,531.31,A12,0.5137279937950102,515.96,0
REG-01112,10-06-2025 00:00,Linha B,T,M06,15,,C,5.766,bar,3.332,38.97,41.08,2604,49.38,1,2.985,563.53,B07,-0.9119233022570424,551.44,0
REG-01113,2025-10-06 06:00:00,linha c,M,M02,8,,C,61.546,psi,2.768,42.47,39.42,3596,32.05,0,2.113,499.49,C99,-0.08623782470029304,498.22,0
REG-01114,06/10/2025 12:00,Linha C,T,M05,9,724.32,C,4.041,bar,2.589,44.04,44.51,2758,27.39,3,3.779,516.77,X00,0.3710469852597794,507.65,0
REG-01115,10-06-2025 18:00,L-A,Matutino,M01,14,726.83,C,4.578,bar,4.076,41.56,43.35,3905,72.87,0,2.818,555.83,B07,1.3330290237912121,555.56,0
REG-01116,2025-10-07 00:00:00,linha a,manha,M03,8,738.86,C,4.937,bar,2.575,43.12,,4406,65.83,0,1.51,548.02,C99,1.842322801450222,532.93,0
REG-01117,07/10/2025 06:00,L-C,NOITE,M02,10,729.8,C,4.31,bar,2.617,42.35,43.25,2580,35.9,0,2.948,440.09,B07,-0.9212182868714152,426.79,0
REG-01118,10-07-2025 12:00,A,tarde,M06,7,773.64,C,5.848,bar,2.203,41.26,63.35,1952,34.67,0,1.962,450.57,X00,-1.315862876362464,445.33,0
REG-01119,2025-10-07 18:00:00,Linha C,N,M08,8,729.41,C,3.89,bar,1.994,40.67,45.6,3249,40.71,1,2.903,501.73,B07,0.32571716918682486,481.21,0
REG-01120,08/10/2025 00:00,linha_B,Matutino,M02,8,716.41,C,4.517,bar,2.79,40.08,44.27,4447,59.29,0,3.825,534.66,C99,0.24242775403789432,514.75,0
REG-01121,10-08-2025 06:00,L-A,manha,M07,11,736.21,C,4.517,bar,2.561,43.04,50.28,4946,32.75,2,3.385,550.36,B07,-1.2018758779241003,541.05,0
REG-01122,2025-10-08 12:00:00,linha c,Tarde,M06,10,747.51,C,74.159,psi,3.294,43.85,66.91,4225,23.4,2,3.715,551.87,B07,-0.01660300193008339,539.25,0
REG-01123,08/10/2025 18:00,linha_A,MANHA,M08,8,,C,4.524,bar,1.958,42.89,57.58,1828,70.61,1,1.518,524.44,C99,0.5975409457467562,521.33,0
REG-01124,10-09-2025 00:00,L-B,manha,M08,2,1472.63,F,6.507,bar,1.817,36.7,53.8,1662,41.15,0,3.789,523.65,C99,-1.230151722178926,518.06,0
REG-01125,2025-10-09 06:00:00,linha_B,NOITE,M01,14,1417.92,F,5.701,bar,3.838,37.5,37.8,3206,57.25,1,3.673,532.92,C99,-0.9945853921309115,533.54,0
REG-01126,09/10/2025 12:00,Linha B,manha,M06,14,1451.94,F,6.362,bar,2.351,43.79,41.29,2489,49.34,2,2.319,541.01,X00,-0.6441599353622527,536.78,0
REG-01127,10-09-2025 18:00,,MANHA,M05,3,772.66,C,6.048,bar,2.798,48.62,39.66,3366,44.19,0,0.725,521.87,C99,-0.21226024900341672,514.98,0
REG-01128,2025-10-10 00:00:00,Linha B,Tarde,M01,5,785.24,C,6.761,bar,1.959,42.69,70.68,4677,22.83,0,1.24,525.08,X00,0.6939715057754653,530.41,0
REG-01129,10/10/2025 06:00,C,,M03,15,740.96,C,5.185,bar,3.513,40.15,61.37,3106,42.91,0,2.444,519.25,B07,-0.3264806735752573,507.03,0
REG-01130,10-10-2025 12:00,L-C,tarde,M08,5,754.94,C,5.685,bar,13.86988847284636,,44.66,2293,42.26,1,3.382,521.98,C99,0.0553168260245045,506.21,0
REG-01131,2025-10-10 18:00:00,linha_B,Vespertino,M05,13,772.23,C,6.373,bar,3.517,36.88,48.23,4450,23.35,1,2.312,494.87,B07,2.2461778302399584,487.61,0
REG-01132,11/10/2025 00:00,linha_A,Noite,M03,12,766.06,C,,psi,3.183,47.89,45.1,2644,45.77,1,1.512,488.18,C99,-0.9563102826787476,502.22,0
REG-01133,10-11-2025 06:00,B,manha,M03,13,768.75,C,83.391,psi,3.639,42.84,44.37,3341,46.23,1,1.75,566.52,A12,-0.6529933973012879,560.14,0
REG-01134,2025-10-11 12:00:00,L-C,,M07,1,1362.19,F,5.223,bar,1.864,38.99,60.52,1368,32.57,0,1.484,401.77,X00,0.6780888742909135,406.82,0
REG-01135,11/10/2025 18:00,,NOITE,M03,8,780.85,C,94.292,psi,3.332,41.25,51.55,2933,37.99,0,3.017,541.51,C99,0.9880431911327604,538.31,0
REG-01136,10-12-2025 00:00,Linha B,NOITE,M02,9,788.68,C,6.587,bar,2.905,39.63,79.97,2590,33.85,1,2.555,541.18,C99,0.41480087364599477,521.74,0
REG-01137,2025-10-12 06:00:00,Linha B,Tarde,M05,13,777.93,C,5.529,bar,,47.9,70.0,1316,28.74,0,4.084,441.48,X00,1.8089675687653344,454.14,0
REG-01138,12/10/2025 12:00,Linha A,tarde,M08,4,770.62,C,5.524,bar,2.425,41.09,70.71,1688,41.54,0,2.136,463.31,B07,0.31745593487198925,462.9,0
REG-01139,10-12-2025 18:00,L-B,M,M02,5,771.49,C,5.749,bar,1.337,42.7,63.06,3753,37.4,1,2.428,570.91,B07,-1.9761036835098071,555.94,0
REG-01140,2025-10-13 00:00:00,A,manha,M03,3,739.38,C,5.154,bar,3.065,44.58,49.93,1558,22.1,1,2.584,495.59,C99,0.09699568744735897,493.8,0
REG-01141,13/10/2025 06:00,L-C,,M04,12,744.27,C,,bar,2.802,38.67,62.17,1354,50.15,0,1.589,481.57,X00,-0.5709836240975095,480.59,0
REG-01142,10-13-2025 12:00,Linha C,Noturno,M-erro,15,739.82,C,76.762,psi,4.123,42.87,50.81,1041,49.46,0,2.451,514.16,B07,1.3838117488556092,490.55,0
REG-01143,2025-10-13 18:00:00,linha_C,manha,M06,3,725.99,C,4.94,bar,1.902,43.23,74.56,911,33.07,0,1.907,437.84,A12,0.964624064215027,428.39,0
REG-01144,14/10/2025 00:00,L-A,NOITE,M03,4,1352.82,F,5.133,bar,2.497,35.01,59.85,2624,13.92,1,3.35,479.6,A12,-1.5896907764606103,465.15,0
REG-01145,10-14-2025 06:00,linha_A,Matutino,M02,5,-50.0,F,5.578,bar,1.84,43.14,58.15,2851,49.19,1,1.926,512.25,C99,1.3503180635875418,500.78,0
REG-01146,2025-10-14 12:00:00,L-B,NOITE,M03,14,791.21,C,6.073,bar,3.602,41.79,56.52,3422,37.0,1,3.667,537.48,A12,0.9393677687987464,528.26,0
REG-01147,14/10/2025 18:00,linha c,N,M08,7,738.5,C,5.024,bar,2.296,42.58,75.88,3204,44.16,0,2.523,556.03,C99,-0.32446212910082745,537.85,0
REG-01148,10-15-2025 00:00,L-B,MANHA,M08,5,818.37,C,7.039,bar,2.861,42.16,37.79,3054,31.3,1,3.435,542.72,X00,-0.07844189436572595,519.68,0
REG-01149,2025-10-15 06:00:00,L-C,manha,M05,5,758.94,C,70.939,psi,2.347,43.17,77.06,4996,36.34,0,0.893,488.11,C99,1.3921770411365206,"494,16",0
REG-01150,15/10/2025 12:00,Linha A,,M04,9,1433.26,F,5.954,bar,3.091,48.02,52.77,1849,59.63,2,2.671,522.9,A12,-1.9715119157749532,515.45,0
REG-01151,10-15-2025 18:00,Linha C,Noturno,M07,6,765.31,C,6.123,bar,1.306,36.69,38.13,3791,48.58,1,1.478,541.75,C99,0.4453980050396956,534.09,0
REG-01152,2025-10-16 00:00:00,L-A,manha,M02,3,788.35,C,6.512,bar,1.851,40.46,45.97,1134,52.16,1,3.069,493.84,B07,1.093409635125033,489.93,0
REG-01153,16/10/2025 06:00,Linha A,TARDE,M06,13,,C,6.021,bar,3.375,45.0,35.19,4364,54.56,0,1.757,567.63,A12,-0.08871303071203462,551.51,1
REG-01154,10-16-2025 12:00,Linha B,Vespertino,M06,7,739.91,C,4.959,bar,2.511,44.16,62.84,2323,48.15,0,2.814,465.05,A12,0.6479098131417899,456.15,0
REG-01155,2025-10-16 18:00:00,Linha A,N,M06,4,754.97,C,6.206,bar,2.453,44.07,42.54,2254,18.43,2,3.24,524.78,C99,0.1031545365578235,501.85,0
REG-01156,17/10/2025 00:00,L-A,Tarde,M02,11,778.05,C,6.104,bar,2.765,54.39,57.02,1367,44.39,0,2.259,479.9,C99,-0.7840392697119178,464.13,0
REG-01157,10-17-2025 06:00,linha_A,tarde,M06,12,770.73,C,84.553,psi,3.082,44.76,,2937,46.7,0,2.495,533.21,B07,-0.8090300174142527,514.57,0
REG-01158,2025-10-17 12:00:00,B,Noturno,M05,3,1446.73,F,84.571,psi,2.422,47.09,46.94,2478,53.28,0,2.634,504.57,X00,0.7119292673791109,506.57,0
REG-01159,17/10/2025 18:00,Linha C,Matutino,M08,2,766.78,C,88.357,psi,0.735,40.62,51.78,4891,31.33,1,3.011,559.43,C99,-0.6357067255381511,557.52,0
REG-01160,10-18-2025 00:00,A,NOITE,M02,1,1417.78,F,81.52,psi,1.895,37.53,39.36,1547,39.38,2,2.171,506.33,X00,-1.5245809383957594,504.55,0
REG-01161,2025-10-18 06:00:00,B,Manhã,M05,12,787.38,C,6.095,bar,2.91,40.59,50.34,2553,52.11,3,3.305,623.13,A12,0.12239869172149931,603.5,0
REG-01162,18/10/2025 12:00,C,tarde,M07,10,739.09,C,5.321,bar,2.389,45.2,85.89,4580,60.89,0,2.382,557.53,B07,-0.5130814209685131,556.91,0
REG-01163,10-18-2025 18:00,A,Noturno,M03,12,743.28,C,78.377,psi,3.211,43.83,64.34,4190,47.8,0,2.017,559.61,A12,-1.1991081252397104,558.74,0
REG-01164,2025-10-19 00:00:00,A,TARDE,M06,10,797.05,C,101.64,psi,"3,352",43.81,51.82,4010,56.93,1,2.254,566.38,B07,0.07174743306788707,566.84,0
REG-01165,19/10/2025 06:00,linha c,NOITE,M01,7,752.82,C,74.807,psi,2.878,41.04,47.66,3009,22.94,2,3.212,538.07,X00,0.7672767400869959,508.42,0
REG-01166,10-19-2025 12:00,linha_C,manha,M06,9,731.78,C,4.636,bar,"2,609",40.32,54.49,4467,26.43,0,2.003,524.32,B07,0.02015006419141846,"517,69",0
REG-01167,2025-10-19 18:00:00,B,tarde,M05,11,774.81,C,85.913,psi,3.324,41.19,56.56,1740,20.8,1,2.832,507.9,B07,-1.066240856065749,496.22,0
REG-01168,20/10/2025 00:00,linha c,tarde,M02,6,744.32,C,76.919,psi,2.671,45.26,49.97,4200,51.63,0,2.587,539.38,A12,0.4818035624035518,540.4,0
REG-01169,10-20-2025 06:00,Linha A,Vespertino,M01,14,755.24,C,5.901,bar,3.281,45.78,61.36,3237,59.88,0,2.812,543.91,B07,1.0351563820764538,528.31,0
REG-01170,2025-10-20 12:00:00,L-A,T,M06,14,1372.83,F,5.176,bar,3.008,37.47,43.56,2269,62.56,3,2.416,549.43,A12,2.2130341632969217,555.29,0
REG-01171,20/10/2025 18:00,linha b,Matutino,M02,13,1374.79,F,5.771,bar,"2,904",45.43,43.5,1715,42.47,3,2.141,550.72,A12,1.4418440302656836,550.29,0
REG-01172,10-21-2025 00:00,linha a,Manhã,M04,15,751.49,C,-3.0,psi,3.827,39.07,59.44,2990,46.24,1,2.915,560.0,A12,-1.0053583901986916,557.49,0
REG-01173,2025-10-21 06:00:00,B,MANHA,M01,6,762.33,C,5.488,bar,2.261,44.11,40.98,812,40.75,1,1.509,473.78,C99,0.858082738094596,465.06,0
REG-01174,21/10/2025 12:00,B,Tarde,M08,2,805.93,C,7.168,bar,1.289,41.14,63.75,3801,54.72,0,2.071,524.43,C99,0.2565239206575975,522.93,0
REG-01175,10-21-2025 18:00,linha_B,M,M05,8,778.28,C,6.645,bar,1.782,49.05,54.83,1790,64.93,1,3.442,532.85,C99,-1.1520991608692803,512.96,0
REG-01176,2025-10-22 00:00:00,B,Noturno,M08,12,1446.4,F,6.973,bar,3.434,40.12,33.07,2434,58.93,2,2.306,593.92,A12,0.28379521182197043,581.18,0
REG-01177,22/10/2025 06:00,L-A,TARDE,M02,12,754.62,C,5.754,bar,2.814,42.8,56.31,1611,53.37,0,1.299,478.98,X00,1.9186766979070913,477.34,0
REG-01178,10-22-2025 12:00,L-A,M,M02,6,752.82,C,5.294,bar,"2,429",,34.78,2754,58.22,1,1.877,564.22,C99,1.1958642107191713,548.02,0
REG-01179,2025-10-22 18:00:00,linha_A,noite,M05,5,769.5,C,5.709,bar,2.708,38.07,63.32,2357,37.93,0,2.622,505.41,C99,-1.0134498062366384,501.04,0
REG-01180,23/10/2025 00:00,Linha B,Noite,M05,7,793.89,C,97.442,psi,1.821,41.67,52.02,1588,38.71,1,1.114,487.18,X00,0.01371721688493822,484.63,0
REG-01181,10-23-2025 06:00,linha a,Manhã,M07,13,1387.96,F,5.885,bar,3.17,40.8,77.21,4532,49.05,0,3.009,588.74,B07,0.49167443030684665,"572,98",0
REG-01182,2025-10-23 12:00:00,L-A,M,M08,1,774.42,C,6.085,bar,1.553,39.69,67.86,3989,24.46,1,1.312,458.91,C99,-1.7299036016391465,471.46,0
REG-01183,23/10/2025 18:00,Linha A,MANHA,M07,5,755.14,C,5.513,bar,2.321,40.02,42.27,2428,38.9,1,2.15,549.45,A12,-1.695437763689586,"535,54",0
REG-01184,10-24-2025 00:00,A,manha,M02,4,769.27,C,84.066,psi,2.578,47.0,,1042,26.39,0,1.209,460.91,B07,0.15462784410866132,459.72,0
REG-01185,2025-10-24 06:00:00,C,N,M03,13,742.18,C,4.851,bar,2.592,39.31,,4349,62.9,1,3.851,513.5,B07,0.1676750499340186,511.55,0
REG-01186,24/10/2025 12:00,linha_A,NOITE,M08,8,1346.67,F,4.554,bar,2.796,44.55,40.34,3727,51.12,0,2.924,573.87,A12,-1.8388189334627523,549.96,0
REG-01187,10-24-2025 18:00,,Manhã,M05,2,747.83,C,5.182,bar,2.224,43.42,76.91,3133,54.55,0,1.605,538.77,C99,0.387973525707626,535.0,0
REG-01188,2025-10-25 00:00:00,Linha A,Noite,M07,4,776.06,C,6.583,bar,1.936,35.71,54.88,3339,20.25,0,1.676,485.14,A12,1.086962703498417,"470,44",0
REG-01189,25/10/2025 06:00,linha b,M,M05,1,1442.04,F,6.117,bar,1.568,44.34,66.2,831,59.02,1,2.325,494.84,X00,-0.21830166885451202,485.33,0
REG-01190,10-25-2025 12:00,L-B,tarde,M01,8,793.6,C,6.526,bar,2.728,35.64,51.58,2790,25.73,0,2.721,463.01,A12,0.05981178619117832,453.15,0
REG-01191,2025-10-25 18:00:00,Linha A,NOITE,M04,15,756.73,C,5.099,bar,3.605,44.83,52.84,1592,38.62,2,2.801,566.51,A12,0.5714117166842468,560.11,0
REG-01192,26/10/2025 00:00,C,Tarde,M07,9,741.48,C,5.195,bar,2.932,39.72,54.61,3535,38.35,2,2.744,513.73,B07,0.4390292762940552,508.52,0
REG-01193,10-26-2025 06:00,linha_C,Matutino,M06,14,752.93,C,83.633,psi,3.573,42.04,68.28,4711,67.49,0,1.409,561.68,B07,-1.6686225021652166,541.34,1
REG-01194,2025-10-26 12:00:00,linha_C,Tarde,M02,12,763.68,C,6.179,bar,2.618,36.18,58.74,3029,52.11,1,1.478,555.45,C99,-0.9051211921136186,539.9,0
REG-01195,26/10/2025 18:00,linha_A,Noite,M02,14,752.9,C,5.358,bar,3.766,42.55,42.31,3337,48.87,2,3.12,517.11,C99,-0.3958534361886095,513.41,0
REG-01196,10-27-2025 00:00,Linha A,manha,M07,5,774.97,C,6.15,bar,2.675,46.17,74.47,3603,31.49,2,1.694,507.68,C99,-0.8608270507861857,508.43,0
REG-01197,2025-10-27 06:00:00,Linha B,Matutino,M08,15,757.11,C,5.36,bar,"3,534",38.37,51.49,4704,36.49,2,2.921,577.56,C99,1.466968497977134,573.63,0
REG-01198,27/10/2025 12:00,Linha A,manha,M07,4,1372.09,F,5.22,bar,1.348,39.27,49.53,960,53.39,1,2.36,512.39,X00,0.6344759382673829,497.08,0
REG-01199,10-27-2025 18:00,L-B,T,M01,7,1499.82,F,,bar,2.358,44.05,21.05,2102,52.98,0,3.114,529.8,C99,-1.1097254057965993,512.68,0
REG-01178,10-22-2025 12:00,L-A,M,M02,6,752.82,C,5.294,bar,"2,429",,34.78,2754,58.22,1,1.877,564.22,C99,1.1958642107191713,548.02,0
REG-00865,05/08/2025 06:00,Linha C,Noturno,M04,15,1393.93,F,5.57,bar,3.436,42.96,49.56,2135,50.14,4,2.336,581.28,C99,-1.1365664917078266,571.97,0
REG-00101,01-26-2025 06:00,Linha B,T,M06,14,773.38,C,5.85,bar,2.64,40.33,52.86,4592,45.15,1,1.601,558.32,X00,-0.6415284427359669,565.81,0
REG-00439,20/04/2025 18:00,linha b,NOITE,M08,5,744.95,C,4.742,bar,2.065,42.73,49.24,2674,43.94,0,1.421,506.77,B07,0.001305867904248801,496.06,0
REG-00058,15/01/2025 12:00,linha_A,Tarde,M03,10,757.05,C,5.329,bar,3.387,48.95,52.98,2463,57.73,1,2.711,566.82,A12,-0.653796659903744,549.59,0
REG-01120,08/10/2025 00:00,linha_B,Matutino,M02,8,716.41,C,4.517,bar,2.79,40.08,44.27,4447,59.29,0,3.825,534.66,C99,0.24242775403789432,514.75,0
REG-00323,03-22-2025 18:00,linha_B,Noturno,M06,15,777.95,C,,bar,3.211,47.28,46.13,1747,39.64,2,2.39,561.37,A12,0.7150223836665484,540.05,0
REG-00974,09-01-2025 12:00,A,Vespertino,M04,5,1471.41,F,106.227,psi,1.677,47.47,46.77,4337,5.0,0,4.084,469.64,C99,0.3489708595380674,463.42,0
REG-00411,2025-04-13 18:00:00,linha b,NOITE,M02,7,1391.73,F,5.843,bar,2.214,43.89,47.05,2096,49.39,0,2.765,483.28,X00,-0.30997027179222764,477.33,0
REG-00855,2025-08-02 18:00:00,linha b,tarde,M02,14,775.38,C,84.72,psi,4.252,44.07,53.33,4606,52.34,1,3.538,574.24,B07,1.2184899218032264,575.93,0
REG-00820,25/07/2025 00:00,A,,M01,12,770.73,C,5.509,bar,3.863,39.57,50.37,3840,52.7,1,1.551,582.51,X00,1.67782689138792,566.02,0
REG-00044,01-12-2025 00:00,linha c,Tarde,M07,9,768.92,C,84.561,psi,2.486,41.59,45.11,2867,38.65,1,1.827,490.99,A12,0.31662379292629717,485.49,1
REG-00049,13/01/2025 06:00,Linha A,noite,M08,5,793.18,C,6.624,bar,2.7,45.48,54.85,2026,32.53,1,4.0,476.85,X00,0.6707268128673335,473.44,0
REG-00849,2025-08-01 06:00:00,linha c,manha,M08,3,760.44,C,5.691,bar,1.605,37.8,60.63,3064,48.75,0,1.273,515.04,X00,-0.02889140565462234,502.97,0
REG-00240,2025-03-02 00:00:00,L-C,M,M03,10,1362.96,F,4.911,bar,2.053,42.66,50.77,1502,41.24,0,3.48,447.05,C99,0.5093459668615934,453.19,0
REG-00170,02-12-2025 12:00,linha_A,Matutino,M07,9,733.17,C,4.774,bar,3.02,40.22,53.59,1561,40.61,0,2.518,446.25,A12,0.031292303612764895,452.8,0
REG-00523,11/05/2025 18:00,Linha B,Vespertino,M04,11,782.87,C,6.121,bar,3.569,43.08,61.31,3827,30.61,0,2.028,505.78,B07,-0.7841241436436474,506.95,0
REG-00765,2025-07-11 06:00:00,A,MANHA,M06,14,1308.73,F,55.004,psi,2.637,45.83,51.75,1742,60.45,1,2.814,520.87,B07,-1.5152734796940641,510.57,0
REG-00838,29/07/2025 12:00,linha_A,Vespertino,M01,1,749.51,C,5.125,bar,1.601,40.22,60.65,2551,59.99,0,1.419,523.38,A12,-0.6792073493912418,511.62,0
REG-00423,2025-04-16 18:00:00,linha_A,Matutino,M07,11,781.65,C,6.314,bar,2.944,41.12,61.64,818,53.7,2,3.65,499.87,C99,0.20027440007198594,490.36,0
REG-00380,04-06-2025 00:00,L-B,Noturno,M07,5,756.37,C,,psi,1.587,,69.0,2743,44.64,1,1.265,542.18,A12,-0.17051810324470135,529.87,0
REG-00609,2025-06-02 06:00:00,Linha B,Manhã,M06,11,771.41,C,6.412,bar,3.425,49.28,63.28,3566,50.36,0,2.812,575.57,B07,1.1855433372609887,568.4,0
REG-00676,19/06/2025 00:00,C,Matutino,M03,13,753.37,C,4.735,bar,3.544,41.28,49.62,3167,34.58,0,0.766,556.52,A12,-0.14739557432084088,545.88,0
REG-00344,03-28-2025 00:00,C,Vespertino,M06,3,1353.44,F,,psi,1.637,43.58,,3245,47.79,0,2.739,500.06,C99,0.6344248316912947,482.82,0
REG-00109,28/01/2025 06:00,Linha C,noite,M05,10,787.4,C,88.39,psi,3.024,42.51,61.37,988,32.26,3,3.81,510.21,C99,0.37698927076568955,511.77,0
REG-00277,11/03/2025 06:00,?,Noturno,M01,12,1461.2,F,6.283,bar,2.961,43.72,52.57,4420,60.34,2,3.628,558.67,X00,-0.03283532019120811,"556,41",0
REG-00677,06-19-2025 06:00,Linha B,Matutino,M06,5,754.94,C,5.058,bar,2.697,40.17,72.11,1535,46.92,0,1.49,456.65,X00,2.5013452296464025,455.23,0
REG-00570,2025-05-23 12:00:00,A,Tarde,M07,13,753.27,C,4.967,bar,3.159,43.1,53.08,3272,44.97,0,1.11,528.65,C99,0.960160108924635,522.42,0
REG-00358,31/03/2025 12:00,linha_B,T,M02,1,762.98,C,6.023,bar,1.575,-20.0,53.58,2281,52.24,1,2.27,510.75,X00,-0.2713159011611296,"506,21",0
REG-00598,30/05/2025 12:00,Linha C,T,M08,2,741.44,C,4.934,bar,0.893,38.75,67.74,3759,59.48,0,2.314,524.74,C99,0.00852428327012511,517.23,0
REG-00390,2025-04-08 12:00:00,B,Manhã,M06,12,744.29,C,5.34,bar,2.267,33.73,52.41,1834,49.94,2,1.753,526.74,B07,0.003218375537777873,"522,57",0
REG-00893,08-12-2025 06:00,L-A,MANHA,M02,11,724.44,C,4.598,bar,,34.42,49.69,1173,54.67,1,2.428,485.2,A12,0.2886801448094544,479.57,0
REG-00692,06-23-2025 00:00,L-A,T,M02,13,788.2,C,5.966,bar,3.471,,24.6,2959,51.37,1,2.099,541.95,A12,-0.01365111991846189,537.08,0
REG-00727,01/07/2025 18:00,,Noturno,M03,9,1381.03,F,5.165,bar,2.2,38.61,48.85,4733,61.88,3,2.622,557.56,X00,-0.31300581285639156,551.29,0
REG-00362,04-01-2025 12:00,A,Noturno,M03,12,1363.22,F,75.184,psi,3.499,31.32,38.76,2866,54.99,1,1.593,575.7,X00,-0.11212102039942726,562.07,0
